{"scale":{"points_px":[[625.5,2089.4999999999995],[3559.5,2205.4999999999995]],"distance_mm":3,"pixel_size_um":1.0216966757533525},"source_ellipse":{"center_px":[4415.941463414636,1387.731707317073],"width_px":2743.149622152996,"height_px":2539.59071131305,"angle_deg":0},"image":{"reference_file":"00m00s.jpg","width_px":3936,"height_px":2624},"metadata":{"created_by":"MATLAB calibration_tool.m","scale_image":"(DO NOT CELLPOSE).jpg"}}