{
  "scale": {
    "points_px": [
      [
        79.49999999999999,
        1297.4999999999995
      ],
      [
        3361.5,
        1395.4999999999998
      ]
    ],
    "distance_mm": 3,
    "pixel_size_um": 0.9136695546827389
  },
  "source_ellipse": {
    "center_px": [
      4047.3804878048795,
      1362.4878048780479
    ],
    "width_px": 2195.2556814874506,
    "height_px": 2620.5364470087284,
    "angle_deg": 0
  },
  "image": {
    "reference_file": "15m00s.jpg",
    "width_px": 3936,
    "height_px": 2624
  },
  "metadata": {
    "created_by": "MATLAB calibration_tool.m",
    "scale_image": "(DO NOT CELLPOSE).jpg"
  },
  "source_boundary": {
    "type": "freehand_polygon",
    "polygon_x": [
      5145.008328548605,
      5144.461258897364,
      5142.820595274567,
      5140.087973129393,
      5136.266116399024,
      5131.358834793367,
      5125.3710199974485,
      5118.308640795276,
      5110.178737120029,
      5100.989413036498,
      5090.749828662776,
      5079.470191039252,
      5067.161743954017,
      5053.836756734803,
      5039.5085120186595,
      5024.191292511523,
      5007.900366750914,
      4990.651973885919,
      4972.463307489657,
      4953.352498420355,
      4933.338596748106,
      4912.441552765355,
      4890.682197100002,
      4868.082219950992,
      4844.664149467042,
      4820.4513292901,
      4795.467895285889,
      4769.738751484757,
      4743.289545256792,
      4716.14664174597,
      4688.337097588806,
      4659.888633943708,
      4630.829608857924,
      4601.1889889996255,
      4570.996320783302,
      4540.2817009172495,
      4509.075746402523,
      4477.409564013238,
      4445.314719288665,
      4412.823205068015,
      4379.967409599275,
      4346.780084253906,
      4313.294310879558,
      4279.543468823368,
      4245.561201658699,
      4211.381383648495,
      4177.038085978679,
      4142.565542795256,
      4107.998117078967,
      4073.370266391526,
      4038.716508527573,
      4004.071387106585,
      3969.469437139044,
      3934.94515060119,
      3900.532942052665,
      3866.267114331335,
      3832.1818243594744,
      3798.3110490954014,
      3764.6885516645098,
      3731.347847703449,
      3698.3221719510098,
      3665.644445119012,
      3633.3472410762265,
      3601.462754378031,
      3570.02276817418,
      3539.058622526666,
      3508.601183169269,
      3478.6808107399174,
      3449.3273305165476,
      3420.5700026866143,
      3392.4374931799043,
      3364.957845093709,
      3338.158450738858,
      3312.066024334469,
      3286.706575378631,
      3262.105382721572,
      3238.286969367149,
      3215.27507802779,
      3193.0926474572357,
      3171.761789584695,
      3151.303767473192,
      3131.73897412408,
      3113.0869121488586,
      3095.366174328543,
      3078.594425079977,
      3062.7883828475583,
      3047.9638034379277,
      3034.135464314241,
      3021.31714986567,
      3009.521637666826,
      2998.7606857407927,
      2989.0450208384764,
      2980.384327745944,
      2972.78723963042,
      2966.261329434557,
      2960.813102327561,
      2956.447989220699,
      2953.170341353646,
      2950.983425957078,
      2949.8894229958223,
      2949.8894229958223,
      2950.983425957078,
      2953.170341353646,
      2956.4479892206987,
      2960.813102327561,
      2966.261329434557,
      2972.78723963042,
      2980.384327745944,
      2989.0450208384764,
      2998.7606857407927,
      3009.521637666826,
      3021.31714986567,
      3034.135464314241,
      3047.9638034379277,
      3062.7883828475583,
      3078.5944250799776,
      3095.366174328543,
      3113.0869121488586,
      3131.73897412408,
      3151.3037674731913,
      3171.761789584695,
      3193.0926474572357,
      3215.2750780277897,
      3238.286969367149,
      3262.1053827215715,
      3286.706575378631,
      3312.0660243344696,
      3338.158450738858,
      3364.957845093709,
      3392.4374931799043,
      3420.5700026866143,
      3449.3273305165476,
      3478.680810739917,
      3508.6011831692686,
      3539.058622526666,
      3570.0227681741794,
      3601.462754378031,
      3633.347241076226,
      3665.644445119012,
      3698.3221719510098,
      3731.347847703449,
      3764.68855166451,
      3798.311049095401,
      3832.181824359474,
      3866.2671143313355,
      3900.5329420526646,
      3934.94515060119,
      3969.469437139044,
      4004.071387106585,
      4038.7165085275724,
      4073.3702663915255,
      4107.998117078967,
      4142.565542795255,
      4177.038085978679,
      4211.381383648494,
      4245.561201658698,
      4279.543468823368,
      4313.294310879558,
      4346.780084253906,
      4379.967409599275,
      4412.823205068015,
      4445.314719288666,
      4477.409564013238,
      4509.075746402523,
      4540.281700917249,
      4570.996320783302,
      4601.1889889996255,
      4630.829608857924,
      4659.888633943708,
      4688.337097588806,
      4716.14664174597,
      4743.289545256792,
      4769.738751484757,
      4795.467895285889,
      4820.4513292901,
      4844.664149467042,
      4868.082219950991,
      4890.682197100002,
      4912.441552765355,
      4933.338596748106,
      4953.352498420355,
      4972.463307489657,
      4990.651973885919,
      5007.900366750914,
      5024.191292511523,
      5039.5085120186595,
      5053.836756734803,
      5067.161743954017,
      5079.470191039252,
      5090.749828662776,
      5100.989413036498,
      5110.178737120029,
      5118.308640795276,
      5125.3710199974485,
      5131.358834793367,
      5136.266116399024,
      5140.087973129393,
      5142.820595274567,
      5144.461258897364,
      5145.008328548605
    ],