{"scale":{"points_px":[[631.5,2089.4999999999995],[3555.5,2199.4999999999995]],"distance_mm":3,"pixel_size_um":1.0252665485583679},"source_ellipse":{"center_px":[4380.6,1357.439024390244],"width_px":2635.9182932039735,"height_px":2651.9529814325028,"angle_deg":0},"image":{"reference_file":"00m00s.jpg","width_px":3936,"height_px":2624},"metadata":{"created_by":"MATLAB calibration_tool.m","scale_image":"(DO NOT CELLPOSE).jpg"}}