{"scale":{"points_px":[[585.5,1827.4999999999995],[3517.5,1921.4999999999995]],"distance_mm":3,"pixel_size_um":1.0226669234252845},"source_ellipse":{"center_px":[4350.990243902439,1412.9756097560971],"width_px":2650.7213225736218,"height_px":2529.84835395631,"angle_deg":0},"image":{"reference_file":"00m00s.jpg","width_px":3936,"height_px":2624},"metadata":{"created_by":"MATLAB calibration_tool.m","scale_image":"(DO NOT CELLPOSE).jpg"}}