{"scale":{"points_px":[[273.50000000000006,1809.4999999999995],[3195.5,1831.4999999999995]],"distance_mm":3,"pixel_size_um":1.0266649462108761},"source_ellipse":{"center_px":[4232.6961529665,1301.9024390243917],"width_px":2770.4613526035841,"height_px":2549.9440510590207,"angle_deg":0},"image":{"reference_file":"00m00s.jpg","width_px":3936,"height_px":2624},"metadata":{"created_by":"MATLAB calibration_tool.m","scale_image":"(DO NOT CELLPOSE).jpg"}}