{"scale":{"points_px":[[777.5,1059.4999999999995],[3283.5,1039.4999999999995]],"distance_mm":3,"pixel_size_um":1.1970887724302466},"source_boundary":{"polygon_x":[3941.136889498151,3938.3607523378628,3930.5981903489997,3917.8407733898957,3903.0041232061626,3887.7437017674238,3869.2418061897524,3846.6117916954845,3822.9924168455818,3805.8227244958866,3797.5946953326929,3794.3670330364107,3791.0028043998013,3785.1048991575726,3777.6572959643759,3771.7593907221476,3768.3951620855382,3766.070550061243,3762.642253325303,3756.1199423884127,3745.5590012549433,3735.1763223811263,3727.2632520135985,3721.8893701483607,3718.9766666477453,3717.700101377432,3716.2005294874566,3713.9762997808339,3712.1757111335291,3709.7005907305697,3704.937172521657,3697.9772784871097,3689.1165436832725,3681.5825002107422,3677.3932314398126,3674.9181110368531,3672.5433729515653,3671.04380106159,3669.7672357912766,3666.7040239119965,3660.6556102911036,3652.3829669635875,3644.5479067337274,3639.0235164898245,3636.1108129892091,3634.8342477188953,3633.3346758289204,3630.9599377436325,3628.6353257193373,3625.4216054613921,3620.0477235961548,3613.1882118792792,3607.3767469163849,3604.2270947577704,3602.6634547684648,3601.68790625548,3600.0378259868403,3596.6875393885684,3591.4502238636583,3583.3141468764693,3573.4053653186506,3565.2692883314621,3560.0319728065515,3556.6816862082796,3555.03160593964,3553.6045322906616,3550.0172970343906,3543.0797751798473,3533.0706113043566,3521.1466646212393,3509.4874204771095,3498.8260970259676,3490.9910367961083,3486.8017680251792,3484.3266476222198,3481.8014011582677,3479.3262807553078,3475.1370119843787,3467.1514433758539,3456.2671133050508,3445.5193495745752,3436.7087408317307,3430.7467674901718,3428.2716470872124,3427.5191051938891,3425.7185165465853,3421.320183194332,3415.6592266101025,3410.7229278425207,3406.3970927312648,3402.4363424766675,3399.23656425706,3397.5864839884202,3396.1594103394423,3392.271158325842,3384.4360980959818,3374.5273165381636,3366.3912395509738,3361.1539240260631,3357.8036374277913,3356.3040655378159,3356.0030487804866,3355.8525404018219,3354.8769918888374,3352.2653051455509,3348.3909951702881,3343.9787197796977,3338.7553462931241,3333.9194298432144,3331.444309440255,3330.3182525486059,3329.2061376952943,3328.5316059396391,3328.0800808036456,3326.7310172923353,3324.5067875857126,3322.7061989384088,3320.2310785354484,3316.2202022198589,3313.0844920995814,3311.6574184506039,3309.706321424635,3305.0069713150524,3298.1474595981763,3291.5109545009623,3286.574655733381,3283.073860756444,3280.8997571108134,3279.486625500173,3278.5110769871885,3276.55997996122,3271.860629851637,3264.5495929987678,3255.7389842559237,3246.4907924154227,3238.655732185563,3233.8058736973157,3232.0052850500115,3231.7042682926826,3231.7042682926826,3231.553759914018,3230.8792281583624,3229.7671133050508,3229.0925815493952,3228.6410564134017,3227.2919929020909,3224.9172548168035,3222.5926427925087,3219.6799392918933,3216.1066460739594,3213.4949593306728,3212.5194108176884,3212.0678856816949,3210.7188221703841,3208.3440840850963,3206.019472060801,3203.1067685601856,3199.5334753422521,3196.9217885989651,3195.9462400859807,3195.795731707316,3195.4947149499872,3194.1456514386764,3191.9214217320537,3190.5723582207434,3190.271341463414,3190.271341463414,3190.271341463414,3190.271341463414,3190.271341463414,3190.271341463414,3190.271341463414,3190.271341463414,3190.271341463414,3190.271341463414,3190.271341463414,3190.271341463414,3190.271341463414,3190.271341463414,3190.271341463414,3190.271341463414,3190.271341463414,3190.271341463414,3190.5723582207434,3191.9214217320537,3194.1456514386769,3195.6452233286518,3196.6207718416358,3197.7328866949474,3198.7084352079319,3200.2080070979073,3202.5827451831947,3204.90735720749,3207.6695523294411,3210.7188221703836,3212.8929258160147,3214.6070741839844,3216.6306694509503,3219.0054075362377,3220.5049794262131,3221.4805279391976,3222.893659549838,3225.0677631954682,3228.1170330364112,3230.8792281583624,3233.2038401826576,3235.5785782679454,3237.07815015792,3238.0536986709044,3239.4668302815448,3241.640933927175,3244.9912205254473,3248.8014624013804,3252.1517489996522,3254.3258526452828,3255.7389842559237,3256.4135160115793,3256.5640243902435,3256.5640243902435,3256.5640243902435,3256.5640243902435,3256.5640243902435,3256.4135160115788,3255.7389842559237,3254.3258526452828,3252.1517489996522,3248.6509540227157,3243.8651636337986,3238.2042070495695,3233.6553653186511,3231.1802449156917,3229.4660965477219,3227.2919929020909,3223.3396727891609,3216.3797787546137,3206.4069290974653,3197.5238221136237,3192.222438489383,3189.7473180864226,3188.3341864757826,3187.659654720127,3187.5091463414624,3187.5091463414624,3187.5091463414624,3187.2081295841331,3185.8590660728228,3183.6348363661996,3182.2857728548893,3181.9847560975604,3181.9847560975604,3181.8342477188958,3181.1597159632406,3179.7465843525997,3177.7229890856338,3175.1977426216818,3173.1741473547158,3171.4599989867461,3169.4364037197806,3167.0616656344932,3165.7126021231829,3165.2610769871894,3164.5865452315338,3163.4744303782218,3162.7998986225662,3162.6493902439015,3162.6493902439015,3162.6493902439015,3162.3483734865727,3160.9993099752619,3158.6245718899745,3156.1494514870151,3152.7127246094087,3148.2503231578253,3144.0526242452283,3139.9637377919707,3136.5910790136941,3133.7648157924127,3131.7412205254473,3130.3280889148068,3129.6535571591517,3129.5030487804875,3129.2020320231582,3127.8529685118474,3125.6287388052247,3124.2796752939139,3123.9786585365846,3123.9786585365846,3123.9786585365846,3123.9786585365846,3123.82815015792,3123.1536184022648,3122.0415035489527,3121.3669717932976,3121.2164634146329,3121.2164634146329,3121.2164634146329,3121.2164634146334,3121.2164634146334,3121.2164634146329,3121.3669717932976,3122.0415035489532,3123.1536184022648,3123.82815015792,3123.9786585365846,3123.9786585365846,3123.9786585365846,3123.9786585365846,3123.9786585365846,3123.9786585365846,3123.9786585365846,3123.82815015792,3123.1536184022648,3122.0415035489527,3121.0659550359687,3119.4158747673291,3116.5171133050508,3113.7549181830996,3111.4303061588048,3109.055568073517,3107.7065045622066,3107.4054878048778,3107.4054878048778,3107.4054878048778,3107.4054878048778,3107.4054878048778,3107.4054878048778,3107.4054878048778,3107.4054878048778,3107.4054878048778,3107.4054878048778,3107.7065045622066,3109.0555680735174,3111.2797977801406,3112.6288612914509,3112.9298780487798,3112.9298780487798,3113.0803864274444,3113.7549181830996,3114.8670330364107,3115.5415647920659,3115.6920731707305,3115.6920731707305,3115.6920731707305,3115.6920731707305,3115.6920731707305,3115.6920731707305,3115.6920731707305,3115.6920731707305,3115.6920731707305,3115.6920731707305,3115.6920731707305,3115.99308992806,3117.34215343937,3119.5663831459933,3120.9154466573041,3121.3669717932976,3122.342520306282,3124.954207049569,3128.8285170248319,3132.7892672794287,3135.9890454990364,3137.6391257676755,3138.61467428066,3140.0278058913009,3142.0514011582668,3144.4261392435546,3145.9257111335296,3147.2022764038434,3150.2654882831243,3156.1633935253531,3163.6109967185494,3169.8099187181065,3174.2221941086977,3177.5724807069696,3180.047601109929,3182.9603046105449,3186.9851229644723,3192.0719301107179,3198.7084352079323,3205.7184553034722,3211.09233716871,3214.7575825626491,3219.7078233685679,3228.5685581724047,3238.4132716308927,3245.5013018641007,3249.4759941570355,3252.3022573783169,3255.2289029172703,3261.8932920911593,3275.5398172839136,3292.8321339355984,3306.4786591283523,3313.1430483022409,3316.0696938411938,3318.4444319264812,3320.2450205737855,3323.1716661127389,3329.9586795886175,3340.7064433190931,3354.0658937928556,3368.1639441216034,3380.9353031190453,3391.0726031931958,3397.5084738507526,3402.0628274783412,3408.9641653102294,3422.4601821243186,3438.6905099836845,3449.9762391294885,3455.8155881690573,3459.3163831459938,3461.4904867916239,3463.2046351595945,3466.2817890772121,3474.281299724074,