{"scale":{"points_px":[[3201.5,2527.4999999999995],[249.5,2527.4999999999995]],"distance_mm":3,"pixel_size_um":1.0162601626016261},"source_ellipse":{"center_px":[4249.3317073170747,1337.2439024390242],"width_px":2228.9129057920068,"height_px":2418.5129977794882,"angle_deg":0},"image":{"reference_file":"00m00s.jpg","width_px":3936,"height_px":2624},"metadata":{"created_by":"MATLAB calibration_tool.m","scale_image":"(DO NOT CELLPOSE).jpg"}}