{"scale":{"points_px":[[289.50000000000006,1923.4999999999995],[3243.5,1975.4999999999995]],"distance_mm":3,"pixel_size_um":1.0154147922783081},"source_ellipse":{"center_px":[4325.0634146341454,1246.3658536585349],"width_px":2800.6435751666,"height_px":2731.4940177439266,"angle_deg":0},"image":{"reference_file":"00m00s.jpg","width_px":3936,"height_px":2624},"metadata":{"created_by":"MATLAB calibration_tool.m","scale_image":"(DO NOT CELLPOSE).jpg"}}