{"scale":{"points_px":[[625.5,2173.4999999999995],[3571.5,2337.4999999999995]],"distance_mm":3,"pixel_size_um":1.0167556923577421},"source_ellipse":{"center_px":[4234.18536585366,1291.8048780487802],"width_px":2713.4231863762166,"height_px":2741.5379437226325,"angle_deg":0},"image":{"reference_file":"00m00s.jpg","width_px":3936,"height_px":2624},"metadata":{"created_by":"MATLAB calibration_tool.m","scale_image":"(DO NOT CELLPOSE).jpg"}}