{"scale":{"points_px":[[1251.5,1027.4999999999995],[3925.4999999999995,1011.4999999999994]],"distance_mm":3,"pixel_size_um":1.1218946511673078},"source_boundary":{"polygon_x":[3688.4808538038951,3632.4234558066391,3586.8092355590998,3560.9350230785394,3545.811298175814,3538.3859369669344,3534.5701831943315,3530.5453648404045,3525.6090660728232,3519.7976011099281,3514.72473600202,3511.3605073654107,3507.4583133134729,3499.0212195689555,3485.8262195121943,3472.1796943194404,3461.5684969292915,3453.8059349404293,3447.9805279391976,3442.5927040356219,3435.8056905597432,3427.9706303298835,3420.6595934770148,3414.0816445824603,3405.1706535219437,3392.2990424025165,3380.50323191806,3371.4501626205456,3361.6640053647161,3350.4926005749212,3341.9830085894064,3337.4927230611484,3334.042054145204,3329.2061376952943,3324.8078043430423,3322.0316671827532,3319.1189636821373,3315.0941453282094,3309.7063214246346,3301.1187193014521,3288.8853257193377,3276.2143490395692,3266.9522151607307,3260.5888427441705,3254.6268694026121,3249.5540042947032,3245.7382505221003,3240.7155114751831,3233.5912972193209,3228.1950431740779,3224.9172548168035,3222.893659549838,3221.4805279391976,3220.8059961835424,3220.6554878048782,3220.6554878048782,3220.6554878048782,3220.6554878048782,3221.1070129408718,3223.2811165865014,3227.5930096594211,3232.2282916696731,3236.5541267809294,3240.6653854141905,3244.5396953894533,3247.1513821327408,3248.1269306457252,3248.2774390243894,3248.2774390243894,3248.2774390243894,3248.2774390243894,3248.5784557817187,3249.92751929303,3252.1517489996522,3253.5008125109625,3253.9523376469569,3254.6268694026121,3255.7389842559242,3256.4135160115793,3256.8650411475728,3258.3646130375482,3261.2633744998266,3264.0255696217773,3266.3501816460721,3268.7249197313604,3270.0739832426707,3270.3749999999991,3270.3749999999991,3270.3749999999991,3270.3749999999991,3270.3749999999991,3270.3749999999991,3270.5255083786642,3271.2000401343194,3272.3121549876314,3272.9866867432866,3273.1371951219508,3273.1371951219508,3273.43821187928,3274.7872753905913,3277.0115050972136,3278.3605686085239,3278.6615853658532,3278.6615853658532,3278.6615853658532,3278.6615853658532,3278.6615853658532,3278.6615853658532,3278.6615853658532,3278.6615853658532,3278.6615853658532,3278.6615853658532,3278.3605686085239,3277.0115050972136,3274.7872753905904,3273.43821187928,3273.1371951219508,3273.1371951219508,3273.1371951219508,3273.1371951219508,3273.1371951219508,3273.1371951219508,3273.1371951219508,3273.1371951219508,3273.1371951219508,3273.1371951219508,3273.1371951219508,3273.1371951219508,3273.438211879281,3274.9377837692546,3277.8365452315329,3280.7492487321488,3284.1999176480922,3290.1618909896515,3297.9969512195121,3306.2835365853653,3316.2257141165292,3332.3836739305843,3355.3786430858245,3377.3480678627739,3396.6973757547703,3414.131770643452,3427.0675800578965,3436.7812390727277,3445.6559159149028,3453.7279248027617,3460.4284979993063,3465.22823042656,3470.6801224294659,3478.3646742806604,3486.9383343655054,3494.7873366337035,3503.4529488945536,3515.6362164156735,3530.2944741440679,3540.827661396549,3545.3179469248071,3546.745020573785,3548.696117599754,3552.9439425733426,3560.0374847032217,3573.6061299539952,3594.6276299032615,3612.2796497106219,3624.15055208775,3634.9346300365678,3647.4327261576682,3657.4418900331584,3664.5578043430405,3672.9948980875588,3683.8792281583619,3694.6269918888383,3703.889125767676,3712.3262195121933,3720.9138216353758,3730.6999788912062,3742.1863424766671,3753.9821529611245,3763.96894465661,3770.5553236928308,3775.1821755614174,3779.7449593306719,3785.9438813302295,3793.3914845234258,3800.6439651736355,3810.5305047471365,3825.0382540968658,3838.3977045706279,3849.1872944161159,3861.6352644762246,3874.306241155994,3883.6548153141666,3890.3693305490478,3896.1306694509494,3902.0926427925087,3907.9180497937396,3914.6549372086256,3923.3651636337972,3931.2002238636578,3936.5880477672335,3941.3654080144834,3947.80127867204,3957.2640469905355,3968.622274377336,3980.2452043031244,3989.0558130459694,3994.4436369495443,3997.7939235478161,3999.2934954377915,3999.59451219512,3999.59451219512,3999.59451219512,3999.59451219512,4000.0460373311134,4002.2201409767449,4006.9835591856581,4013.6424364628756,4021.7561412700607,4030.366115573248,4040.3529072687334,4049.6735973502318,4055.3484959727984,4057.2995929987674,4057.6006097560958,4057.2995929987674,4055.04747921547,4047.8730087029271,4035.6535571591512,4023.9581289923653,4018.0462817117996,4017.444248197141,4020.2064433190926,4025.1288000483373,4029.9647164982462,4032.2893285225418,4032.7408536585353,4032.439836901206,4031.0907733898957,4028.7160353046083,4026.2409149016485,4022.5031712667123,4016.691706303819,4010.1192693059347,4004.0067875857121,3997.7159134101485,3987.3192924979949,3971.8444247769485,3955.0760013065674,3937.5775383185546,3924.29609798246,3918.3062405642268,3916.8791669152488,3916.7286585365846],