{"scale":{"points_px":[[25.500000000000004,1413.4999999999995],[3849.5,1545.4999999999995]],"distance_mm":4,"pixel_size_um":1.0454024656217347},"source_ellipse":{"center_px":[4414.4043467234687,1564.4390243902435],"width_px":2817.8729889208653,"height_px":2973.8513724444315,"angle_deg":0},"image":{"reference_file":"00m00s.jpg","width_px":3936,"height_px":2624},"metadata":{"created_by":"MATLAB calibration_tool.m","scale_image":"(DO NOT CELLPOSE).jpg"}}