{
  "scale": {
    "points_px": [
      [
        525,
        1044.7083282470703
      ],
      [
        3895,
        1012.2083282470703
      ]
    ],
    "distance_mm": 4,
    "pixel_size_um": 1.1868884281029795
  },
  "source_ellipse": {
    "center_px": [
      4100,
      1309
    ],
    "width_px": 2520,
    "height_px": 2450,
    "angle_deg": 0
  },
  "image": {
    "reference_file": "15m00s.jpg",
    "width_px": 3936,
    "height_px": 2624
  },
  "metadata": {
    "created_by": "calibrate_hydrogel.html"
  }
}