{"scale":{"points_px":[[261.50000000000006,889.49999999999977],[3613.5,915.49999999999977]],"distance_mm":4,"pixel_size_um":1.1932815265162782},"source_boundary":{"polygon_x":[3982.7203247060843,3980.3177025441219,3972.9202254119177,3961.4617459031315,3951.1515652703119,3942.7005294874566,3933.9763610239465,3925.3162606597666,3917.4031902922393,3909.5541880240421,3900.830019560532,3892.4709359536814,3886.508962612123,3884.0338422091636,3883.2813003158408,3881.93223680453,3879.1059735832491,3874.757766291988,3868.2077014741085,3860.3586992059109,3850.8735587074116,3840.9007090502628,3833.7903066370504,3829.0129463898006,3824.4501626205447,3816.8966652130061,3802.6257343255893,3781.991561217299,3760.7746783336725,3742.5877415516675,3729.8024405158885,3720.6128048780474,3712.3262195121938,3704.3406509036695,3697.1021122917969,3689.6906931212561,3680.5289415600896,3671.4953261975838,3664.2567875857117,3658.3449403051459,3652.382966963587,3647.0090850983497,3642.2957929504291,3636.9219110851914,3630.9599377436325,3625.1985988417309,3619.2366255001725,3614.1637603922636,3610.9500401343189,3608.6254281100237,3606.2506900247358,3604.7511181347609,3603.7755696217764,3602.3624380111355,3599.7368092295114,3593.9114022282797,3584.1391870107891,3572.4298168056666,3561.5315446965265,3552.7209359536819,3546.4579458547942,3542.633761940524,3539.9580070979073,3538.4584352079323,3537.0313615589539,3533.4441263026829,3526.9581295841331,3518.67154421828,3509.0358953411155,3498.826097025968,3490.9910367961079,3487.1027847825085,3485.6757111335305,3484.0256308648904,3480.6753442666181,3475.7390454990368,3468.6510152658288,3459.3163831459938,3448.6550596948528,3438.4953874406974,3429.7712189771873,3423.2712802203009,3417.8834563167256,3411.7709745965026,3405.1985375986187,3398.6345307424017,3391.223111571861,3381.5373366337035,3371.765121416212,3363.9161191480143,3357.6531290491262,3352.867338660209,3349.5170520619376,3347.8669717932976,3346.5904065229838,3343.6777030223684,3338.153312778466,3329.8667274126124,3319.2694720608015,3308.3851419899988,3300.3995733814745,3296.2103046105453,3293.7351842075859,3291.2099377436339,3288.7348173406745,3284.5455485697448,3276.2589632038907,3263.4235361071187,3247.7534156473989,3232.6937588440037,3221.4080296982,3213.4949593306728,3208.1210774654346,3204.9073572074894,3202.1312200472012,3197.1308531802897,3188.9947761931003,3178.2470124626252,3165.9356087428441,3153.013741366738,3140.4152629279652,3129.9545739164805,3121.2164634146334,3113.3814031847733,3107.1184130858855,3102.3186806586309,3097.0312390727277,3091.65735720749,3086.2695333039146,3079.6330282067006,3072.6230081111607,3066.9481094885937,3062.6863424766675,3059.4865642570603,3057.9869923670849,3057.6859756097556,3057.5354672310909,3056.5599187181065,3054.0987403534841,3050.7484537552123,3047.2252865982714,3043.4374169023426,3040.739289879722,3039.1756498904165,3038.5011181347613,3038.0495929987678,3036.5500211087929,3033.6512596465141,3030.8890645245633,3028.4139441216034,3025.0636575233316,3021.1029072687343,3016.777072157478,3011.8407733898962,3006.1798168056671,3001.7814834534133,2999.8303864274449,2998.8548379144604,2997.44170630382,2995.4181110368536,2992.8928645729011,2990.8692693059356,2989.1551209379659,2987.1315256709995,2984.6062792070475,2982.582683940082,2981.1695523294416,2980.4950205737864,2980.3445121951218,2980.3445121951218,2980.0434954377924,2978.6944319264821,2976.4702022198589,2975.1211387085482,2974.8201219512189,2974.8201219512189,2974.8201219512189,2974.8201219512189,2974.8201219512189,2974.6696135725542,2973.9950818168991,2972.8829669635875,2971.907418450603,2969.80581304597,2964.5824395593963,2957.2853447448642,2951.3874395026355,2947.8727024873615,2944.5725419500823,2939.7366255001725,2935.3382921479192,2932.5621549876305,2929.3484347296858,2924.2755696217773,2918.765121416212,2915.3283945386056,2913.9013208896272,2912.4017489996522,2910.0270109143644,2907.70239889007,2904.9402037681189,2902.041442305841,2900.5418704158656,2900.0903452798716,2899.1147967668871,2896.5031100236006,2892.9298168056671,2890.3181300623805,2889.0415647920668,2887.5419929020918,2885.3177631954686,2883.9686996841579,2883.6676829268285,2883.6676829268285,2883.6676829268285,2883.6676829268285,2883.6676829268285,2883.6676829268285,2883.6676829268285,2883.6676829268285,2883.6676829268285,2883.6676829268285,2883.6676829268285,2883.9686996841579,2885.3177631954686,2887.5419929020918,2888.8910564134026,2889.1920731707314,2889.1920731707314,2889.1920731707314,2889.1920731707314,2889.1920731707314,2889.1920731707314,2889.1920731707314,2889.1920731707314,2889.1920731707314,2889.1920731707314,2889.1920731707314,2889.1920731707314,2889.1920731707314,2889.1920731707314,2889.1920731707314,2889.1920731707314,2889.1920731707314,2889.1920731707314,2889.1920731707314,2889.1920731707314,2889.1920731707314,2889.1920731707314,2889.1920731707314,2889.1920731707314,2889.1920731707314,2889.1920731707314,2889.1920731707314,2889.1920731707314,2889.1920731707314,2889.1920731707314,2889.1920731707314,2889.1920731707314,2889.1920731707314,2889.1920731707314,2889.1920731707314,2889.1920731707314,2889.1920731707314,2888.8910564134026,2887.5419929020918,2885.3177631954686,2883.9686996841579,2883.6676829268285,2883.6676829268285,2883.6676829268285,2883.6676829268285,2883.6676829268285,2883.6676829268285,2883.6676829268285,2883.6676829268285,2883.6676829268285,2883.6676829268285,2883.6676829268285,2883.6676829268285,2883.6676829268285,2883.6676829268285,2883.6676829268285,2883.6676829268285,2883.6676829268285,2883.6676829268285,2883.6676829268285,2883.6676829268285,2883.9686996841579,2885.3177631954686,2887.5419929020918,2888.8910564134026,2889.1920731707314,2889.1920731707314,2889.1920731707314,2889.1920731707314,2889.1920731707314,2889.1920731707314,2889.1920731707314,2889.1920731707314,2889.1920731707314,2889.1920731707314,2889.1920731707314,2889.1920731707314,2889.1920731707314,2889.1920731707314,2889.1920731707314,2889.1920731707314,2889.1920731707314,2889.1920731707314,2889.1920731707314,2889.1920731707314,2889.1920731707314,2889.1920731707314,2889.1920731707314,2889.1920731707314,2889.1920731707314,2889.1920731707314,2889.1920731707314,2889.1920731707314,2889.1920731707314,2889.1920731707314,2889.1920731707314,2889.3425815493961,2890.3181300623805,2892.7793084270024,2895.828578267945,2898.3036986709049,2901.0658937928565,2903.9646552551344,2905.6147355237745,2906.8913007940878,2909.8040042947032,2914.8768694026121,2920.8388427441705,2926.7506900247363,2933.5377035006145,2940.8487403534841,2947.7221941086973,2953.9851842075846,2960.6495733814736,2971.4112791502871,2987.131525671,3003.2531712667137,3017.4516039131331,3030.0500823519055,3039.5352228504057,3045.8121549876305,3050.7484537552127,3055.3613635854608,3059.0350391210663,3063.137867612661,3069.8747550275471,3080.9095934770144,3093.2795533994545,3102.541687278293,3108.9050596948523,3114.8670330364112,3121.1439651736359,3129.9044478554879,3142.2520355979245,3153.6102629847255,3162.1978651079085,3168.4608552067957,3173.1100792553862,3178.4755309789566,3186.1099567691595,3196.8353483196311,3208.8681074620868,3221.2435792811984,3232.9028234253283,3244.3166887697926,3255.9759329139224,3268.0503879757048,3279.0351003641795,3288.7348173406735,3296.7203859491983,3302.6963013290942,3308.0841252326695,3314.8711387085482,3323.1577240744014,3333.3954064662239,3347.0558736973153,3363.4645940120208,3379.1347144717411,3390.771586435867,3397.5084738507526,3401.3102855850188,3403.9359143666425,3407.6736580015781,3413.9366481004658,3422.8336971226449,3434.2336204287712,3446.416887949892,3458.9428681476679,3471.2766440474529,3483.5016074879,3494.4863198763746,3504.3365452315334,3513.2976623530421,3522.1862812335535,3532.496461866373,3544.1193917921619,3554.73058918231,3564.8177631954682,3575.0275615106157,3583.7656720124633,3592.0021313173238,3601.3004492188174,3608.6979263510207,3613.4112184989408,3616.7615050972131,3619.688150636166,3624.6244494037473,