{"scale":{"points_px":[[3105.5,1981.4999999999995],[195.5,1903.4999999999998]],"distance_mm":3,"pixel_size_um":1.0305576937423369},"source_ellipse":{"center_px":[4411.5756097561,1402.8780487804875],"width_px":2782.8404213344243,"height_px":2711.2378122149876,"angle_deg":0},"image":{"reference_file":"00m00s.jpg","width_px":3936,"height_px":2624},"metadata":{"created_by":"MATLAB calibration_tool.m","scale_image":"(DO NOT CELLPOSE).jpg"}}