{"scale":{"points_px":[[1537.5,1371.4999999999995],[3877.5,1321.4999999999998]],"distance_mm":3,"pixel_size_um":1.2817587085345739},"source_boundary":{"polygon_x":[4002.3846246035719,4001.9051821810785,3999.731078535448,3993.9141016758831,3981.7809602157549,3962.5097926571129,3943.6175217977811,3929.0540042947023,3918.0052238068979,3909.2671133050503,3900.9665859008592,3891.1943706833677,3881.2075789878818,3871.3935376553782,3857.4320536669579,3838.9496120242939,3820.5033544042849,3803.9301836725776,3789.6816249651656,3777.793862304703,3765.9200416825784,3752.870038107812,3738.5851651820585,3721.8113600106931,3705.0931927969923,3691.7421724648966,3681.4041077554025,3670.0682525486059,3658.7463393801468,3649.9078465606276,3640.6457126817895,3629.3962977543274,3617.5001049521979,3604.6870500354307,3592.8047992716397,3583.4925393318085,3577.8036986709044,3572.5524411076567,3563.7642045448165,3551.8819537810245,3539.2974173805896,3530.0352835017511,3523.1339456698638,3514.6467258643524,3505.7636188805113,3498.22406351131,3490.8126443407691,3481.9519095369319,3474.4178660644011,3470.2285972934719,3467.753476890513,3465.2282304265609,3462.7531100236006,3458.86485801,3452.5293696701151,3445.66985795324,3440.9705078436568,3439.0194108176879,3438.0438623047035,3436.9317474513923,3436.2572156957372,3435.8056905597432,3434.0051019124394,3429.3057518028563,3421.9947149499876,3413.184106207143,3404.2369311239713,3397.750934405422,3394.824288866469,3393.0237002191648,3390.3479453765481,3386.0722363262844,3377.7856509604308,3366.3912395509738,3357.444064467802,3353.5418704158647,3351.4402650112311,3347.3374365196364,3338.5769538377849,3324.5067875857126,3311.3117875289522,3303.5993516010817,3299.7975398668154,3298.1474595981758,3296.419369191869,3291.7840871816165,3284.4229242677548,3277.3125218545424,3270.2244916213349,3263.2144715257946,3257.0880477672345,3250.351160352348,3241.6409339271754,3233.6553653186511,3227.442501280756,3220.7279860458743,3211.680428645031,3199.7564819619138,3187.4366481004654,3177.2993480263149,3170.7129689900939,3166.0861171215083,3161.9748584882468,3157.7995317556552,3153.6882731223932,3149.8139631471304,3146.75075126785,3142.9990655945762,3135.9890454990359,3127.7303442098573,3122.7940454422755,3121.0659550359687,3119.5663831459933,3117.3421534393706,3115.8425815493952,3114.5660162790819,3111.9543295357953,3108.0800195605329,3103.968760927271,3100.0944509520077,3097.1817474513923,3094.8571354270975,3092.48239734181,3091.4343505878282,3092.9339224778032,3097.7837809660505,3105.4683328172459,3114.0419929020909,3121.5899784129592,3127.5519517545181,3131.2896953894538,3133.9153241710778,3137.4161191480143,3141.9008927796026,3146.2127858525223,3148.3868894981529,3149.1394313914757,3150.488494902786,3152.7127246094092,3154.2122964993846,3155.1878450123681,3156.2999598656793,3156.9744916213344,3157.1249999999991,3157.1249999999991,3157.1249999999991,3156.9744916213344,3156.2999598656797,3154.7363198763746,3151.2856509604312,3144.2756308648904,3135.1138793037235,3125.8293732448815,3116.230038586059,3108.8325614538553,3103.968760927271,3100.0944509520077,3097.1817474513923,3094.405610291104,3089.8567685601861,3084.4968287332854,3080.6085767196851,3077.1579078037412,3072.3219913538314,3068.0741663802423,3066.1230693542734,3064.6959957052959,3061.1087604490249,3054.7732721091397,3047.3117268776059,3039.1617078520794,3029.0884758772586,3018.0536374277913,3006.9129047639817,2992.5555335972304,2975.3079613055547,2962.1267730914446,2953.4110347696019,2948.4747360020197,2945.6985988417314,2943.1733523777789,2940.8487403534841,2937.6350200955389,2932.7126633662947,2927.4252217803914,2922.6254893531373,2914.5563987102746,2898.9279741698806,2878.645074075599,2864.63884572717,2856.4141956428703,2849.3678994091542,2842.7793232686422,2837.364631546804,2832.859040569288,2829.7641019703392,2828.3027038157752,2827.6636099935563,2827.1721309068826,2826.6775802725047,2826.3302684040927,2826.8045088935473,2828.7606534334191,2831.1503978152682,2832.28720150581,2833.0459365406255,2834.9844200483954,2837.3552956364983,2838.3214504516509,2838.0831668919,2837.537621656189,2836.9854627163768,2836.4263170106715,2835.5587935855215,2833.6354905632734,2830.8289226892057,2828.88906665437,2827.9884617586,2827.3797557772541,2826.7616335870821,2826.1338257298125,2825.4960968832811,2824.8482512365008,2824.1901379704559,2823.5216567992129,2822.8427635216422,2822.4544922873879,2823.1039574871575,2824.6184352056353,2825.247826968689,2824.8195681425091,2824.2315994161181,2824.1589452068029,2824.9672768522428,2826.9026563712982,2829.92112166456,2832.5186020709702,2834.4143890685382,2835.1302898173676,2835.3196510395737,2835.6443489919711,2835.5316176978176,2834.8964938727122,2834.1140587261552,2833.3364708145323,2832.5654581076064,2831.8028192859947,2831.0504157822852,2830.3101629844814,2829.5840206526723,2828.8739826106048,2828.1820657840772,2827.961823803932,2829.3358297154291,2832.3477946484577,2835.121239714128,2837.2259148726112,2838.1844412410856,2838.6508145024909,2839.5884006053293,2841.6232757990419,2845.768742412497,2850.763634965806,2854.1759942808371,2856.5171043511004,2859.7753075037222,2864.3613449218187,2870.01665155635,2875.8805971403931,2883.9772044163192,2897.478658536585,2912.6518695895793,2922.5074154883391,2926.4933644094235,2928.4561009032159,2931.0435677172113,2936.0199643540655,2943.3211312704161,2951.7623476446552,2960.7414562251633,2969.1963287848307,2974.9165228716406,2977.7513603590473,2979.6879380029109,2982.0974931092319,2986.5990916308938,2994.8678791722514,3005.6880724787161,3012.9332585542456,3016.6085580769341,3019.9665217695056,3023.5002189342731,3028.7814282597865,3037.9838229277111,3048.9331210753917,3059.6054115714264,3069.1390174487647,3075.8056498409546,3079.9978135013885,3082.5710122886103,3084.6926565181793,3087.5833278223386,3092.5554273372122,3098.7975070355496,3104.9964666120295,3111.4027151565529,3117.2271756140526,3122.3969995316361,3128.5340344557771,3136.0114489269067,3143.571787940929,3151.4600899981683,3160.8019454224072,3169.1220320951506,3174.8479529438328,3178.8406106358739,3181.8105355629891,3185.22067614895,3189.5947532556597,3194.9603555463918,3203.6139229960372,3216.7899145365091,3230.340615315969,3239.2848484814258,3243.6948568442917,3247.7178363084045,3255.0272244903445,3267.0304121435224,3280.5606669195927,3290.6538555799079,3298.3993889748426,3304.716985200982,3309.6482870659993,3315.9775574768951,3325.0536947851851,3335.8648102420625,3348.151435626989,3361.2697028160683,3373.38809068424,3381.8809788449544,3388.5125280854227,3396.836471992141,3406.03318434724,3413.7055945737939,3422.3370397302156,3434.3662496598927,3449.5006982734208,3466.9568478764363,3481.5253400252118,3491.5923572717443,3501.2102957475836,3511.7814829372242,3525.4406239783029,3542.4693806063265,3562.4162006612632,3582.674756029232,3597.779453638364,3607.8498532789158,3614.6393227687513,3620.5420438853002,3629.6498135747347,3642.8879185604128,3655.0246818332366,3663.4623568151123,3671.4229632976048,3681.3259845428242,3693.3775687130615,3706.8614907604738,3721.6689414585476,3737.2342051668184,3752.7823717212855,3765.6292601442706,3773.4364505299577,3777.7813984968166,3780.3449901314702,3782.4454897276519,3785.454335599994,3791.2083024857243,3798.8823516995508,3806.0571317732947,3813.8392457405635,3823.3546196451052,3830.8155125923013,3834.8420566109148,3837.6753388178745,3841.3806468110392,3845.9942905339972,3851.7168995035481,3857.8739364398352,3863.4536627363032,3869.6183127515174,3877.4159262673725,3886.107896114815,3893.6621893087486,3898.6379126028255,3902.7630183626356,3907.0438495786098,3911.5360364585617,3915.9609268650456,3920.5971581014674,3925.8406104553692,3931.9559800548373,3937.6305117718339,3942.6411938220263,3949.5132682676594,3961.6138784416421,3978.2823018222848,3991.9121253064923,3998.7209906126186,4003.0375215966628,4007.3228985666096,4009.7682361853449,4010.4877332414885],