{"scale":{"points_px":[[439.49999999999994,2497.4999999999995],[3397.5,2421.4999999999995]],"distance_mm":3,"pixel_size_um":1.0138641960246824},"source_ellipse":{"center_px":[4193.79512195122,1372.5853658536566],"width_px":1891.919166907154,"height_px":1842.8794673380664,"angle_deg":0},"image":{"reference_file":"00m00s.jpg","width_px":3936,"height_px":2624},"metadata":{"created_by":"MATLAB calibration_tool.m","scale_image":"(DO NOT CELLPOSE).jpg"}}