{"scale":{"points_px":[[621.5,2095.4999999999995],[3561.5,2205.4999999999995]],"distance_mm":3,"pixel_size_um":1.0196946879362832},"source_ellipse":{"center_px":[4158.4536585365859,1357.439024390244],"width_px":2682.379348424055,"height_px":2755.5546242946671,"angle_deg":0},"image":{"reference_file":"00m00s.jpg","width_px":3936,"height_px":2624},"metadata":{"created_by":"MATLAB calibration_tool.m","scale_image":"(DO NOT CELLPOSE).jpg"}}