{"scale":{"points_px":[[513.5,2085.4999999999995],[3223.5,2095.4999999999995]],"distance_mm":3,"pixel_size_um":1.1070035334502175},"source_ellipse":{"center_px":[4239.2341463414605,1524.0487804878071],"width_px":2440.9361987518528,"height_px":2418.4830589911057,"angle_deg":359.51478849010243},"image":{"reference_file":"15m00s.jpg","width_px":3936,"height_px":2624},"metadata":{"created_by":"MATLAB calibration_tool.m","scale_image":"(DO NOT CELLPOSE).jpg"}}