file,genus,mag,area_um2,equiv_diameter_um,perimeter_um,circularity,solidity
Pink_10X_1.TIF,Aspergillus,10,194.0,15.7165,79.0,0.3906,0.8879
Pink_10X_1.TIF,Aspergillus,10,124.0,12.5651,42.0,0.8834,1.0925
Pink_10X_1.TIF,Aspergillus,10,150.0,13.8198,46.0,0.8908,1.0345
Pink_10X_1.TIF,Aspergillus,10,173.0,14.8415,74.0,0.397,1.0176
Pink_10X_1.TIF,Aspergillus,10,179.0,15.0967,55.0,0.7436,0.9446
Pink_10X_1.TIF,Aspergillus,10,831.0,32.5279,185.0,0.3051,0.7792
Pink_10X_1.TIF,Aspergillus,10,168.0,14.6255,57.0,0.6498,0.8638
Pink_10X_1.TIF,Aspergillus,10,1463907.0,1365.2488,16038.0,0.0715,0.7337
Pink_10X_1.TIF,Aspergillus,10,257.0,18.0893,59.0,0.9278,1.1006
Pink_10X_1.TIF,Aspergillus,10,124.0,12.5651,48.0,0.6763,1.0973
Pink_10X_1.TIF,Aspergillus,10,476.0,24.6183,152.0,0.2589,0.5577
Pink_10X_1.TIF,Aspergillus,10,1243.0,39.7824,209.0,0.3576,0.7766
Pink_10X_1.TIF,Aspergillus,10,125.0,12.6157,58.0,0.4669,0.9294
Pink_10X_1.TIF,Aspergillus,10,330.0,20.498,77.0,0.6994,0.9322
Pink_10X_1.TIF,Aspergillus,10,103.0,11.4518,35.0,1.0566,1.1016
Pink_10X_1.TIF,Aspergillus,10,156.0,14.0935,58.0,0.5827,0.8298
Pink_10X_1.TIF,Aspergillus,10,103.0,11.4518,32.0,1.264,1.1319
Pink_10X_1.TIF,Aspergillus,10,179.0,15.0967,67.0,0.5011,0.8384
Pink_10X_1.TIF,Aspergillus,10,1477.0,43.3656,315.0,0.1871,0.5118
Pink_10X_1.TIF,Aspergillus,10,236.0,17.3345,68.0,0.6414,0.8806
Pink_10X_1.TIF,Aspergillus,10,57.0,8.5191,27.0,0.9826,1.1753
Pink_10X_1.TIF,Aspergillus,10,271.0,18.5755,94.0,0.3854,0.7012
Pink_10X_1.TIF,Aspergillus,10,56.0,8.444,26.0,1.041,1.1789
Pink_10X_1.TIF,Aspergillus,10,69.0,9.373,27.0,1.1894,1.2105
Pink_10X_1.TIF,Aspergillus,10,72.0,9.5746,27.0,1.2411,1.2
Pink_10X_1.TIF,Aspergillus,10,90.0,10.7047,29.0,1.3448,1.1688
Pink_10X_1.TIF,Aspergillus,10,20808.0,162.7685,998.0,0.2625,0.6998
Pink_10X_1.TIF,Aspergillus,10,82.0,10.2179,28.0,1.3143,1.2059
Pink_10X_1.TIF,Aspergillus,10,98.0,11.1704,32.0,1.2026,1.1598
Pink_10X_1.TIF,Aspergillus,10,168.0,14.6255,41.0,1.2559,1.0945
Pink_10X_1.TIF,Aspergillus,10,54.0,8.2919,25.0,1.0857,1.3171
Pink_10X_1.TIF,Aspergillus,10,122.0,12.4634,41.0,0.912,1.0893
Pink_10X_1.TIF,Aspergillus,10,59.0,8.6672,29.0,0.8816,1.1346
Pink_10X_1.TIF,Aspergillus,10,425.0,23.2621,84.0,0.7569,0.9907
Pink_10X_1.TIF,Aspergillus,10,58.0,8.5935,32.0,0.7118,1.045
Pink_10X_1.TIF,Aspergillus,10,83.0,10.28,33.0,0.9578,1.2029
Pink_10X_1.TIF,Aspergillus,10,897.0,33.7949,149.0,0.5077,0.7472
Pink_10X_1.TIF,Aspergillus,10,180.0,15.1388,52.0,0.8365,0.9863
Pink_10X_1.TIF,Aspergillus,10,66.0,9.167,27.0,1.1377,1.2222
Pink_10X_1.TIF,Aspergillus,10,127.0,12.7162,40.0,0.9975,1.1339
Pink_10X_1.TIF,Aspergillus,10,461.0,24.2273,87.0,0.7654,0.9266
Pink_10X_1.TIF,Aspergillus,10,268.0,18.4724,64.0,0.8222,0.9675
Pink_10X_1.TIF,Aspergillus,10,167.0,14.5819,71.0,0.4163,0.8392
Pink_10X_1.TIF,Aspergillus,10,128.0,12.7662,37.0,1.1749,1.1034
Pink_10X_1.TIF,Aspergillus,10,527.0,25.9036,99.0,0.6757,0.8654
Pink_10X_1.TIF,Aspergillus,10,128.0,12.7662,64.0,0.3927,0.8393
Pink_10X_1.TIF,Aspergillus,10,99.0,11.2272,43.0,0.6728,1.1
Pink_10X_1.TIF,Aspergillus,10,112.0,11.9416,46.0,0.6651,0.9069
Pink_10X_1.TIF,Aspergillus,10,334.0,20.6219,120.0,0.2915,0.7373
Pink_10X_1.TIF,Aspergillus,10,629.0,28.2996,161.0,0.3049,0.7056
Pink_10X_1.TIF,Aspergillus,10,59.0,8.6672,23.0,1.4015,1.2292
Pink_10X_1.TIF,Aspergillus,10,135.0,13.1106,55.0,0.5608,0.9278
Pink_10X_1.TIF,Aspergillus,10,63.0,8.9562,26.0,1.1711,1.2115
Pink_10X_1.TIF,Aspergillus,10,278.0,18.8138,62.0,0.9088,1.0239
Pink_10X_1.TIF,Aspergillus,10,53.0,8.2147,25.0,1.0656,1.2184
Pink_10X_1.TIF,Aspergillus,10,476.0,24.6183,87.0,0.7903,0.9865
Pink_10X_1.TIF,Aspergillus,10,85.0,10.4031,37.0,0.7802,0.929
Pink_10X_1.TIF,Aspergillus,10,12060.0,123.9164,898.0,0.1879,0.5855
Pink_10X_1.TIF,Aspergillus,10,2128.0,52.0524,333.0,0.2412,0.5973
Pink_10X_1.TIF,Aspergillus,10,396.0,22.4545,89.0,0.6282,0.9051
Pink_10X_1.TIF,Aspergillus,10,385.0,22.1404,115.0,0.3658,0.6906
Pink_10X_1.TIF,Aspergillus,10,238.0,17.4078,87.0,0.3951,0.7414
Pink_10X_1.TIF,Aspergillus,10,394.0,22.3977,110.0,0.4092,0.6823
Pink_10X_1.TIF,Aspergillus,10,69.0,9.373,36.0,0.669,1.104
Pink_10X_1.TIF,Aspergillus,10,118.0,12.2573,36.0,1.1442,1.0826
Pink_10X_1.TIF,Aspergillus,10,288.0,19.1492,58.0,1.0758,1.0827
Pink_10X_1.TIF,Aspergillus,10,88.0,10.5851,31.0,1.1507,1.1503
Pink_10X_1.TIF,Aspergillus,10,337.0,20.7143,74.0,0.7734,0.9335
Pink_10X_1.TIF,Aspergillus,10,59.0,8.6672,27.0,1.017,1.2041
Pink_10X_1.TIF,Aspergillus,10,238.0,17.4078,56.0,0.9537,1.0106
Pink_10X_1.TIF,Aspergillus,10,61.0,8.8129,24.0,1.3308,1.1845
Pink_10X_1.TIF,Aspergillus,10,102.0,11.3961,45.0,0.633,0.8681
Pink_10X_1.TIF,Aspergillus,10,190.0,15.5536,50.0,0.955,1.0734
Pink_10X_1.TIF,Aspergillus,10,165.0,14.4943,76.0,0.359,0.5749
Pink_10X_1.TIF,Aspergillus,10,64.0,9.027,33.0,0.7385,1.0847
Pink_10X_1.TIF,Aspergillus,10,230.0,17.1127,62.0,0.7519,0.9544
Pink_10X_1.TIF,Aspergillus,10,168.0,14.6255,51.0,0.8117,0.9767
Pink_10X_1.TIF,Aspergillus,10,264.0,18.334,77.0,0.5595,0.88
Pink_10X_1.TIF,Aspergillus,10,119.0,12.3092,36.0,1.1539,1.1388
Pink_10X_1.TIF,Aspergillus,10,73.0,9.6409,36.0,0.7078,1.2807
Pink_10X_1.TIF,Aspergillus,10,52.0,8.1369,24.0,1.1345,1.3165
Pink_10X_1.TIF,Aspergillus,10,99.0,11.2272,39.0,0.8179,1.0645
Pink_10X_1.TIF,Aspergillus,10,57.0,8.5191,29.0,0.8517,1.2527
Pink_10X_1.TIF,Aspergillus,10,164.0,14.4503,44.0,1.0645,1.0933
Pink_10X_1.TIF,Aspergillus,10,661.0,29.0105,152.0,0.3595,0.6436
Pink_10X_1.TIF,Aspergillus,10,256.0,18.0541,52.0,1.1897,1.0734
Pink_10X_1.TIF,Aspergillus,10,111.0,11.8882,33.0,1.2809,1.1623
Pink_10X_1.TIF,Aspergillus,10,97.0,11.1132,40.0,0.7618,1.0838
Pink_10X_1.TIF,Aspergillus,10,1237.0,39.6862,248.0,0.2527,0.4522
Pink_10X_1.TIF,Aspergillus,10,120.0,12.3608,46.0,0.7126,1.0667
Pink_10X_1.TIF,Aspergillus,10,882.0,33.5112,187.0,0.317,0.5992
Pink_10X_1.TIF,Aspergillus,10,52.0,8.1369,23.0,1.2353,1.253
Pink_10X_1.TIF,Aspergillus,10,80.0,10.0925,42.0,0.5699,1.0884
Pink_10X_1.TIF,Aspergillus,10,158.0,14.1835,52.0,0.7343,0.9937
Pink_10X_1.TIF,Aspergillus,10,986.0,35.4318,128.0,0.7563,0.9377
Pink_10X_1.TIF,Aspergillus,10,146.0,13.6343,37.0,1.3402,1.1274
Pink_10X_1.TIF,Aspergillus,10,329.0,20.4669,73.0,0.7758,0.936
Pink_10X_1.TIF,Aspergillus,10,262.0,18.2644,60.0,0.9146,1.0804
Pink_10X_1.TIF,Aspergillus,10,152.0,13.9116,60.0,0.5306,1.0033
Pink_10X_1.TIF,Aspergillus,10,464.0,24.306,81.0,0.8887,0.9936
Pink_10X_1.TIF,Aspergillus,10,1505.0,43.7747,274.0,0.2519,0.615
Pink_10X_1.TIF,Aspergillus,10,1120.0,37.7628,173.0,0.4703,0.7497
Pink_10X_1.TIF,Aspergillus,10,142.0,13.4462,43.0,0.9651,1.1094
Pink_10X_1.TIF,Aspergillus,10,83.0,10.28,28.0,1.3304,1.1857
Pink_10X_1.TIF,Aspergillus,10,91.0,10.7641,33.0,1.0501,1.1304
Pink_10X_1.TIF,Aspergillus,10,68.0,9.3049,35.0,0.6976,1.2593
Pink_10X_1.TIF,Aspergillus,10,67.0,9.2362,26.0,1.2455,1.2294
Pink_10X_1.TIF,Aspergillus,10,157.0,14.1386,41.0,1.1737,1.1056
Pink_10X_1.TIF,Aspergillus,10,277.0,18.78,60.0,0.9669,1.0109
Pink_10X_1.TIF,Aspergillus,10,463.0,24.2798,120.0,0.404,0.801
Pink_10X_1.TIF,Aspergillus,10,1094.0,37.3219,175.0,0.4489,0.6155
Pink_10X_1.TIF,Aspergillus,10,56.0,8.444,30.0,0.7819,1.098
Pink_10X_1.TIF,Aspergillus,10,891.0,33.6817,129.0,0.6728,0.877
Pink_10X_1.TIF,Aspergillus,10,90.0,10.7047,35.0,0.9232,1.0714
Pink_10X_1.TIF,Aspergillus,10,280.0,18.8814,54.0,1.2066,1.0895
Pink_10X_1.TIF,Aspergillus,10,1659.0,45.9598,221.0,0.4268,0.7461
Pink_10X_1.TIF,Aspergillus,10,134.0,13.0619,55.0,0.5567,0.8481
Pink_10X_1.TIF,Aspergillus,10,286.0,19.0826,110.0,0.297,0.5983
Pink_10X_1.TIF,Aspergillus,10,220.0,16.7366,62.0,0.7192,0.9888
Pink_10X_1.TIF,Aspergillus,10,72.0,9.5746,27.0,1.2411,1.1429
Pink_10X_1.TIF,Aspergillus,10,167.0,14.5819,56.0,0.6692,0.893
Pink_10X_1.TIF,Aspergillus,10,182.0,15.2227,81.0,0.3486,0.963
Pink_10X_1.TIF,Aspergillus,10,123.0,12.5143,35.0,1.2618,1.1389
Pink_10X_1.TIF,Aspergillus,10,444.0,23.7764,92.0,0.6592,0.9944
Pink_10X_1.TIF,Aspergillus,10,409.0,22.8201,97.0,0.5462,0.7674
Pink_10X_1.TIF,Aspergillus,10,1350.0,41.4593,178.0,0.5354,0.8257
Pink_10X_1.TIF,Aspergillus,10,266.0,18.4033,96.0,0.3627,0.6108
Pink_10X_1.TIF,Aspergillus,10,55.0,8.3683,31.0,0.7192,1.0377
Pink_10X_1.TIF,Aspergillus,10,608.0,27.8232,87.0,1.0094,1.0167
Pink_10X_1.TIF,Aspergillus,10,111.0,11.8882,48.0,0.6054,1.1212
Pink_10X_1.TIF,Aspergillus,10,131.0,12.9149,43.0,0.8903,1.1008
Pink_10X_1.TIF,Aspergillus,10,396.0,22.4545,86.0,0.6728,0.9145
Pink_10X_1.TIF,Aspergillus,10,118.0,12.2573,40.0,0.9268,1.1401
Pink_10X_1.TIF,Aspergillus,10,50.0,7.9788,25.0,1.0053,1.2346
Pink_10X_1.TIF,Aspergillus,10,110.0,11.8345,39.0,0.9088,1.1168
Pink_10X_1.TIF,Aspergillus,10,1490.0,43.556,284.0,0.2321,0.433
Pink_10X_1.TIF,Aspergillus,10,215.0,16.5453,49.0,1.1253,1.075
Pink_10X_1.TIF,Aspergillus,10,94.0,10.94,37.0,0.8628,1.0682
Pink_10X_1.TIF,Aspergillus,10,54.0,8.2919,25.0,1.0857,1.1868
Pink_10X_1.TIF,Aspergillus,10,76.0,9.837,42.0,0.5414,1.0857
Pink_10X_1.TIF,Aspergillus,10,59.0,8.6672,30.0,0.8238,1.0727
Pink_10X_1.TIF,Aspergillus,10,389.0,22.2551,69.0,1.0267,1.0264
Pink_10X_1.TIF,Aspergillus,10,72.0,9.5746,44.0,0.4673,1.0286
Pink_10X_1.TIF,Aspergillus,10,18290.0,152.6026,1495.0,0.1028,0.3919
Pink_10X_1.TIF,Aspergillus,10,138.0,13.2555,59.0,0.4982,0.8519
Pink_10X_1.TIF,Aspergillus,10,6776.0,92.8842,566.0,0.2658,0.6819
Pink_10X_1.TIF,Aspergillus,10,120.0,12.3608,43.0,0.8156,1.0526
Pink_10X_1.TIF,Aspergillus,10,112.0,11.9416,36.0,1.086,1.1487
Pink_10X_1.TIF,Aspergillus,10,179.0,15.0967,52.0,0.8319,0.965
Pink_10X_1.TIF,Aspergillus,10,57.0,8.5191,30.0,0.7959,1.1753
Pink_10X_1.TIF,Aspergillus,10,161.0,14.3175,48.0,0.8781,1.0952
Pink_10X_1.TIF,Aspergillus,10,2801.0,59.7189,265.0,0.5012,0.8637
Pink_10X_1.TIF,Aspergillus,10,482.0,24.773,73.0,1.1366,1.0536
Pink_10X_1.TIF,Aspergillus,10,91.0,10.7641,35.0,0.9335,1.0706
Pink_10X_1.TIF,Aspergillus,10,75.0,9.7721,29.0,1.1207,1.2397
Pink_10X_1.TIF,Aspergillus,10,62.0,8.8849,38.0,0.5396,1.3478
Pink_10X_1.TIF,Aspergillus,10,268.0,18.4724,74.0,0.615,0.8904
Pink_10X_1.TIF,Aspergillus,10,4424.0,75.0521,437.0,0.2911,0.7319
Pink_10X_1.TIF,Aspergillus,10,466.0,24.3584,93.0,0.6771,1.0141
Pink_10X_1.TIF,Aspergillus,10,879.0,33.4541,205.0,0.2628,0.4938
Pink_10X_1.TIF,Aspergillus,10,182.0,15.2227,70.0,0.4668,0.8525
Pink_10X_1.TIF,Aspergillus,10,372.0,21.7634,83.0,0.6786,0.8953
Pink_10X_1.TIF,Aspergillus,10,102.0,11.3961,47.0,0.5802,0.8608
Pink_10X_1.TIF,Aspergillus,10,670.0,29.2074,120.0,0.5847,0.8375
Pink_10X_1.TIF,Aspergillus,10,314.0,19.9949,92.0,0.4662,0.8263
Pink_10X_1.TIF,Aspergillus,10,200.0,15.9577,60.0,0.6981,0.9368
Pink_10X_1.TIF,Aspergillus,10,147.0,13.6809,48.0,0.8018,0.9866
Pink_10X_1.TIF,Aspergillus,10,110.0,11.8345,40.0,0.8639,1.164
Pink_10X_1.TIF,Aspergillus,10,817.0,32.2527,164.0,0.3817,0.7671
Pink_10X_1.TIF,Aspergillus,10,57.0,8.5191,25.0,1.1461,1.2809
Pink_10X_1.TIF,Aspergillus,10,595.0,27.5241,115.0,0.5654,0.8446
Pink_10X_1.TIF,Aspergillus,10,94.0,10.94,31.0,1.2292,1.1325
Pink_10X_1.TIF,Aspergillus,10,90.0,10.7047,31.0,1.1769,1.1688
Pink_10X_1.TIF,Aspergillus,10,7521.0,97.8572,493.0,0.3889,0.6369
Pink_10X_1.TIF,Aspergillus,10,1206.0,39.1858,127.0,0.9396,1.0046
Pink_10X_1.TIF,Aspergillus,10,662.0,29.0325,178.0,0.2626,0.4866
Pink_10X_1.TIF,Aspergillus,10,113.0,11.9948,48.0,0.6163,0.9536
Pink_10X_1.TIF,Aspergillus,10,324.0,20.3108,63.0,1.0258,1.0351
Pink_10X_1.TIF,Aspergillus,10,12204.0,124.654,1084.0,0.1305,0.358
Pink_10X_1.TIF,Aspergillus,10,564.0,26.7975,78.0,1.1649,1.033
Pink_10X_1.TIF,Aspergillus,10,498.0,25.1808,93.0,0.7236,0.9459
Pink_10X_1.TIF,Aspergillus,10,59.0,8.6672,26.0,1.0968,1.2826
Pink_10X_1.TIF,Aspergillus,10,407.0,22.7642,76.0,0.8855,0.9737
Pink_10X_1.TIF,Aspergillus,10,110.0,11.8345,38.0,0.9573,1.0427
Pink_10X_1.TIF,Aspergillus,10,428.0,23.3441,75.0,0.9562,1.0106
Pink_10X_1.TIF,Aspergillus,10,1502.0,43.7311,413.0,0.1107,0.2394
Pink_10X_1.TIF,Aspergillus,10,3059.0,62.4087,262.0,0.56,0.9157
Pink_10X_1.TIF,Aspergillus,10,135.0,13.1106,56.0,0.541,0.8852
Pink_10X_1.TIF,Aspergillus,10,2860.0,60.3446,280.0,0.4584,0.7236
Pink_10X_1.TIF,Aspergillus,10,120.0,12.3608,41.0,0.8971,1.0667
Pink_10X_1.TIF,Aspergillus,10,437.0,23.5883,77.0,0.9262,1.0058
Pink_10X_1.TIF,Aspergillus,10,123.0,12.5143,43.0,0.8359,1.0885
Pink_10X_1.TIF,Aspergillus,10,100.0,11.2838,42.0,0.7124,0.9852
Pink_10X_1.TIF,Aspergillus,10,60.0,8.7404,29.0,0.8965,1.0909
Pink_10X_1.TIF,Aspergillus,10,180.0,15.1388,54.0,0.7757,0.9626
Pink_10X_1.TIF,Aspergillus,10,66.0,9.167,29.0,0.9862,1.211
Pink_10X_1.TIF,Aspergillus,10,239.0,17.4443,82.0,0.4467,0.7019
Pink_10X_1.TIF,Aspergillus,10,261.0,18.2295,86.0,0.4435,0.7861
Pink_10X_1.TIF,Aspergillus,10,704.0,29.9393,175.0,0.2889,0.5728
Pink_10X_1.TIF,Aspergillus,10,91.0,10.7641,33.0,1.0501,1.1098
Pink_10X_1.TIF,Aspergillus,10,99.0,11.2272,38.0,0.8615,1.1647
Pink_10X_1.TIF,Aspergillus,10,143.0,13.4935,50.0,0.7188,0.8882
Pink_10X_1.TIF,Aspergillus,10,231.0,17.1499,53.0,1.0334,1.0948
Pink_10X_1.TIF,Aspergillus,10,1448.0,42.9378,260.0,0.2692,0.5853
Pink_10X_1.TIF,Aspergillus,10,62.0,8.8849,29.0,0.9264,1.1698
Pink_10X_1.TIF,Aspergillus,10,165.0,14.4943,45.0,1.0239,1.0476
Pink_10X_1.TIF,Aspergillus,10,271.0,18.5755,73.0,0.639,0.7855
Pink_10X_1.TIF,Aspergillus,10,140.0,13.3512,67.0,0.3919,1.129
Pink_10X_1.TIF,Aspergillus,10,261.0,18.2295,104.0,0.3032,0.72
Pink_10X_1.TIF,Aspergillus,10,50.0,7.9788,22.0,1.2982,1.3158
Pink_10X_1.TIF,Aspergillus,10,66.0,9.167,29.0,0.9862,1.211
Pink_10X_1.TIF,Aspergillus,10,263.0,18.2992,65.0,0.7822,0.9705
Pink_10X_1.TIF,Aspergillus,10,83.0,10.28,34.0,0.9023,1.0921
Pink_10X_1.TIF,Aspergillus,10,63.0,8.9562,31.0,0.8238,1.2
Pink_10X_1.TIF,Aspergillus,10,682.0,29.4678,117.0,0.6261,0.7963
Pink_10X_1.TIF,Aspergillus,10,324.0,20.3108,67.0,0.907,1.0237
Pink_10X_1.TIF,Aspergillus,10,73.0,9.6409,30.0,1.0193,1.1318
Pink_10X_1.TIF,Aspergillus,10,237.0,17.3712,78.0,0.4895,0.9258
Pink_10X_1.TIF,Aspergillus,10,198.0,15.8777,67.0,0.5543,0.8182
Pink_10X_1.TIF,Aspergillus,10,106.0,11.6174,48.0,0.5781,0.906
Pink_10X_1.TIF,Aspergillus,10,1127.0,37.8806,195.0,0.3724,0.5955
Pink_10X_1.TIF,Aspergillus,10,114.0,12.0478,53.0,0.51,0.8028
Pink_10X_1.TIF,Aspergillus,10,279.0,18.8476,81.0,0.5344,0.747
Pink_10X_1.TIF,Aspergillus,10,135.0,13.1106,48.0,0.7363,0.9507
Pink_10X_1.TIF,Aspergillus,10,57.0,8.5191,26.0,1.0596,1.2527
Pink_10X_1.TIF,Aspergillus,10,131.0,12.9149,54.0,0.5645,0.9003
Pink_10X_1.TIF,Aspergillus,10,76.0,9.837,26.0,1.4128,1.216
Pink_10X_1.TIF,Aspergillus,10,152.0,13.9116,68.0,0.4131,1.0857
Pink_10X_1.TIF,Aspergillus,10,73.0,9.6409,48.0,0.3982,1.0896
Pink_10X_1.TIF,Aspergillus,10,687.0,29.5756,205.0,0.2054,0.5928
Pink_10X_1.TIF,Aspergillus,10,272.0,18.6097,98.0,0.3559,0.6983
Pink_10X_1.TIF,Aspergillus,10,140.0,13.3512,42.0,0.9973,1.0811
Pink_10X_1.TIF,Aspergillus,10,102.0,11.3961,52.0,0.474,1.2439
Pink_10X_1.TIF,Aspergillus,10,538.0,26.1726,84.0,0.9582,1.0297
Pink_10X_1.TIF,Aspergillus,10,141.0,13.3988,37.0,1.2943,1.1325
Pink_10X_1.TIF,Aspergillus,10,108.0,11.7265,40.0,0.8482,1.0693
Pink_10X_1.TIF,Aspergillus,10,103.0,11.4518,39.0,0.851,1.0899
Pink_10X_1.TIF,Aspergillus,10,107.0,11.672,32.0,1.3131,1.1758
Pink_10X_1.TIF,Aspergillus,10,108.0,11.7265,41.0,0.8074,0.9432
Pink_10X_1.TIF,Aspergillus,10,66.0,9.167,24.0,1.4399,1.2222
Pink_10X_1.TIF,Aspergillus,10,498.0,25.1808,90.0,0.7726,0.954
Pink_10X_1.TIF,Aspergillus,10,144.0,13.5406,46.0,0.8552,1.0177
Pink_10X_1.TIF,Aspergillus,10,62.0,8.8849,25.0,1.2466,1.2157
Pink_10X_1.TIF,Aspergillus,10,69989.0,298.5176,2399.0,0.1528,0.5558
Pink_10X_1.TIF,Aspergillus,10,550.0,26.4628,104.0,0.639,0.9009
Pink_10X_1.TIF,Aspergillus,10,190.0,15.5536,58.0,0.7098,1.0
Pink_10X_1.TIF,Aspergillus,10,150.0,13.8198,47.0,0.8533,1.0676
Pink_10X_1.TIF,Aspergillus,10,143.0,13.4935,57.0,0.5531,0.9051
Pink_10X_1.TIF,Aspergillus,10,118.0,12.2573,46.0,0.7008,0.8613
Pink_10X_1.TIF,Aspergillus,10,208.0,16.2737,64.0,0.6381,0.8685
Pink_10X_1.TIF,Aspergillus,10,336.0,20.6835,75.0,0.7506,0.9641
Pink_10X_1.TIF,Aspergillus,10,254.0,17.9834,61.0,0.8578,1.0283
Pink_10X_1.TIF,Aspergillus,10,317.0,20.0902,63.0,1.0037,1.0567
Pink_10X_1.TIF,Aspergillus,10,91.0,10.7641,36.0,0.8824,1.2639
Pink_10X_1.TIF,Aspergillus,10,1996.0,50.4122,185.0,0.7329,0.8663
Pink_10X_1.TIF,Aspergillus,10,192.0,15.6353,54.0,0.8274,1.0492
Pink_10X_1.TIF,Aspergillus,10,97.0,11.1132,35.0,0.9951,1.0659
Pink_10X_1.TIF,Aspergillus,10,79.0,10.0293,30.0,1.103,1.1704
Pink_10X_1.TIF,Aspergillus,10,146.0,13.6343,38.0,1.2706,1.1019
Pink_10X_1.TIF,Aspergillus,10,73.0,9.6409,29.0,1.0908,1.1967
Pink_10X_1.TIF,Aspergillus,10,1389.0,42.0539,128.0,1.0653,0.9673
Pink_10X_1.TIF,Aspergillus,10,54.0,8.2919,25.0,1.0857,1.2135
Pink_10X_1.TIF,Aspergillus,10,523.0,25.8051,117.0,0.4801,0.8275
Pink_10X_1.TIF,Aspergillus,10,1091.0,37.2707,119.0,0.9681,1.0172
Pink_10X_1.TIF,Aspergillus,10,82.0,10.2179,34.0,0.8914,1.2239
Pink_10X_1.TIF,Aspergillus,10,249.0,17.8055,90.0,0.3863,0.8204
Pink_10X_1.TIF,Aspergillus,10,748.0,30.8607,92.0,1.1105,1.0115
Pink_10X_1.TIF,Aspergillus,10,100.0,11.2838,30.0,1.3963,1.1765
Pink_10X_1.TIF,Aspergillus,10,287.0,19.116,90.0,0.4453,0.7643
Pink_10X_1.TIF,Aspergillus,10,97.0,11.1132,46.0,0.5761,0.8435
Pink_10X_1.TIF,Aspergillus,10,57.0,8.5191,28.0,0.9136,1.1633
Pink_10X_1.TIF,Aspergillus,10,572.0,26.9869,81.0,1.0956,0.9744
Pink_10X_1.TIF,Aspergillus,10,414.0,22.9591,84.0,0.7373,0.8856
Pink_10X_1.TIF,Aspergillus,10,138.0,13.2555,61.0,0.466,0.75
Pink_10X_1.TIF,Aspergillus,10,414.0,22.9591,87.0,0.6873,1.0197
Pink_10X_1.TIF,Aspergillus,10,64.0,9.027,25.0,1.2868,1.2549
Pink_10X_1.TIF,Aspergillus,10,129.0,12.8159,48.0,0.7036,1.0979
Pink_10X_1.TIF,Aspergillus,10,137.0,13.2073,64.0,0.4203,0.8954
Pink_10X_1.TIF,Aspergillus,10,129.0,12.8159,35.0,1.3233,1.1366
Pink_10X_1.TIF,Aspergillus,10,142.0,13.4462,58.0,0.5304,0.9103
Pink_10X_1.TIF,Aspergillus,10,50.0,7.9788,25.0,1.0053,1.2195
Pink_10X_1.TIF,Aspergillus,10,722.0,30.3196,188.0,0.2567,0.637
Pink_10X_1.TIF,Aspergillus,10,62.0,8.8849,33.0,0.7154,1.0598
Pink_10X_1.TIF,Aspergillus,10,1640.0,45.6959,130.0,1.2195,1.0167
Pink_10X_1.TIF,Aspergillus,10,144.0,13.5406,48.0,0.7854,0.9
Pink_10X_1.TIF,Aspergillus,10,295.0,19.3805,76.0,0.6418,1.0315
Pink_10X_1.TIF,Aspergillus,10,77.0,9.9015,32.0,0.9449,1.1241
Pink_10X_1.TIF,Aspergillus,10,123.0,12.5143,34.0,1.3371,1.1284
Pink_10X_1.TIF,Aspergillus,10,52.0,8.1369,28.0,0.8335,1.1064
Pink_10X_1.TIF,Aspergillus,10,120.0,12.3608,43.0,0.8156,1.2183
Pink_10X_1.TIF,Aspergillus,10,91.0,10.7641,37.0,0.8353,1.1166
Pink_10X_1.TIF,Aspergillus,10,254.0,17.9834,67.0,0.711,0.998
Pink_10X_1.TIF,Aspergillus,10,114.0,12.0478,39.0,0.9419,1.1813
Pink_10X_1.TIF,Aspergillus,10,87.0,10.5248,30.0,1.2147,1.1837
Pink_10X_1.TIF,Aspergillus,10,73.0,9.6409,40.0,0.5733,1.1231
Pink_10X_1.TIF,Aspergillus,10,57.0,8.5191,25.0,1.1461,1.2128
Pink_10X_1.TIF,Aspergillus,10,54.0,8.2919,27.0,0.9308,1.3671
Pink_10X_1.TIF,Aspergillus,10,86.0,10.4642,41.0,0.6429,0.9451
Pink_10X_1.TIF,Aspergillus,10,134.0,13.0619,54.0,0.5775,0.8454
Pink_10X_1.TIF,Aspergillus,10,91.0,10.7641,37.0,0.8353,1.046
Pink_10X_1.TIF,Aspergillus,10,510.0,25.4824,91.0,0.7739,0.9248
Pink_10X_1.TIF,Aspergillus,10,218.0,16.6603,97.0,0.2912,0.5775
Pink_10X_1.TIF,Aspergillus,10,446.0,23.8299,146.0,0.2629,0.4487
Pink_10X_1.TIF,Aspergillus,10,57.0,8.5191,25.0,1.1461,1.2527
Pink_10X_1.TIF,Aspergillus,10,63.0,8.9562,36.0,0.6109,1.0413
Pink_10X_2.TIF,Aspergillus,10,783697.0,998.9164,12790.0,0.0602,0.6109
Pink_10X_2.TIF,Aspergillus,10,147.0,13.6809,71.0,0.3664,0.5621
Pink_10X_2.TIF,Aspergillus,10,107.0,11.672,37.0,0.9822,1.1031
Pink_10X_2.TIF,Aspergillus,10,108.0,11.7265,46.0,0.6414,1.0435
Pink_10X_2.TIF,Aspergillus,10,191.0,15.5945,51.0,0.9228,1.0466
Pink_10X_2.TIF,Aspergillus,10,545.0,26.3423,96.0,0.7431,0.9214
Pink_10X_2.TIF,Aspergillus,10,89.0,10.6451,31.0,1.1638,1.1788
Pink_10X_2.TIF,Aspergillus,10,73.0,9.6409,31.0,0.9546,1.2167
Pink_10X_2.TIF,Aspergillus,10,133.0,13.0131,54.0,0.5732,0.9399
Pink_10X_2.TIF,Aspergillus,10,318.0,20.1219,64.0,0.9756,1.0565
Pink_10X_2.TIF,Aspergillus,10,658.0,28.9446,109.0,0.696,0.9268
Pink_10X_2.TIF,Aspergillus,10,237.0,17.3712,67.0,0.6635,0.908
Pink_10X_2.TIF,Aspergillus,10,1624.0,45.4724,258.0,0.3066,0.6163
Pink_10X_2.TIF,Aspergillus,10,317.0,20.0902,74.0,0.7275,1.0177
Pink_10X_2.TIF,Aspergillus,10,412.0,22.9036,94.0,0.5859,0.811
Pink_10X_2.TIF,Aspergillus,10,52.0,8.1369,29.0,0.777,1.1685
Pink_10X_2.TIF,Aspergillus,10,166.0,14.5381,45.0,1.0301,1.0814
Pink_10X_2.TIF,Aspergillus,10,646.0,28.6795,126.0,0.5113,0.6865
Pink_10X_2.TIF,Aspergillus,10,856.0,33.0135,151.0,0.4718,0.7351
Pink_10X_2.TIF,Aspergillus,10,659.0,28.9666,120.0,0.5751,0.8081
Pink_10X_2.TIF,Aspergillus,10,174.0,14.8843,55.0,0.7228,0.933
Pink_10X_2.TIF,Aspergillus,10,184.0,15.3061,61.0,0.6214,0.8421
Pink_10X_2.TIF,Aspergillus,10,357.0,21.3201,81.0,0.6838,0.9004
Pink_10X_2.TIF,Aspergillus,10,1120.0,37.7628,185.0,0.4112,0.5881
Pink_10X_2.TIF,Aspergillus,10,531.0,26.0017,102.0,0.6414,0.8435
Pink_10X_2.TIF,Aspergillus,10,399.0,22.5394,86.0,0.6779,0.9568
Pink_10X_2.TIF,Aspergillus,10,531.0,26.0017,86.0,0.9022,1.0271
Pink_10X_2.TIF,Aspergillus,10,829.0,32.4887,204.0,0.2503,0.5032
Pink_10X_2.TIF,Aspergillus,10,544.0,26.3181,103.0,0.6444,0.8781
Pink_10X_2.TIF,Aspergillus,10,381.0,22.0251,100.0,0.4788,0.684
Pink_10X_2.TIF,Aspergillus,10,740.0,30.6952,167.0,0.3334,0.6483
Pink_10X_2.TIF,Aspergillus,10,396.0,22.4545,78.0,0.8179,0.9647
Pink_10X_2.TIF,Aspergillus,10,112.0,11.9416,37.0,1.0281,1.1371
Pink_10X_2.TIF,Aspergillus,10,175.0,14.9271,67.0,0.4899,0.6679
Pink_10X_2.TIF,Aspergillus,10,340.0,20.8063,67.0,0.9518,1.0074
Pink_10X_2.TIF,Aspergillus,10,1455.0,43.0414,209.0,0.4186,0.7125
Pink_10X_2.TIF,Aspergillus,10,58.0,8.5935,27.0,0.9998,1.2211
Pink_10X_2.TIF,Aspergillus,10,1396.0,42.1597,133.0,0.9917,0.9852
Pink_10X_2.TIF,Aspergillus,10,51.0,8.0582,22.0,1.3241,1.3077
Pink_10X_2.TIF,Aspergillus,10,171.0,14.7555,47.0,0.9728,1.0892
Pink_10X_2.TIF,Aspergillus,10,124.0,12.5651,39.0,1.0245,1.0508
Pink_10X_2.TIF,Aspergillus,10,1203.0,39.137,180.0,0.4666,0.7789
Pink_10X_2.TIF,Aspergillus,10,110.0,11.8345,36.0,1.0666,1.0891
Pink_10X_2.TIF,Aspergillus,10,2405.0,55.3366,265.0,0.4304,0.7989
Pink_10X_2.TIF,Aspergillus,10,67.0,9.2362,28.0,1.0739,1.2182
Pink_10X_2.TIF,Aspergillus,10,61.0,8.8129,30.0,0.8517,1.2979
Pink_10X_2.TIF,Aspergillus,10,609.0,27.8461,133.0,0.4326,0.7077
Pink_10X_2.TIF,Aspergillus,10,1274.0,40.2754,161.0,0.6176,0.8605
Pink_10X_2.TIF,Aspergillus,10,60.0,8.7404,28.0,0.9617,1.1215
Pink_10X_2.TIF,Aspergillus,10,56.0,8.444,24.0,1.2217,1.2874
Pink_10X_2.TIF,Aspergillus,10,238.0,17.4078,64.0,0.7302,0.9315
Pink_10X_2.TIF,Aspergillus,10,854.0,32.9749,186.0,0.3102,0.5993
Pink_10X_2.TIF,Aspergillus,10,57.0,8.5191,26.0,1.0596,1.2667
Pink_10X_2.TIF,Aspergillus,10,669.0,29.1856,133.0,0.4753,0.8085
Pink_10X_2.TIF,Aspergillus,10,8482.0,103.9212,740.0,0.1946,0.6019
Pink_10X_2.TIF,Aspergillus,10,485.0,24.85,127.0,0.3779,0.6694
Pink_10X_2.TIF,Aspergillus,10,1471.0,43.2774,160.0,0.7221,0.8921
Pink_10X_2.TIF,Aspergillus,10,422.0,23.1799,127.0,0.3288,0.6332
Pink_10X_2.TIF,Aspergillus,10,1089.0,37.2365,146.0,0.642,0.9702
Pink_10X_2.TIF,Aspergillus,10,871.0,33.3015,180.0,0.3378,0.6755
Pink_10X_2.TIF,Aspergillus,10,105.0,11.5624,31.0,1.373,1.1538
Pink_10X_2.TIF,Aspergillus,10,1240.0,39.7343,234.0,0.2846,0.5743
Pink_10X_2.TIF,Aspergillus,10,91.0,10.7641,35.0,0.9335,1.0706
Pink_10X_2.TIF,Aspergillus,10,360.0,21.4095,85.0,0.6261,0.8501
Pink_10X_2.TIF,Aspergillus,10,142.0,13.4462,58.0,0.5304,0.9191
Pink_10X_2.TIF,Aspergillus,10,54.0,8.2919,24.0,1.1781,1.1868
Pink_10X_2.TIF,Aspergillus,10,204.0,16.1165,51.0,0.9856,1.0515
Pink_10X_2.TIF,Aspergillus,10,848.0,32.8589,145.0,0.5068,0.7801
Pink_10X_2.TIF,Aspergillus,10,51.0,8.0582,26.0,0.9481,1.1087
Pink_10X_2.TIF,Aspergillus,10,67.0,9.2362,30.0,0.9355,1.1167
Pink_10X_2.TIF,Aspergillus,10,708.0,30.0242,110.0,0.7353,0.8917
Pink_10X_2.TIF,Aspergillus,10,109.0,11.7806,41.0,0.8148,1.0093
Pink_10X_2.TIF,Aspergillus,10,342.0,20.8674,74.0,0.7848,0.9856
Pink_10X_2.TIF,Aspergillus,10,306.0,19.7386,82.0,0.5719,0.8844
Pink_10X_2.TIF,Aspergillus,10,178.0,15.0545,45.0,1.1046,1.0788
Pink_10X_2.TIF,Aspergillus,10,84.0,10.3418,31.0,1.0984,1.1667
Pink_10X_2.TIF,Aspergillus,10,447.0,23.8566,110.0,0.4642,0.77
Pink_10X_2.TIF,Aspergillus,10,81.0,10.1554,27.0,1.3963,1.1825
Pink_10X_2.TIF,Aspergillus,10,57.0,8.5191,25.0,1.1461,1.2258
Pink_10X_2.TIF,Aspergillus,10,3257.0,64.3967,478.0,0.1791,0.5056
Pink_10X_2.TIF,Aspergillus,10,640.0,28.546,111.0,0.6527,0.969
Pink_10X_2.TIF,Aspergillus,10,506.0,25.3823,101.0,0.6233,0.8064
Pink_10X_2.TIF,Aspergillus,10,227.0,17.0007,62.0,0.7421,0.9439
Pink_10X_2.TIF,Aspergillus,10,99.0,11.2272,38.0,0.8615,1.0313
Pink_10X_2.TIF,Aspergillus,10,3740.0,69.0066,467.0,0.2155,0.4687
Pink_10X_2.TIF,Aspergillus,10,667.0,29.1419,166.0,0.3042,0.5846
Pink_10X_2.TIF,Aspergillus,10,1544.0,44.3383,185.0,0.5669,0.8226
Pink_10X_2.TIF,Aspergillus,10,148.0,13.7273,39.0,1.2228,1.0963
Pink_10X_2.TIF,Aspergillus,10,203.0,16.0769,64.0,0.6228,0.8547
Pink_10X_2.TIF,Aspergillus,10,72.0,9.5746,31.0,0.9415,1.036
Pink_10X_2.TIF,Aspergillus,10,156.0,14.0935,51.0,0.7537,0.8864
Pink_10X_2.TIF,Aspergillus,10,58.0,8.5935,28.0,0.9297,1.1373
Pink_10X_2.TIF,Aspergillus,10,231.0,17.1499,55.0,0.9596,1.0022
Pink_10X_2.TIF,Aspergillus,10,3615.0,67.8437,383.0,0.3097,0.6898
Pink_10X_2.TIF,Aspergillus,10,217.0,16.6221,63.0,0.6871,0.9841
Pink_10X_2.TIF,Aspergillus,10,1836.0,48.3494,219.0,0.4811,0.8007
Pink_10X_2.TIF,Aspergillus,10,749.0,30.8813,122.0,0.6324,0.877
Pink_10X_2.TIF,Aspergillus,10,1106.0,37.526,205.0,0.3307,0.6256
Pink_10X_2.TIF,Aspergillus,10,3150.0,63.3301,429.0,0.2151,0.4769
Pink_10X_2.TIF,Aspergillus,10,130.0,12.8655,38.0,1.1313,1.1607
Pink_10X_2.TIF,Aspergillus,10,85.0,10.4031,32.0,1.0431,1.1333
Pink_10X_2.TIF,Aspergillus,10,97.0,11.1132,33.0,1.1193,1.1479
Pink_10X_2.TIF,Aspergillus,10,66.0,9.167,28.0,1.0579,1.1579
Pink_10X_2.TIF,Aspergillus,10,3279.0,64.6139,337.0,0.3628,0.7411
Pink_10X_2.TIF,Aspergillus,10,72.0,9.5746,26.0,1.3384,1.1707
Pink_10X_2.TIF,Aspergillus,10,1724.0,46.8515,203.0,0.5257,0.7714
Pink_10X_2.TIF,Aspergillus,10,1848.0,48.5072,293.0,0.2705,0.6544
Pink_10X_2.TIF,Aspergillus,10,547.0,26.3906,126.0,0.433,0.7882
Pink_10X_2.TIF,Aspergillus,10,5114.0,80.6929,497.0,0.2602,0.6438
Pink_10X_2.TIF,Aspergillus,10,740.0,30.6952,123.0,0.6147,0.7827
Pink_10X_2.TIF,Aspergillus,10,175.0,14.9271,47.0,0.9955,1.0511
Pink_10X_2.TIF,Aspergillus,10,375.0,21.851,115.0,0.3563,0.6044
Pink_10X_2.TIF,Aspergillus,10,666.0,29.1201,150.0,0.372,0.6902
Pink_10X_2.TIF,Aspergillus,10,57.0,8.5191,26.0,1.0596,1.2128
Pink_10X_2.TIF,Aspergillus,10,368.0,21.6461,82.0,0.6877,0.9571
Pink_10X_2.TIF,Aspergillus,10,738.0,30.6537,96.0,1.0063,0.9723
Pink_10X_2.TIF,Aspergillus,10,970.0,35.1432,149.0,0.549,0.8245
Pink_10X_2.TIF,Aspergillus,10,205.0,16.1559,55.0,0.8516,1.0433
Pink_10X_2.TIF,Aspergillus,10,404.0,22.6801,85.0,0.7027,0.9203
Pink_10X_2.TIF,Aspergillus,10,1922.0,49.4688,380.0,0.1673,0.4511
Pink_10X_2.TIF,Aspergillus,10,101.0,11.3401,34.0,1.0979,1.1609
Pink_10X_2.TIF,Aspergillus,10,378.0,21.9382,62.0,1.2357,1.0633
Pink_10X_2.TIF,Aspergillus,10,184.0,15.3061,66.0,0.5308,0.8106
Pink_10X_2.TIF,Aspergillus,10,7593.0,98.3245,865.0,0.1275,0.4816
Pink_10X_2.TIF,Aspergillus,10,155.0,14.0482,51.0,0.7489,0.9538
Pink_10X_2.TIF,Aspergillus,10,71.0,9.5079,32.0,0.8713,1.1933
Pink_10X_2.TIF,Aspergillus,10,241.0,17.5172,64.0,0.7394,0.9488
Pink_10X_2.TIF,Aspergillus,10,1094.0,37.3219,219.0,0.2866,0.6724
Pink_10X_2.TIF,Aspergillus,10,388.0,22.2265,80.0,0.7618,0.9227
Pink_10X_2.TIF,Aspergillus,10,758.0,31.0663,112.0,0.7594,0.9404
Pink_10X_2.TIF,Aspergillus,10,61.0,8.8129,23.0,1.4491,1.2449
Pink_10X_2.TIF,Aspergillus,10,358.0,21.3499,107.0,0.3929,0.8775
Pink_10X_2.TIF,Aspergillus,10,92.0,10.823,33.0,1.0616,1.1018
Pink_10X_2.TIF,Aspergillus,10,231.0,17.1499,58.0,0.8629,0.9625
Pink_10X_2.TIF,Aspergillus,10,371.0,21.7341,74.0,0.8514,0.9587
Pink_10X_2.TIF,Aspergillus,10,66.0,9.167,27.0,1.1377,1.2336
Pink_10X_2.TIF,Aspergillus,10,142.0,13.4462,43.0,0.9651,1.0597
Pink_10X_2.TIF,Aspergillus,10,62.0,8.8849,24.0,1.3526,1.24
Pink_10X_2.TIF,Aspergillus,10,4280.0,73.8205,286.0,0.6575,0.8211
Pink_10X_2.TIF,Aspergillus,10,458.0,24.1484,89.0,0.7266,0.9124
Pink_10X_2.TIF,Aspergillus,10,551.0,26.4869,105.0,0.628,0.8348
Pink_10X_2.TIF,Aspergillus,10,1059.0,36.72,130.0,0.7874,0.9716
Pink_10X_2.TIF,Aspergillus,10,227.0,17.0007,69.0,0.5992,0.7979
Pink_10X_2.TIF,Aspergillus,10,96.0,11.0558,47.0,0.5461,0.8458
Pink_10X_2.TIF,Aspergillus,10,132.0,12.9641,51.0,0.6377,0.901
Pink_10X_2.TIF,Aspergillus,10,336.0,20.6835,109.0,0.3554,0.6115
Pink_10X_2.TIF,Aspergillus,10,2584.0,57.359,238.0,0.5733,0.9139
Pink_10X_2.TIF,Aspergillus,10,2774.0,59.4303,259.0,0.5197,0.841
Pink_10X_2.TIF,Aspergillus,10,1980.0,50.2097,287.0,0.3021,0.6042
Pink_10X_2.TIF,Aspergillus,10,2426.0,55.5777,306.0,0.3256,0.7102
Pink_10X_2.TIF,Aspergillus,10,126.0,12.666,37.0,1.1566,1.1101
Pink_10X_2.TIF,Aspergillus,10,516.0,25.6318,109.0,0.5458,0.8761
Pink_10X_2.TIF,Aspergillus,10,5124.0,80.7718,802.0,0.1001,0.3021
Pink_10X_2.TIF,Aspergillus,10,627.0,28.2546,143.0,0.3853,0.7073
Pink_10X_2.TIF,Aspergillus,10,1553.0,44.4673,221.0,0.3996,0.6746
Pink_10X_2.TIF,Aspergillus,10,181.0,15.1808,65.0,0.5383,0.7653
Pink_10X_2.TIF,Aspergillus,10,158.0,14.1835,48.0,0.8618,0.9875
Pink_10X_2.TIF,Aspergillus,10,562.0,26.75,147.0,0.3268,0.6558
Pink_10X_2.TIF,Aspergillus,10,22946.0,170.9262,1971.0,0.0742,0.472
Pink_10X_2.TIF,Aspergillus,10,281.0,18.9151,111.0,0.2866,0.7025
Pink_10X_2.TIF,Aspergillus,10,301.0,19.5766,71.0,0.7503,0.9319
Pink_10X_2.TIF,Aspergillus,10,6689.0,92.286,478.0,0.3679,0.7097
Pink_10X_2.TIF,Aspergillus,10,53.0,8.2147,25.0,1.0656,1.2771
Pink_10X_2.TIF,Aspergillus,10,843.0,32.7619,224.0,0.2111,0.5702
Pink_10X_2.TIF,Aspergillus,10,236.0,17.3345,72.0,0.5721,0.8708
Pink_10X_2.TIF,Aspergillus,10,70.0,9.4407,26.0,1.3013,1.1966
Pink_10X_2.TIF,Aspergillus,10,112.0,11.9416,41.0,0.8373,1.1089
Pink_10X_2.TIF,Aspergillus,10,1381.0,41.9326,171.0,0.5935,0.8853
Pink_10X_2.TIF,Aspergillus,10,960.0,34.9615,128.0,0.7363,0.9289
Pink_10X_2.TIF,Aspergillus,10,556.0,26.6068,156.0,0.2871,0.5608
Pink_10X_2.TIF,Aspergillus,10,186.0,15.389,52.0,0.8644,1.072
Pink_10X_2.TIF,Aspergillus,10,159.0,14.2283,61.0,0.537,1.0258
Pink_10X_2.TIF,Aspergillus,10,51.0,8.0582,25.0,1.0254,1.2593
Pink_10X_2.TIF,Aspergillus,10,4829.0,78.4122,632.0,0.1519,0.4778
Pink_10X_2.TIF,Aspergillus,10,1819.0,48.1251,244.0,0.3839,0.6611
Pink_10X_2.TIF,Aspergillus,10,63.0,8.9562,33.0,0.727,1.0161
Pink_10X_2.TIF,Aspergillus,10,1196.0,39.023,171.0,0.514,0.803
Pink_10X_2.TIF,Aspergillus,10,197.0,15.8376,68.0,0.5354,0.9426
Pink_10X_2.TIF,Aspergillus,10,445.0,23.8032,98.0,0.5823,0.9748
Pink_10X_2.TIF,Aspergillus,10,117.0,12.2053,44.0,0.7594,1.0446
Pink_10X_2.TIF,Aspergillus,10,58.0,8.5935,26.0,1.0782,1.2211
Pink_10X_2.TIF,Aspergillus,10,66.0,9.167,28.0,1.0579,1.1478
Pink_10X_2.TIF,Aspergillus,10,58.0,8.5935,24.0,1.2654,1.2211
Pink_10X_2.TIF,Aspergillus,10,1589.0,44.9797,301.0,0.2204,0.6403
Pink_10X_2.TIF,Aspergillus,10,1345.0,41.3825,230.0,0.3195,0.6265
Pink_10X_2.TIF,Aspergillus,10,1437.0,42.7744,226.0,0.3535,0.5742
Pink_10X_2.TIF,Aspergillus,10,1059.0,36.72,215.0,0.2879,0.5981
Pink_10X_2.TIF,Aspergillus,10,77.0,9.9015,28.0,1.2342,1.2126
Pink_10X_2.TIF,Aspergillus,10,128.0,12.7662,41.0,0.9569,1.0802
Pink_10X_2.TIF,Aspergillus,10,1188.0,38.8923,127.0,0.9256,1.0141
Pink_10X_2.TIF,Aspergillus,10,66.0,9.167,26.0,1.2269,1.2
Pink_10X_2.TIF,Aspergillus,10,33617.0,206.8876,2397.0,0.0735,0.5667
Pink_10X_2.TIF,Aspergillus,10,322.0,20.248,80.0,0.6322,0.8267
Pink_10X_2.TIF,Aspergillus,10,125.0,12.6157,38.0,1.0878,1.0684
Pink_10X_2.TIF,Aspergillus,10,243.0,17.5897,88.0,0.3943,0.7319
Pink_10X_2.TIF,Aspergillus,10,264.0,18.334,71.0,0.6581,0.88
Pink_10X_2.TIF,Aspergillus,10,753.0,30.9637,109.0,0.7964,0.9629
Pink_10X_2.TIF,Aspergillus,10,94.0,10.94,48.0,0.5127,0.8826
Pink_10X_2.TIF,Aspergillus,10,223.0,16.8503,77.0,0.4726,0.7922
Pink_10X_2.TIF,Aspergillus,10,74.0,9.7067,25.0,1.4879,1.184
Pink_10X_2.TIF,Aspergillus,10,1724.0,46.8515,286.0,0.2649,0.5801
Pink_10X_2.TIF,Aspergillus,10,104.0,11.5073,37.0,0.9546,1.1005
Pink_10X_2.TIF,Aspergillus,10,291.0,19.2487,75.0,0.6501,0.751
Pink_10X_2.TIF,Aspergillus,10,210.0,16.3518,66.0,0.6058,1.037
Pink_10X_2.TIF,Aspergillus,10,102.0,11.3961,45.0,0.633,1.0515
Pink_10X_2.TIF,Aspergillus,10,56.0,8.444,26.0,1.041,1.3176
Pink_10X_2.TIF,Aspergillus,10,427.0,23.3168,98.0,0.5587,0.9163
Pink_10X_2.TIF,Aspergillus,10,85.0,10.4031,30.0,1.1868,1.1644
Pink_10X_2.TIF,Aspergillus,10,109.0,11.7806,40.0,0.8561,1.0481
Pink_10X_2.TIF,Aspergillus,10,296.0,19.4134,101.0,0.3646,0.8744
Pink_10X_2.TIF,Aspergillus,10,9321.0,108.9397,1004.0,0.1162,0.4029
Pink_10X_2.TIF,Aspergillus,10,971.0,35.1613,164.0,0.4537,0.7148
Pink_10X_2.TIF,Aspergillus,10,527.0,25.9036,89.0,0.8361,0.9173
Pink_10X_2.TIF,Aspergillus,10,72.0,9.5746,34.0,0.7827,1.1163
Pink_10X_2.TIF,Aspergillus,10,3214.0,63.9702,426.0,0.2226,0.5729
Pink_10X_2.TIF,Aspergillus,10,5292.0,82.0852,650.0,0.1574,0.3563
Pink_10X_2.TIF,Aspergillus,10,434.0,23.5071,98.0,0.5679,0.7827
Pink_10X_2.TIF,Aspergillus,10,1383.0,41.963,235.0,0.3147,0.7352
Pink_10X_2.TIF,Aspergillus,10,2995.0,61.7523,400.0,0.2352,0.5605
Pink_10X_2.TIF,Aspergillus,10,1186.0,38.8595,212.0,0.3316,0.4941
Pink_10X_2.TIF,Aspergillus,10,340.0,20.8063,81.0,0.6512,0.9659
Pink_10X_2.TIF,Aspergillus,10,54.0,8.2919,22.0,1.402,1.2857
Pink_10X_2.TIF,Aspergillus,10,213.0,16.4682,51.0,1.0291,1.0951
Pink_10X_2.TIF,Aspergillus,10,94.0,10.94,32.0,1.1536,1.1325
Pink_10X_2.TIF,Aspergillus,10,128.0,12.7662,36.0,1.2411,1.1278
Pink_10X_2.TIF,Aspergillus,10,237.0,17.3712,80.0,0.4653,0.9854
Pink_10X_2.TIF,Aspergillus,10,104.0,11.5073,39.0,0.8592,1.1243
Pink_10X_2.TIF,Aspergillus,10,17815.0,150.608,1192.0,0.1576,0.5722
Pink_10X_2.TIF,Aspergillus,10,226.0,16.9633,62.0,0.7388,0.972
Pink_10X_2.TIF,Aspergillus,10,53.0,8.2147,22.0,1.3761,1.2927
Pink_10X_2.TIF,Aspergillus,10,465.0,24.3322,122.0,0.3926,0.7506
Pink_10X_2.TIF,Aspergillus,10,126.0,12.666,39.0,1.041,1.115
Pink_10X_2.TIF,Aspergillus,10,583.0,27.2452,142.0,0.3633,0.6982
Pink_10X_2.TIF,Aspergillus,10,1151.0,38.2818,113.0,1.1327,1.0295
Pink_10X_2.TIF,Aspergillus,10,95.0,10.9981,50.0,0.4775,0.9948
Pink_10X_2.TIF,Aspergillus,10,3342.0,65.2316,329.0,0.388,0.7678
Pink_10X_2.TIF,Aspergillus,10,91.0,10.7641,32.0,1.1167,1.1375
Pink_10X_2.TIF,Aspergillus,10,652.0,28.8124,131.0,0.4774,0.8413
Pink_10X_2.TIF,Aspergillus,10,81.0,10.1554,40.0,0.6362,1.1172
Pink_10X_2.TIF,Aspergillus,10,65.0,9.0973,28.0,1.0419,1.1607
Pink_10X_2.TIF,Aspergillus,10,94.0,10.94,33.0,1.0847,1.1394
Pink_10X_2.TIF,Aspergillus,10,163.0,14.4062,44.0,1.058,1.1126
Pink_10X_2.TIF,Aspergillus,10,68.0,9.3049,27.0,1.1722,1.1826
Pink_10X_2.TIF,Aspergillus,10,708.0,30.0242,143.0,0.4351,0.6305
Pink_10X_2.TIF,Aspergillus,10,891.0,33.6817,125.0,0.7166,0.8932
Pink_10X_2.TIF,Aspergillus,10,62.0,8.8849,31.0,0.8107,1.181
Pink_10X_2.TIF,Aspergillus,10,99.0,11.2272,41.0,0.7401,1.0761
Pink_10X_2.TIF,Aspergillus,10,247.0,17.7339,66.0,0.7126,1.0292
Pink_10X_2.TIF,Aspergillus,10,251.0,17.8769,116.0,0.2344,0.7021
Pink_10X_2.TIF,Aspergillus,10,1025.0,36.1258,127.0,0.7986,0.9923
Pink_10X_2.TIF,Aspergillus,10,79.0,10.0293,44.0,0.5128,1.0128
Pink_10X_2.TIF,Aspergillus,10,567.0,26.8687,103.0,0.6716,0.8972
Pink_10X_2.TIF,Aspergillus,10,573.0,27.0105,138.0,0.3781,0.5716
Pink_10X_2.TIF,Aspergillus,10,439.0,23.6422,131.0,0.3215,0.5494
Pink_10X_2.TIF,Aspergillus,10,870.0,33.2824,164.0,0.4065,0.7733
Pink_10X_2.TIF,Aspergillus,10,903.0,33.9077,192.0,0.3078,0.7393
Pink_10X_2.TIF,Aspergillus,10,420.0,23.1249,109.0,0.4442,0.6568
Pink_10X_2.TIF,Aspergillus,10,122.0,12.4634,39.0,1.008,1.0796
Pink_10X_2.TIF,Aspergillus,10,845.0,32.8007,129.0,0.6381,0.9337
Pink_10X_2.TIF,Aspergillus,10,491.0,25.0032,125.0,0.3949,0.6103
Pink_10X_2.TIF,Aspergillus,10,120.0,12.3608,52.0,0.5577,1.2308
Pink_10X_2.TIF,Aspergillus,10,79.0,10.0293,38.0,0.6875,1.0533
Pink_10X_2.TIF,Aspergillus,10,88.0,10.5851,48.0,0.48,1.0233
Pink_10X_2.TIF,Aspergillus,10,2295.0,54.0563,165.0,1.0593,0.9972
Pink_10X_2.TIF,Aspergillus,10,284.0,19.0158,69.0,0.7496,0.9435
Pink_10X_2.TIF,Aspergillus,10,1878.0,48.8993,176.0,0.7619,0.9514
Pink_10X_2.TIF,Aspergillus,10,1002.0,35.7181,286.0,0.1539,0.3082
Pink_10X_2.TIF,Aspergillus,10,386.0,22.1691,102.0,0.4662,0.6354
Pink_10X_2.TIF,Aspergillus,10,494.0,25.0795,114.0,0.4777,0.9006
Pink_10X_2.TIF,Aspergillus,10,657.0,28.9226,120.0,0.5733,0.7878
Pink_10X_2.TIF,Aspergillus,10,1395.0,42.1446,138.0,0.9205,0.9677
Pink_10X_2.TIF,Aspergillus,10,156.0,14.0935,52.0,0.725,0.96
Pink_10X_2.TIF,Aspergillus,10,1979.0,50.197,215.0,0.538,0.837
Pink_10X_2.TIF,Aspergillus,10,2010.0,50.5886,277.0,0.3292,0.6458
Pink_10X_2.TIF,Aspergillus,10,1704.0,46.579,166.0,0.7771,0.8296
Pink_10X_2.TIF,Aspergillus,10,3756.0,69.1541,282.0,0.5935,0.7709
Pink_10X_2.TIF,Aspergillus,10,1279.0,40.3543,194.0,0.427,0.7249
Pink_10X_2.TIF,Aspergillus,10,1336.0,41.2438,223.0,0.3376,0.7056
Pink_10X_2.TIF,Aspergillus,10,1220.0,39.4126,258.0,0.2303,0.5437
Pink_10X_2.TIF,Aspergillus,10,75.0,9.7721,35.0,0.7694,0.9934
Pink_10X_2.TIF,Aspergillus,10,68.0,9.3049,34.0,0.7392,1.1826
Pink_10X_2.TIF,Aspergillus,10,1780.0,47.6064,240.0,0.3883,0.7539
Pink_10X_2.TIF,Aspergillus,10,59.0,8.6672,29.0,0.8816,1.1683
Pink_10X_2.TIF,Aspergillus,10,145.0,13.5875,45.0,0.8998,1.1154
Pink_10X_2.TIF,Aspergillus,10,3055.0,62.3678,510.0,0.1476,0.3926
Pink_10X_2.TIF,Aspergillus,10,234.0,17.2609,54.0,1.0084,1.04
Pink_10X_2.TIF,Aspergillus,10,700.0,29.8541,233.0,0.162,0.3438
Pink_10X_2.TIF,Aspergillus,10,8574.0,104.4833,658.0,0.2489,0.6404
Pink_10X_2.TIF,Aspergillus,10,754.0,30.9842,120.0,0.658,0.8913
Pink_10X_2.TIF,Aspergillus,10,201.0,15.9975,50.0,1.0103,1.1014
Pink_10X_2.TIF,Aspergillus,10,91.0,10.7641,47.0,0.5177,1.0341
Pink_10X_2.TIF,Aspergillus,10,575.0,27.0576,175.0,0.2359,0.864
Pink_10X_2.TIF,Aspergillus,10,489.0,24.9522,156.0,0.2525,0.6892
Pink_10X_2.TIF,Aspergillus,10,732.0,30.5289,168.0,0.3259,0.6162
Pink_10X_2.TIF,Aspergillus,10,90.0,10.7047,33.0,1.0385,1.1043
Pink_10X_2.TIF,Aspergillus,10,405.0,22.7082,84.0,0.7213,0.9866
Pink_10X_2.TIF,Aspergillus,10,91.0,10.7641,42.0,0.6483,1.0833
Pink_10X_2.TIF,Aspergillus,10,75.0,9.7721,37.0,0.6884,1.0274
Pink_10X_2.TIF,Aspergillus,10,2890.0,60.6602,422.0,0.2039,0.4645
Pink_10X_2.TIF,Aspergillus,10,68.0,9.3049,25.0,1.3672,1.2252
Pink_10X_2.TIF,Aspergillus,10,125.0,12.6157,39.0,1.0327,1.1211
Pink_10X_2.TIF,Aspergillus,10,356.0,21.2902,132.0,0.2568,0.6357
Pink_10X_2.TIF,Aspergillus,10,106.0,11.6174,58.0,0.396,0.7114
Pink_10X_2.TIF,Aspergillus,10,375.0,21.851,67.0,1.0498,1.0135
Pink_10X_2.TIF,Aspergillus,10,990.0,35.5036,118.0,0.8935,0.9773
Pink_10X_2.TIF,Aspergillus,10,337.0,20.7143,63.0,1.067,0.9985
Pink_10X_2.TIF,Aspergillus,10,488.0,24.9267,91.0,0.7405,0.9741
Pink_10X_2.TIF,Aspergillus,10,154.0,14.0028,68.0,0.4185,0.6581
Pink_10X_2.TIF,Aspergillus,10,846.0,32.8201,108.0,0.9114,1.0267
Pink_10X_2.TIF,Aspergillus,10,143.0,13.4935,47.0,0.8135,0.9828
Pink_10X_2.TIF,Aspergillus,10,84.0,10.3418,33.0,0.9693,1.1275
Pink_10X_2.TIF,Aspergillus,10,2324.0,54.3968,274.0,0.389,0.6524
Pink_10X_2.TIF,Aspergillus,10,566.0,26.845,104.0,0.6576,0.8991
Pink_10X_2.TIF,Aspergillus,10,247.0,17.7339,63.0,0.782,0.994
Pink_10X_2.TIF,Aspergillus,10,852.0,32.9363,112.0,0.8535,0.9737
Pink_10X_2.TIF,Aspergillus,10,733.0,30.5497,162.0,0.351,0.6111
Pink_10X_2.TIF,Aspergillus,10,215.0,16.5453,62.0,0.7029,0.9348
Pink_10X_2.TIF,Aspergillus,10,74.0,9.7067,46.0,0.4395,1.1298
Pink_10X_2.TIF,Aspergillus,10,129.0,12.8159,68.0,0.3506,1.1316
Pink_10X_2.TIF,Aspergillus,10,2124.0,52.0035,299.0,0.2986,0.653
Pink_10X_2.TIF,Aspergillus,10,2672.0,58.3275,314.0,0.3406,0.683
Pink_10X_2.TIF,Aspergillus,10,1021.0,36.0552,180.0,0.396,0.6658
Pink_10X_2.TIF,Aspergillus,10,96.0,11.0558,47.0,0.5461,0.9231
Pink_10X_2.TIF,Aspergillus,10,874.0,33.3588,127.0,0.6809,0.8372
Pink_10X_2.TIF,Aspergillus,10,1123.0,37.8133,187.0,0.4036,0.7171
Pink_10X_2.TIF,Aspergillus,10,231.0,17.1499,59.0,0.8339,0.9851
Pink_10X_2.TIF,Aspergillus,10,868.0,33.2441,186.0,0.3153,0.542
Pink_10X_2.TIF,Aspergillus,10,20815.0,162.7958,907.0,0.318,0.5989
Pink_10X_2.TIF,Aspergillus,10,165.0,14.4943,51.0,0.7972,1.0577
Pink_10X_2.TIF,Aspergillus,10,272.0,18.6097,96.0,0.3709,0.661
Pink_10X_2.TIF,Aspergillus,10,425.0,23.2621,92.0,0.631,0.8492
Pink_10X_2.TIF,Aspergillus,10,117.0,12.2053,43.0,0.7952,1.0783
Pink_10X_2.TIF,Aspergillus,10,289.0,19.1824,64.0,0.8866,1.014
Pink_10X_2.TIF,Aspergillus,10,400.0,22.5676,93.0,0.5812,0.8565
Pink_10X_2.TIF,Aspergillus,10,669.0,29.1856,218.0,0.1769,0.4109
Pink_10X_2.TIF,Aspergillus,10,889.0,33.6439,123.0,0.7384,0.909
Pink_10X_2.TIF,Aspergillus,10,50.0,7.9788,24.0,1.0908,1.1905
Pink_10X_2.TIF,Aspergillus,10,2984.0,61.6388,397.0,0.2379,0.6187
Pink_10X_2.TIF,Aspergillus,10,110.0,11.8345,42.0,0.7836,1.0945
Pink_10X_2.TIF,Aspergillus,10,46469.0,243.241,2939.0,0.0676,0.3267
Pink_10X_2.TIF,Aspergillus,10,68.0,9.3049,28.0,1.0899,1.283
Pink_10X_2.TIF,Aspergillus,10,302.0,19.6091,72.0,0.7321,0.925
Pink_10X_2.TIF,Aspergillus,10,179.0,15.0967,65.0,0.5324,0.9944
Pink_10X_2.TIF,Aspergillus,10,3445.0,66.2292,497.0,0.1753,0.5217
Pink_10X_2.TIF,Aspergillus,10,96.0,11.0558,43.0,0.6524,1.0971
Pink_10X_2.TIF,Aspergillus,10,465.0,24.3322,91.0,0.7056,0.9328
Pink_10X_2.TIF,Aspergillus,10,1585.0,44.9231,278.0,0.2577,0.5582
Pink_10X_2.TIF,Aspergillus,10,285.0,19.0492,80.0,0.5596,0.8636
Pink_10X_2.TIF,Aspergillus,10,77.0,9.9015,30.0,1.0751,1.232
Pink_10X_2.TIF,Aspergillus,10,165.0,14.4943,62.0,0.5394,0.7952
Pink_10X_2.TIF,Aspergillus,10,1924.0,49.4946,196.0,0.6294,0.7523
Pink_10X_2.TIF,Aspergillus,10,237.0,17.3712,51.0,1.145,1.0998
Pink_10X_2.TIF,Aspergillus,10,128.0,12.7662,49.0,0.6699,0.9697
Pink_10X_2.TIF,Aspergillus,10,79.0,10.0293,48.0,0.4309,1.1049
Pink_10X_2.TIF,Aspergillus,10,167.0,14.5819,62.0,0.5459,0.8907
Pink_10X_2.TIF,Aspergillus,10,294.0,19.3477,85.0,0.5114,0.8936
Pink_10X_2.TIF,Aspergillus,10,2063.0,51.2513,227.0,0.5031,0.8623
Pink_10X_2.TIF,Aspergillus,10,52.0,8.1369,24.0,1.1345,1.1685
Pink_10X_2.TIF,Aspergillus,10,68.0,9.3049,38.0,0.5918,0.8718
Pink_10X_2.TIF,Aspergillus,10,121.0,12.4122,43.0,0.8224,1.1204
Pink_10X_2.TIF,Aspergillus,10,81.0,10.1554,30.0,1.131,1.2273
Pink_10X_2.TIF,Aspergillus,10,114.0,12.0478,35.0,1.1694,1.1343
Pink_10X_2.TIF,Aspergillus,10,92.0,10.823,29.0,1.3747,1.1795
Pink_10X_2.TIF,Aspergillus,10,153.0,13.9573,68.0,0.4158,1.02
Pink_10X_2.TIF,Aspergillus,10,998.0,35.6468,161.0,0.4838,0.7624
Pink_10X_2.TIF,Aspergillus,10,278.0,18.8138,62.0,0.9088,0.9964
Pink_10X_2.TIF,Aspergillus,10,125.0,12.6157,47.0,0.7111,0.9615
Pink_10X_2.TIF,Aspergillus,10,136.0,13.159,44.0,0.8828,0.968
Pink_10X_2.TIF,Aspergillus,10,3912.0,70.5756,510.0,0.189,0.5908
Pink_10X_2.TIF,Aspergillus,10,1398.0,42.1899,209.0,0.4022,0.7553
Pink_10X_2.TIF,Aspergillus,10,272.0,18.6097,68.0,0.7392,0.8487
Pink_10X_2.TIF,Aspergillus,10,1214.0,39.3156,182.0,0.4606,0.8131
Pink_10X_2.TIF,Aspergillus,10,74.0,9.7067,41.0,0.5532,0.9933
Pink_10X_2.TIF,Aspergillus,10,419.0,23.0973,133.0,0.2977,0.5091
Pink_10X_2.TIF,Aspergillus,10,141.0,13.3988,62.0,0.4609,0.986
Pink_10X_2.TIF,Aspergillus,10,4793.0,78.1194,279.0,0.7738,0.9201
Pink_10X_2.TIF,Aspergillus,10,609.0,27.8461,105.0,0.6941,0.9049
Pink_10X_2.TIF,Aspergillus,10,78.0,9.9656,38.0,0.6788,0.9455
Pink_10X_2.TIF,Aspergillus,10,106.0,11.6174,54.0,0.4568,0.7491
Pink_10X_2.TIF,Aspergillus,10,84.0,10.3418,33.0,0.9693,1.2174
Pink_10X_2.TIF,Aspergillus,10,53.0,8.2147,32.0,0.6504,1.3766
Pink_10X_2.TIF,Aspergillus,10,579.0,27.1515,102.0,0.6993,0.9445
Pink_10X_2.TIF,Aspergillus,10,839.0,32.6841,167.0,0.378,0.7189
Pink_10X_2.TIF,Aspergillus,10,59.0,8.6672,27.0,1.017,1.1683
Pink_10X_2.TIF,Aspergillus,10,1267.0,40.1646,256.0,0.2429,0.4968
Pink_10X_2.TIF,Aspergillus,10,274.0,18.678,87.0,0.4549,0.7965
Pink_10X_2.TIF,Aspergillus,10,410.0,22.8479,103.0,0.4856,0.7885
Pink_10X_2.TIF,Aspergillus,10,335.0,20.6527,121.0,0.2875,0.742
Pink_10X_2.TIF,Aspergillus,10,7154.0,95.4398,647.0,0.2148,0.6189
Pink_10X_2.TIF,Aspergillus,10,880.0,33.4731,109.0,0.9308,0.957
Pink_10X_2.TIF,Aspergillus,10,879.0,33.4541,111.0,0.8965,0.9586
Pink_10X_2.TIF,Aspergillus,10,1866.0,48.7428,264.0,0.3364,0.7147
Pink_10X_2.TIF,Aspergillus,10,111.0,11.8882,37.0,1.0189,1.1269
Pink_10X_2.TIF,Aspergillus,10,1237.0,39.6862,308.0,0.1639,0.3332
Pink_10X_2.TIF,Aspergillus,10,124.0,12.5651,35.0,1.272,1.1429
Pink_10X_2.TIF,Aspergillus,10,73.0,9.6409,32.0,0.8958,1.2479
Pink_10X_2.TIF,Aspergillus,10,406.0,22.7362,95.0,0.5653,0.7868
Pink_10X_2.TIF,Aspergillus,10,110.0,11.8345,35.0,1.1284,1.0837
Pink_10X_2.TIF,Aspergillus,10,865.0,33.1866,149.0,0.4896,0.8927
Pink_10X_2.TIF,Aspergillus,10,3095.0,62.7748,320.0,0.3798,0.8144
Pink_10X_2.TIF,Aspergillus,10,980.0,35.3239,133.0,0.6962,0.8881
Pink_10X_2.TIF,Aspergillus,10,237.0,17.3712,99.0,0.3039,0.6108
Pink_10X_2.TIF,Aspergillus,10,703.0,29.918,156.0,0.363,0.6648
Pink_10X_2.TIF,Aspergillus,10,1234.0,39.6381,173.0,0.5181,0.873
Pink_10X_2.TIF,Aspergillus,10,88.0,10.5851,32.0,1.0799,1.1139
Pink_10X_2.TIF,Aspergillus,10,303.0,19.6416,74.0,0.6953,0.9058
Pink_10X_2.TIF,Aspergillus,10,170.0,14.7123,46.0,1.0096,1.0692
Pink_10X_2.TIF,Aspergillus,10,414.0,22.9591,70.0,1.0617,1.0122
Pink_10X_2.TIF,Aspergillus,10,101.0,11.3401,52.0,0.4694,0.9058
Pink_10X_2.TIF,Aspergillus,10,210.0,16.3518,72.0,0.5091,0.7368
Pink_10X_2.TIF,Aspergillus,10,228.0,17.0382,72.0,0.5527,0.8352
Pink_10X_2.TIF,Aspergillus,10,1308.0,40.8093,217.0,0.3491,0.6741
Pink_10X_2.TIF,Aspergillus,10,411.0,22.8758,108.0,0.4428,0.7307
Pink_10X_2.TIF,Aspergillus,10,437.0,23.5883,86.0,0.7425,0.9123
Pink_10X_2.TIF,Aspergillus,10,595.0,27.5241,96.0,0.8113,0.9175
Pink_10X_2.TIF,Aspergillus,10,448.0,23.8833,141.0,0.2832,0.5404
Pink_10X_2.TIF,Aspergillus,10,182.0,15.2227,52.0,0.8458,1.049
Pink_10X_2.TIF,Aspergillus,10,56.0,8.444,28.0,0.8976,1.3023
Pink_10X_2.TIF,Aspergillus,10,642.0,28.5906,163.0,0.3036,0.5906
Pink_10X_2.TIF,Aspergillus,10,388.0,22.2265,89.0,0.6155,1.0
Pink_10X_2.TIF,Aspergillus,10,61.0,8.8129,28.0,0.9777,1.22
Pink_10X_2.TIF,Aspergillus,10,743.0,30.7574,114.0,0.7184,0.9453
Pink_10X_2.TIF,Aspergillus,10,62.0,8.8849,29.0,0.9264,1.0973
Pink_10X_2.TIF,Aspergillus,10,68.0,9.3049,35.0,0.6976,1.1429
Pink_10X_2.TIF,Aspergillus,10,293.0,19.3147,53.0,1.3108,1.0752
Pink_10X_2.TIF,Aspergillus,10,5845.0,86.2675,615.0,0.1942,0.5151
Pink_10X_2.TIF,Aspergillus,10,1041.0,36.4066,179.0,0.4083,0.7774
Pink_10X_2.TIF,Aspergillus,10,366.0,21.5872,103.0,0.4335,0.8133
Pink_10X_2.TIF,Aspergillus,10,291.0,19.2487,102.0,0.3515,0.7709
Pink_10X_2.TIF,Aspergillus,10,53.0,8.2147,29.0,0.7919,1.1042
Pink_10X_2.TIF,Aspergillus,10,1550.0,44.4243,236.0,0.3497,0.5433
Pink_10X_2.TIF,Aspergillus,10,222.0,16.8125,85.0,0.3861,0.6057
Pink_10X_2.TIF,Aspergillus,10,260.0,18.1946,71.0,0.6481,0.8
Pink_10X_2.TIF,Aspergillus,10,50.0,7.9788,22.0,1.2982,1.2987
Pink_10X_2.TIF,Aspergillus,10,52.0,8.1369,36.0,0.5042,1.0947
Pink_10X_2.TIF,Aspergillus,10,279.0,18.8476,67.0,0.781,0.8914
Pink_10X_2.TIF,Aspergillus,10,539.0,26.1969,159.0,0.2679,0.4726
Pink_10X_2.TIF,Aspergillus,10,75.0,9.7721,42.0,0.5343,1.087
Pink_10X_2.TIF,Aspergillus,10,1188.0,38.8923,302.0,0.1637,0.4054
Pink_10X_2.TIF,Aspergillus,10,138.0,13.2555,80.0,0.271,1.0337
Pink_10X_2.TIF,Aspergillus,10,136.0,13.159,45.0,0.844,1.0794
Pink_10X_2.TIF,Aspergillus,10,144.0,13.5406,57.0,0.557,1.0249
Pink_10X_2.TIF,Aspergillus,10,201.0,15.9975,64.0,0.6167,0.8645
Pink_10X_2.TIF,Aspergillus,10,578.0,27.1281,183.0,0.2169,0.6362
Pink_10X_2.TIF,Aspergillus,10,64.0,9.027,33.0,0.7385,1.094
Pink_10X_2.TIF,Aspergillus,10,738.0,30.6537,186.0,0.2681,0.4841
Pink_10X_2.TIF,Aspergillus,10,3897.0,70.4401,428.0,0.2673,0.634
Pink_10X_2.TIF,Aspergillus,10,287.0,19.116,78.0,0.5928,0.8223
Pink_10X_2.TIF,Aspergillus,10,334.0,20.6219,83.0,0.6093,0.8146
Pink_10X_2.TIF,Aspergillus,10,354.0,21.2303,78.0,0.7312,1.0114
Pink_10X_2.TIF,Aspergillus,10,339.0,20.7757,89.0,0.5378,0.7627
Pink_10X_2.TIF,Aspergillus,10,59.0,8.6672,25.0,1.1863,1.2421
Pink_10X_2.TIF,Aspergillus,10,427.0,23.3168,93.0,0.6204,0.8397
Pink_10X_2.TIF,Aspergillus,10,723.0,30.3406,121.0,0.6206,0.8441
Pink_10X_2.TIF,Aspergillus,10,64.0,9.027,34.0,0.6957,1.1963
Pink_10X_2.TIF,Aspergillus,10,502.0,25.2817,151.0,0.2767,0.4698
Pink_10X_2.TIF,Aspergillus,10,104.0,11.5073,50.0,0.5228,1.0833
Pink_10X_2.TIF,Aspergillus,10,72.0,9.5746,30.0,1.0053,1.1613
Pink_10X_2.TIF,Aspergillus,10,304.0,19.674,76.0,0.6614,0.885
Pink_10X_2.TIF,Aspergillus,10,212.0,16.4294,86.0,0.3602,0.9339
Pink_10X_2.TIF,Aspergillus,10,121.0,12.4122,65.0,0.3599,0.761
Pink_10X_2.TIF,Aspergillus,10,861.0,33.1098,139.0,0.56,0.8537
Pink_10X_2.TIF,Aspergillus,10,1049.0,36.5462,155.0,0.5487,0.8429
Pink_10X_2.TIF,Aspergillus,10,1902.0,49.2108,259.0,0.3563,0.7491
Pink_10X_2.TIF,Aspergillus,10,1109.0,37.5769,217.0,0.296,0.5896
Pink_10X_2.TIF,Aspergillus,10,293.0,19.3147,97.0,0.3913,0.738
Pink_10X_2.TIF,Aspergillus,10,116.0,12.153,42.0,0.8264,0.9915
Pink_10X_2.TIF,Aspergillus,10,373.0,21.7926,91.0,0.566,0.8766
Pink_10X_2.TIF,Aspergillus,10,1257.0,40.0058,138.0,0.8294,1.0224
Pink_10X_2.TIF,Aspergillus,10,1485.0,43.4829,257.0,0.2825,0.6768
Pink_10X_2.TIF,Aspergillus,10,181.0,15.1808,71.0,0.4512,0.8044
Pink_10X_2.TIF,Aspergillus,10,234.0,17.2609,56.0,0.9377,1.0564
Pink_10X_2.TIF,Aspergillus,10,270.0,18.5412,66.0,0.7789,1.0865
Pink_10X_2.TIF,Aspergillus,10,143.0,13.4935,38.0,1.2445,1.1394
Pink_10X_2.TIF,Aspergillus,10,213.0,16.4682,52.0,0.9899,1.065
Pink_10X_2.TIF,Aspergillus,10,216.0,16.5837,83.0,0.394,0.7552
Pink_10X_2.TIF,Aspergillus,10,115.0,12.1005,41.0,0.8597,1.1443
Pink_10X_2.TIF,Aspergillus,10,56.0,8.444,34.0,0.6088,1.3659
Pink_10X_2.TIF,Aspergillus,10,131.0,12.9149,48.0,0.7145,1.1909
Pink_20X_1.TIF,Aspergillus,20,168.75,14.6581,65.0,0.5019,0.7969
Pink_20X_1.TIF,Aspergillus,20,325.5,20.3578,191.5,0.1115,0.3804
Pink_20X_1.TIF,Aspergillus,20,404782.75,717.9035,7900.5,0.0815,0.7635
Pink_20X_1.TIF,Aspergillus,20,391.5,22.3265,110.0,0.4066,0.5649
Pink_20X_1.TIF,Aspergillus,20,256.5,18.0717,62.0,0.8385,1.0074
Pink_20X_1.TIF,Aspergillus,20,20.0,5.0463,19.5,0.661,0.9249
Pink_20X_1.TIF,Aspergillus,20,296.25,19.4216,93.0,0.4304,0.881
Pink_20X_1.TIF,Aspergillus,20,358.75,21.3723,92.5,0.5269,0.945
Pink_20X_1.TIF,Aspergillus,20,139.25,13.3154,45.0,0.8641,0.992
Pink_20X_1.TIF,Aspergillus,20,37.0,6.8637,23.0,0.8789,0.9769
Pink_20X_1.TIF,Aspergillus,20,52.0,8.1369,27.5,0.8641,1.0585
Pink_20X_1.TIF,Aspergillus,20,183.0,15.2644,47.5,1.0192,1.0324
Pink_20X_1.TIF,Aspergillus,20,129.25,12.8283,44.5,0.8202,1.0217
Pink_20X_1.TIF,Aspergillus,20,26.75,5.836,22.0,0.6945,1.0439
Pink_20X_1.TIF,Aspergillus,20,551.5,26.4989,256.0,0.1057,0.278
Pink_20X_1.TIF,Aspergillus,20,1533.25,44.1836,254.5,0.2975,0.6214
Pink_20X_1.TIF,Aspergillus,20,102.0,11.3961,36.5,0.9621,1.0355
Pink_20X_1.TIF,Aspergillus,20,95.5,11.027,59.0,0.3448,0.8761
Pink_20X_1.TIF,Aspergillus,20,51.0,8.0582,36.0,0.4945,1.0851
Pink_20X_1.TIF,Aspergillus,20,16607.75,145.4154,1705.5,0.0717,0.3619
Pink_20X_1.TIF,Aspergillus,20,89.0,10.6451,36.5,0.8395,0.9986
Pink_20X_1.TIF,Aspergillus,20,20.75,5.14,18.5,0.7619,1.1448
Pink_20X_1.TIF,Aspergillus,20,23.0,5.4115,14.5,1.3747,1.1795
Pink_20X_1.TIF,Aspergillus,20,187.5,15.451,50.5,0.9239,0.9947
Pink_20X_1.TIF,Aspergillus,20,112.25,11.955,35.5,1.1193,1.0491
Pink_20X_1.TIF,Aspergillus,20,4058.25,71.8827,501.0,0.2032,0.6817
Pink_20X_1.TIF,Aspergillus,20,34.75,6.6517,19.0,1.2096,1.1076
Pink_20X_1.TIF,Aspergillus,20,322.25,20.2559,65.5,0.9439,0.9855
Pink_20X_1.TIF,Aspergillus,20,2568.0,57.1811,365.5,0.2416,0.5906
Pink_20X_1.TIF,Aspergillus,20,75.0,9.7721,39.0,0.6196,0.8253
Pink_20X_1.TIF,Aspergillus,20,19.75,5.0146,17.0,0.8588,1.188
Pink_20X_1.TIF,Aspergillus,20,107.0,11.672,59.0,0.3863,0.6212
Pink_20X_1.TIF,Aspergillus,20,83.0,10.28,76.0,0.1806,0.8405
Pink_20X_1.TIF,Aspergillus,20,39.25,7.0693,33.0,0.4529,0.7319
Pink_20X_1.TIF,Aspergillus,20,26.5,5.8087,22.0,0.688,1.0443
Pink_20X_1.TIF,Aspergillus,20,15.75,4.4781,16.0,0.7731,0.9692
Pink_20X_1.TIF,Aspergillus,20,499.0,25.2061,120.5,0.4319,0.6611
Pink_20X_1.TIF,Aspergillus,20,2863.75,60.3841,278.0,0.4656,0.7479
Pink_20X_1.TIF,Aspergillus,20,295.25,19.3888,114.5,0.283,0.5532
Pink_20X_1.TIF,Aspergillus,20,62.75,8.9384,31.5,0.7947,0.9805
Pink_20X_1.TIF,Aspergillus,20,30.75,6.2572,24.5,0.6438,0.8512
Pink_20X_1.TIF,Aspergillus,20,17.25,4.6865,20.0,0.5419,0.8415
Pink_20X_1.TIF,Aspergillus,20,14.5,4.2967,14.0,0.9297,1.1154
Pink_20X_1.TIF,Aspergillus,20,60.25,8.7586,28.5,0.9321,0.9959
Pink_20X_1.TIF,Aspergillus,20,31.0,6.2825,28.0,0.4969,1.0081
Pink_20X_1.TIF,Aspergillus,20,38.0,6.9558,25.0,0.764,0.947
Pink_20X_1.TIF,Aspergillus,20,32.0,6.3831,21.5,0.8699,0.9771
Pink_20X_1.TIF,Aspergillus,20,164.75,14.4833,48.0,0.8986,0.9551
Pink_20X_1.TIF,Aspergillus,20,38.5,7.0014,25.0,0.7741,0.9809
Pink_20X_1.TIF,Aspergillus,20,17.0,4.6524,17.0,0.7392,1.1724
Pink_20X_1.TIF,Aspergillus,20,275.25,18.7206,86.5,0.4623,0.7898
Pink_20X_1.TIF,Aspergillus,20,43.0,7.3993,30.5,0.5809,0.9829
Pink_20X_1.TIF,Aspergillus,20,251.25,17.8858,134.5,0.1745,0.5038
Pink_20X_1.TIF,Aspergillus,20,10730.75,116.888,645.0,0.3241,0.6879
Pink_20X_1.TIF,Aspergillus,20,102.0,11.3961,88.0,0.1655,0.7096
Pink_20X_1.TIF,Aspergillus,20,169.25,14.6798,104.0,0.1966,0.3766
Pink_20X_1.TIF,Aspergillus,20,17.75,4.7539,15.5,0.9284,1.1933
Pink_20X_1.TIF,Aspergillus,20,19.0,4.9185,19.5,0.6279,0.9806
Pink_20X_1.TIF,Aspergillus,20,156.25,14.1047,67.0,0.4374,0.7297
Pink_20X_1.TIF,Aspergillus,20,41.0,7.2252,34.0,0.4457,0.7289
Pink_20X_1.TIF,Aspergillus,20,13.25,4.1074,14.0,0.8495,1.325
Pink_20X_1.TIF,Aspergillus,20,37.75,6.9329,22.5,0.937,1.0634
Pink_20X_1.TIF,Aspergillus,20,12.5,3.9894,10.5,1.4248,1.2821
Pink_20X_1.TIF,Aspergillus,20,794.5,31.8055,144.0,0.4815,0.8529
Pink_20X_1.TIF,Aspergillus,20,22.25,5.3226,17.5,0.913,1.1266
Pink_20X_1.TIF,Aspergillus,20,15.75,4.4781,17.0,0.6848,1.0244
Pink_20X_1.TIF,Aspergillus,20,14.5,4.2967,14.0,0.9297,1.1485
Pink_20X_1.TIF,Aspergillus,20,37.75,6.9329,18.5,1.3861,1.1227
Pink_20X_1.TIF,Aspergillus,20,113.0,11.9948,57.0,0.4371,0.7374
Pink_20X_1.TIF,Aspergillus,20,42.0,7.3127,35.5,0.4188,0.9256
Pink_20X_1.TIF,Aspergillus,20,258.0,18.1245,135.5,0.1766,0.5368
Pink_20X_1.TIF,Aspergillus,20,86.75,10.5097,42.0,0.618,0.8785
Pink_20X_1.TIF,Aspergillus,20,49.75,7.9589,37.5,0.4446,0.8156
Pink_20X_1.TIF,Aspergillus,20,442.0,23.7228,101.5,0.5391,0.7753
Pink_20X_1.TIF,Aspergillus,20,21.25,5.2016,14.5,1.2701,1.1888
Pink_20X_1.TIF,Aspergillus,20,83.0,10.28,57.0,0.321,0.6769
Pink_20X_1.TIF,Aspergillus,20,70.0,9.4407,29.0,1.046,1.0586
Pink_20X_1.TIF,Aspergillus,20,769.0,31.2909,150.0,0.4295,0.5362
Pink_20X_1.TIF,Aspergillus,20,295.75,19.4052,85.0,0.5144,0.8078
Pink_20X_1.TIF,Aspergillus,20,30.5,6.2317,17.5,1.2515,1.1455
Pink_20X_1.TIF,Aspergillus,20,26.25,5.7812,25.0,0.5278,0.9545
Pink_20X_1.TIF,Aspergillus,20,751.5,30.9328,101.0,0.9258,0.9337
Pink_20X_1.TIF,Aspergillus,20,106.75,11.6584,58.5,0.392,0.6499
Pink_20X_1.TIF,Aspergillus,20,74.5,9.7394,36.0,0.7224,0.9113
Pink_20X_1.TIF,Aspergillus,20,38.5,7.0014,29.0,0.5753,0.8508
Pink_20X_1.TIF,Aspergillus,20,15.5,4.4424,18.0,0.6012,1.1376
Pink_20X_1.TIF,Aspergillus,20,15.0,4.3702,15.0,0.8378,1.3636
Pink_20X_1.TIF,Aspergillus,20,86.75,10.5097,53.0,0.3881,0.7359
Pink_20X_1.TIF,Aspergillus,20,1493.75,43.6108,250.0,0.3003,0.7038
Pink_20X_1.TIF,Aspergillus,20,40.25,7.1588,32.0,0.4939,0.875
Pink_20X_1.TIF,Aspergillus,20,138.75,13.2914,66.0,0.4003,0.9273
Pink_20X_1.TIF,Aspergillus,20,44.75,7.5483,34.0,0.4865,1.0377
Pink_20X_1.TIF,Aspergillus,20,45.5,7.6113,30.0,0.6353,0.89
Pink_20X_1.TIF,Aspergillus,20,175.75,14.959,55.0,0.7301,0.9196
Pink_20X_1.TIF,Aspergillus,20,115.0,12.1005,72.0,0.2788,0.5204
Pink_20X_1.TIF,Aspergillus,20,45.5,7.6113,30.5,0.6146,0.8922
Pink_20X_1.TIF,Aspergillus,20,26.75,5.836,19.5,0.884,1.0918
Pink_20X_1.TIF,Aspergillus,20,28.75,6.0503,20.5,0.8597,1.0599
Pink_20X_1.TIF,Aspergillus,20,18.25,4.8204,17.0,0.7936,1.021
Pink_20X_1.TIF,Aspergillus,20,437.5,23.6017,144.5,0.2633,0.4979
Pink_20X_1.TIF,Aspergillus,20,72.0,9.5746,46.5,0.4184,0.9846
Pink_20X_1.TIF,Aspergillus,20,18.25,4.8204,13.5,1.2584,1.187
Pink_20X_1.TIF,Aspergillus,20,171.25,14.7663,63.5,0.5337,0.8209
Pink_20X_1.TIF,Aspergillus,20,510.75,25.5011,149.0,0.2891,0.6907
Pink_20X_1.TIF,Aspergillus,20,16.25,4.5486,17.5,0.6668,1.0156
Pink_20X_1.TIF,Aspergillus,20,15.75,4.4781,17.0,0.6848,1.0161
Pink_20X_1.TIF,Aspergillus,20,16.75,4.6181,13.0,1.2455,1.1754
Pink_20X_1.TIF,Aspergillus,20,19.0,4.9185,14.5,1.1356,1.1692
Pink_20X_1.TIF,Aspergillus,20,251.75,17.9036,76.0,0.5477,0.8128
Pink_20X_1.TIF,Aspergillus,20,239.5,17.4626,89.5,0.3757,0.7511
Pink_20X_1.TIF,Aspergillus,20,34.5,6.6277,18.0,1.3381,1.1311
Pink_20X_1.TIF,Aspergillus,20,20.0,5.0463,20.5,0.598,0.8791
Pink_20X_1.TIF,Aspergillus,20,17.5,4.7203,14.5,1.046,1.12
Pink_20X_1.TIF,Aspergillus,20,21.0,5.1709,24.0,0.4581,0.9231
Pink_20X_1.TIF,Aspergillus,20,107.5,11.6993,50.0,0.5404,0.8557
Pink_20X_1.TIF,Aspergillus,20,327.5,20.4202,86.5,0.55,0.7851
Pink_20X_1.TIF,Aspergillus,20,80.75,10.1397,64.5,0.2439,0.7718
Pink_20X_1.TIF,Aspergillus,20,22.25,5.3226,19.0,0.7745,0.9944
Pink_20X_1.TIF,Aspergillus,20,73.0,9.6409,32.0,0.8958,1.0246
Pink_20X_1.TIF,Aspergillus,20,12.75,4.0291,16.0,0.6259,0.8793
Pink_20X_1.TIF,Aspergillus,20,13.25,4.1074,17.0,0.5761,0.876
Pink_20X_1.TIF,Aspergillus,20,27.0,5.8632,20.0,0.8482,1.0537
Pink_20X_1.TIF,Aspergillus,20,42.25,7.3345,20.0,1.3273,1.0974
Pink_20X_1.TIF,Aspergillus,20,20.25,5.0777,21.0,0.577,1.2366
Pink_20X_1.TIF,Aspergillus,20,53.5,8.2534,33.0,0.6174,0.8954
Pink_20X_1.TIF,Aspergillus,20,26.0,5.7536,27.0,0.4482,1.0777
Pink_20X_1.TIF,Aspergillus,20,12.75,4.0291,13.0,0.9481,1.1333
Pink_20X_1.TIF,Aspergillus,20,26.75,5.836,16.0,1.3131,1.1323
Pink_20X_1.TIF,Aspergillus,20,87.75,10.5701,55.5,0.358,0.6185
Pink_20X_1.TIF,Aspergillus,20,32.75,6.4574,22.0,0.8503,1.0397
Pink_20X_1.TIF,Aspergillus,20,67.5,9.2706,46.5,0.3923,1.0208
Pink_20X_1.TIF,Aspergillus,20,49.0,7.8987,28.5,0.7581,0.9584
Pink_20X_1.TIF,Aspergillus,20,261.5,18.247,162.5,0.1244,0.6662
Pink_20X_1.TIF,Aspergillus,20,307.5,19.7869,162.5,0.1463,0.7489
Pink_20X_1.TIF,Aspergillus,20,69.5,9.4069,35.5,0.693,0.9392
Pink_20X_1.TIF,Aspergillus,20,922.5,34.2719,288.0,0.1398,0.423
Pink_20X_1.TIF,Aspergillus,20,27.75,5.9441,15.5,1.4515,1.1503
Pink_20X_1.TIF,Aspergillus,20,40.75,7.2031,26.0,0.7575,1.0415
Pink_20X_1.TIF,Aspergillus,20,2031.5,50.8585,303.5,0.2771,0.5689
Pink_20X_1.TIF,Aspergillus,20,40.5,7.181,27.5,0.673,0.9586
Pink_20X_1.TIF,Aspergillus,20,60.75,8.7948,30.5,0.8206,0.9624
Pink_20X_1.TIF,Aspergillus,20,16.0,4.5135,14.0,1.0258,1.1228
Pink_20X_1.TIF,Aspergillus,20,21.25,5.2016,14.5,1.2701,1.2057
Pink_20X_1.TIF,Aspergillus,20,24.0,5.5279,18.5,0.8812,1.1925
Pink_20X_1.TIF,Aspergillus,20,170.75,14.7447,91.0,0.2591,0.5996
Pink_20X_1.TIF,Aspergillus,20,88.75,10.6301,46.0,0.5271,0.7561
Pink_20X_1.TIF,Aspergillus,20,13.75,4.1841,15.5,0.7192,1.236
Pink_20X_1.TIF,Aspergillus,20,17.0,4.6524,14.0,1.0899,1.2035
Pink_20X_1.TIF,Aspergillus,20,52.25,8.1564,39.0,0.4317,0.9067
Pink_20X_1.TIF,Aspergillus,20,14.5,4.2967,12.5,1.1662,1.2609
Pink_20X_1.TIF,Aspergillus,20,332.0,20.56,109.5,0.348,0.68
Pink_20X_1.TIF,Aspergillus,20,74.5,9.7394,33.0,0.8597,1.0034
Pink_20X_1.TIF,Aspergillus,20,15.75,4.4781,18.5,0.5783,1.1351
Pink_20X_1.TIF,Aspergillus,20,35.0,6.6756,18.0,1.3575,1.1382
Pink_20X_1.TIF,Aspergillus,20,238.75,17.4352,112.5,0.2371,0.4176
Pink_20X_1.TIF,Aspergillus,20,16.5,4.5835,15.0,0.9215,1.0645
Pink_20X_1.TIF,Aspergillus,20,104.0,11.5073,43.5,0.6907,0.9083
Pink_20X_1.TIF,Aspergillus,20,13.5,4.1459,13.0,1.0038,1.2273
Pink_20X_1.TIF,Aspergillus,20,107.75,11.7129,43.0,0.7323,0.9919
Pink_20X_1.TIF,Aspergillus,20,14.0,4.222,14.5,0.8368,1.1313
Pink_20X_1.TIF,Aspergillus,20,23.5,5.47,18.5,0.8628,1.1899
Pink_20X_1.TIF,Aspergillus,20,103.75,11.4934,52.5,0.473,0.6917
Pink_20X_1.TIF,Aspergillus,20,31.5,6.333,25.0,0.6333,0.9403
Pink_20X_1.TIF,Aspergillus,20,94.75,10.9836,52.0,0.4403,0.7431
Pink_20X_1.TIF,Aspergillus,20,37.0,6.8637,32.5,0.4402,0.7363
Pink_20X_1.TIF,Aspergillus,20,29.25,6.1026,16.0,1.4358,1.1584
Pink_20X_1.TIF,Aspergillus,20,14.5,4.2967,13.5,0.9998,1.2473
Pink_20X_1.TIF,Aspergillus,20,24.0,5.5279,20.0,0.754,0.9796
Pink_20X_1.TIF,Aspergillus,20,47.25,7.7563,25.5,0.9131,1.0831
Pink_20X_1.TIF,Aspergillus,20,13533.75,131.2696,701.5,0.3456,0.8052
Pink_20X_1.TIF,Aspergillus,20,18.0,4.7873,15.0,1.0053,1.0511
Pink_20X_1.TIF,Aspergillus,20,13.0,4.0684,15.0,0.7261,1.2235
Pink_20X_1.TIF,Aspergillus,20,28.75,6.0503,17.5,1.1797,1.122
Pink_20X_1.TIF,Aspergillus,20,6359.25,89.9825,657.5,0.1849,0.596
Pink_20X_1.TIF,Aspergillus,20,46.25,7.6738,26.5,0.8276,1.0364
Pink_20X_1.TIF,Aspergillus,20,51.0,8.0582,30.0,0.7121,1.0226
Pink_20X_1.TIF,Aspergillus,20,203.25,16.0868,102.5,0.2431,0.6159
Pink_20X_1.TIF,Aspergillus,20,253.0,17.948,74.0,0.5806,0.8835
Pink_20X_1.TIF,Aspergillus,20,159.5,14.2507,57.5,0.6062,0.8587
Pink_20X_1.TIF,Aspergillus,20,39.0,7.0467,34.0,0.424,0.9483
Pink_20X_1.TIF,Aspergillus,20,17.0,4.6524,16.0,0.8345,1.0382
Pink_20X_2.TIF,Aspergillus,20,158.75,14.2171,63.5,0.4947,0.8881
Pink_20X_2.TIF,Aspergillus,20,34.25,6.6037,35.0,0.3513,0.9448
Pink_20X_2.TIF,Aspergillus,20,217.75,16.6508,69.0,0.5747,0.8428
Pink_20X_2.TIF,Aspergillus,20,186.0,15.389,50.0,0.9349,1.0326
Pink_20X_2.TIF,Aspergillus,20,908.25,34.0062,247.0,0.1871,0.4964
Pink_20X_2.TIF,Aspergillus,20,262.75,18.2905,94.5,0.3697,0.7191
Pink_20X_2.TIF,Aspergillus,20,15.25,4.4065,13.5,1.0515,1.2842
Pink_20X_2.TIF,Aspergillus,20,158.75,14.2171,51.0,0.767,1.0008
Pink_20X_2.TIF,Aspergillus,20,1010.25,35.8649,218.5,0.2659,0.6832
Pink_20X_2.TIF,Aspergillus,20,390.0,22.2837,102.5,0.4665,0.8274
Pink_20X_2.TIF,Aspergillus,20,182.75,15.254,59.5,0.6487,0.9336
Pink_20X_2.TIF,Aspergillus,20,37.5,6.9099,26.0,0.6971,0.9091
Pink_20X_2.TIF,Aspergillus,20,486.0,24.8756,122.0,0.4103,0.7304
Pink_20X_2.TIF,Aspergillus,20,230.0,17.1127,91.5,0.3452,0.7247
Pink_20X_2.TIF,Aspergillus,20,19.75,5.0146,16.5,0.9116,1.0748
Pink_20X_2.TIF,Aspergillus,20,18.75,4.886,21.0,0.5343,0.8772
Pink_20X_2.TIF,Aspergillus,20,45.5,7.6113,29.5,0.657,1.0055
Pink_20X_2.TIF,Aspergillus,20,17.75,4.7539,17.0,0.7718,0.966
Pink_20X_2.TIF,Aspergillus,20,133.5,13.0375,53.0,0.5972,0.8893
Pink_20X_2.TIF,Aspergillus,20,338.5,20.7603,133.0,0.2405,0.5007
Pink_20X_2.TIF,Aspergillus,20,98.5,11.1988,56.0,0.3947,0.6888
Pink_20X_2.TIF,Aspergillus,20,13.0,4.0684,12.0,1.1345,1.3333
Pink_20X_2.TIF,Aspergillus,20,15.75,4.4781,15.5,0.8238,1.1351
Pink_20X_2.TIF,Aspergillus,20,70.5,9.4744,35.0,0.7232,1.0311
Pink_20X_2.TIF,Aspergillus,20,220.5,16.7556,48.5,1.178,1.037
Pink_20X_2.TIF,Aspergillus,20,89.75,10.6899,40.5,0.6876,0.8997
Pink_20X_2.TIF,Aspergillus,20,360.75,21.4318,105.5,0.4073,0.6883
Pink_20X_2.TIF,Aspergillus,20,188.5,15.4921,87.5,0.3094,0.636
Pink_20X_2.TIF,Aspergillus,20,89.75,10.6899,43.5,0.596,0.8225
Pink_20X_2.TIF,Aspergillus,20,28.5,6.0239,16.5,1.3155,1.1287
Pink_20X_2.TIF,Aspergillus,20,15.5,4.4424,12.5,1.2466,1.1481
Pink_20X_2.TIF,Aspergillus,20,52.5,8.1759,34.0,0.5707,0.8251
Pink_20X_2.TIF,Aspergillus,20,17.75,4.7539,16.5,0.8193,1.127
Pink_20X_2.TIF,Aspergillus,20,54.0,8.2919,32.0,0.6627,0.9558
Pink_20X_2.TIF,Aspergillus,20,538.0,26.1726,82.0,1.0055,0.9665
Pink_20X_2.TIF,Aspergillus,20,48.25,7.838,27.0,0.8317,1.0293
Pink_20X_2.TIF,Aspergillus,20,290.25,19.2239,80.0,0.5699,0.8202
Pink_20X_2.TIF,Aspergillus,20,118.75,12.2962,52.0,0.5519,0.8113
Pink_20X_2.TIF,Aspergillus,20,18.5,4.8533,21.5,0.5029,0.8
Pink_20X_2.TIF,Aspergillus,20,32.5,6.4328,24.0,0.709,0.9665
Pink_20X_2.TIF,Aspergillus,20,133.75,13.0497,56.0,0.536,0.8574
Pink_20X_2.TIF,Aspergillus,20,70.25,9.4575,44.5,0.4458,0.7168
Pink_20X_2.TIF,Aspergillus,20,59.0,8.6672,31.0,0.7715,1.0085
Pink_20X_2.TIF,Aspergillus,20,13.25,4.1074,14.0,0.8495,1.2045
Pink_20X_2.TIF,Aspergillus,20,183.25,15.2749,69.5,0.4767,0.8199
Pink_20X_2.TIF,Aspergillus,20,34.75,6.6517,24.5,0.7275,0.9858
Pink_20X_2.TIF,Aspergillus,20,1478.25,43.3839,277.0,0.2421,0.6218
Pink_20X_2.TIF,Aspergillus,20,437.0,23.5883,193.5,0.1467,0.4118
Pink_20X_2.TIF,Aspergillus,20,343.75,20.9207,95.5,0.4736,0.8134
Pink_20X_2.TIF,Aspergillus,20,14.0,4.222,11.5,1.3303,1.1789
Pink_20X_2.TIF,Aspergillus,20,1912.0,49.34,402.5,0.1483,0.4764
Pink_20X_2.TIF,Aspergillus,20,162.5,14.3841,51.5,0.7699,0.9272
Pink_20X_2.TIF,Aspergillus,20,46.0,7.653,28.5,0.7117,0.9735
Pink_20X_2.TIF,Aspergillus,20,56.0,8.444,32.5,0.6662,0.8733
Pink_20X_2.TIF,Aspergillus,20,75.75,9.8208,37.5,0.6769,0.9366
Pink_20X_2.TIF,Aspergillus,20,41.0,7.2252,27.0,0.7068,1.038
Pink_20X_2.TIF,Aspergillus,20,29.5,6.1287,26.0,0.5484,0.7893
Pink_20X_2.TIF,Aspergillus,20,87.0,10.5248,52.5,0.3967,0.7037
Pink_20X_2.TIF,Aspergillus,20,35.75,6.7467,26.0,0.6646,0.9862
Pink_20X_2.TIF,Aspergillus,20,35.0,6.6756,18.5,1.2851,1.1475
Pink_20X_2.TIF,Aspergillus,20,54.5,8.3302,35.0,0.5591,0.8916
Pink_20X_2.TIF,Aspergillus,20,151.25,13.8772,52.0,0.7029,0.8956
Pink_20X_2.TIF,Aspergillus,20,210.75,16.3809,66.5,0.5989,0.9223
Pink_20X_2.TIF,Aspergillus,20,636.0,28.4566,161.5,0.3064,0.7035
Pink_20X_2.TIF,Aspergillus,20,13.75,4.1841,13.0,1.0224,1.25
Pink_20X_2.TIF,Aspergillus,20,46.5,7.6945,38.0,0.4047,0.9347
Pink_20X_2.TIF,Aspergillus,20,13.5,4.1459,11.0,1.402,1.2706
Pink_20X_2.TIF,Aspergillus,20,36.75,6.8404,23.5,0.8362,0.9932
Pink_20X_2.TIF,Aspergillus,20,22.5,5.3524,15.5,1.1769,1.1765
Pink_20X_2.TIF,Aspergillus,20,24.5,5.5852,15.0,1.3683,1.1667
Pink_20X_2.TIF,Aspergillus,20,525.75,25.8729,104.0,0.6108,0.8497
Pink_20X_2.TIF,Aspergillus,20,133.5,13.0375,61.0,0.4508,0.8318
Pink_20X_2.TIF,Aspergillus,20,123.75,12.5524,49.5,0.6347,0.8571
Pink_20X_2.TIF,Aspergillus,20,611.5,27.9032,124.0,0.4998,0.8115
Pink_20X_2.TIF,Aspergillus,20,140.75,13.3869,57.0,0.5444,0.8742
Pink_20X_2.TIF,Aspergillus,20,17.75,4.7539,17.5,0.7283,1.0216
Pink_20X_2.TIF,Aspergillus,20,21.75,5.2624,14.0,1.3945,1.2083
Pink_20X_2.TIF,Aspergillus,20,2098.5,51.6904,463.0,0.123,0.4889
Pink_20X_2.TIF,Aspergillus,20,52.25,8.1564,40.0,0.4104,0.7451
Pink_20X_2.TIF,Aspergillus,20,30.0,6.1804,17.0,1.3045,1.1483
Pink_20X_2.TIF,Aspergillus,20,28.25,5.9974,16.0,1.3867,1.1472
Pink_20X_2.TIF,Aspergillus,20,63.25,8.974,37.5,0.5652,0.8694
Pink_20X_2.TIF,Aspergillus,20,47.0,7.7358,26.0,0.8737,1.0
Pink_20X_2.TIF,Aspergillus,20,44.25,7.5061,29.5,0.639,0.9054
Pink_20X_2.TIF,Aspergillus,20,13.75,4.1841,14.0,0.8816,1.1957
Pink_20X_2.TIF,Aspergillus,20,67.0,9.2362,36.0,0.6497,0.8948
Pink_20X_2.TIF,Aspergillus,20,363.5,21.5133,104.0,0.4223,0.8436
Pink_20X_2.TIF,Aspergillus,20,151.5,13.8887,69.5,0.3941,0.7018
Pink_20X_2.TIF,Aspergillus,20,300.25,19.5522,89.5,0.471,0.7706
Pink_20X_2.TIF,Aspergillus,20,221.25,16.784,79.5,0.4399,0.7642
Pink_20X_2.TIF,Aspergillus,20,64.25,9.0446,38.0,0.5591,0.8237
Pink_20X_2.TIF,Aspergillus,20,33.25,6.5066,18.0,1.2896,1.1616
Pink_20X_2.TIF,Aspergillus,20,1626.25,45.5039,439.0,0.106,0.3901
Pink_20X_2.TIF,Aspergillus,20,27.25,5.8903,21.5,0.7408,0.9478
Pink_20X_2.TIF,Aspergillus,20,247.5,17.7518,89.5,0.3883,0.6346
Pink_20X_2.TIF,Aspergillus,20,85.25,10.4184,40.0,0.6696,0.8986
Pink_20X_2.TIF,Aspergillus,20,165.0,14.4943,75.0,0.3686,0.7085
Pink_20X_2.TIF,Aspergillus,20,98.25,11.1846,57.5,0.3734,0.6448
Pink_20X_2.TIF,Aspergillus,20,17.5,4.7203,15.5,0.9153,1.0938
Pink_20X_2.TIF,Aspergillus,20,15.25,4.4065,15.5,0.7977,1.2842
Pink_20X_2.TIF,Aspergillus,20,88.25,10.6002,35.5,0.88,0.9765
Pink_20X_2.TIF,Aspergillus,20,40.0,7.1365,20.5,1.1961,1.1429
Pink_20X_2.TIF,Aspergillus,20,21.0,5.1709,16.0,1.0308,1.2
Pink_20X_2.TIF,Aspergillus,20,107.0,11.672,54.0,0.4611,0.7367
Pink_20X_2.TIF,Aspergillus,20,26.75,5.836,15.5,1.3992,1.1568
Pink_20X_2.TIF,Aspergillus,20,1438.25,42.793,255.5,0.2769,0.6768
Pink_20X_2.TIF,Aspergillus,20,307.75,19.7949,120.0,0.2686,0.5544
Pink_20X_2.TIF,Aspergillus,20,1104.25,37.4963,207.5,0.3223,0.8042
Pink_20X_2.TIF,Aspergillus,20,141.0,13.3988,53.0,0.6308,0.8945
Pink_20X_2.TIF,Aspergillus,20,45.0,7.5694,33.0,0.5193,0.8531
Pink_20X_2.TIF,Aspergillus,20,318.25,20.1298,87.0,0.5284,0.8369
Pink_20X_2.TIF,Aspergillus,20,575.75,27.0752,140.5,0.3665,0.725
Pink_20X_2.TIF,Aspergillus,20,127.5,12.7412,49.0,0.6673,0.9156
Pink_20X_2.TIF,Aspergillus,20,84.25,10.3571,41.0,0.6298,0.9047
Pink_20X_2.TIF,Aspergillus,20,54.25,8.311,36.0,0.526,0.8477
Pink_20X_2.TIF,Aspergillus,20,175.0,14.9271,54.5,0.7404,0.9091
Pink_20X_2.TIF,Aspergillus,20,50.5,8.0186,33.5,0.5655,0.8364
Pink_20X_2.TIF,Aspergillus,20,21.25,5.2016,14.5,1.2701,1.1565
Pink_20X_2.TIF,Aspergillus,20,552.25,26.5169,119.5,0.486,0.818
Pink_20X_2.TIF,Aspergillus,20,327.75,20.428,102.5,0.392,0.7011
Pink_20X_2.TIF,Aspergillus,20,18.25,4.8204,17.0,0.7936,1.0282
Pink_20X_2.TIF,Aspergillus,20,40.5,7.181,27.5,0.673,0.9419
Pink_20X_2.TIF,Aspergillus,20,591.0,27.4315,191.0,0.2036,0.5525
Pink_20X_2.TIF,Aspergillus,20,19.75,5.0146,20.5,0.5906,0.9133
Pink_20X_2.TIF,Aspergillus,20,20.0,5.0463,17.0,0.8696,1.1679
Pink_20X_2.TIF,Aspergillus,20,17.75,4.7539,17.0,0.7718,1.2456
Pink_20X_2.TIF,Aspergillus,20,45.75,7.6322,25.5,0.8841,1.0548
Pink_20X_2.TIF,Aspergillus,20,488.75,24.9459,95.5,0.6734,0.9237
Pink_20X_2.TIF,Aspergillus,20,1106.75,37.5388,229.5,0.2641,0.5726
Pink_20X_2.TIF,Aspergillus,20,82.25,10.2335,54.5,0.348,0.5137
Pink_20X_2.TIF,Aspergillus,20,165.75,14.5272,64.5,0.5007,0.8549
Pink_20X_2.TIF,Aspergillus,20,64.0,9.027,35.5,0.6382,0.9377
Pink_20X_2.TIF,Aspergillus,20,14.0,4.222,13.0,1.041,1.2308
Pink_20X_2.TIF,Aspergillus,20,33.5,6.531,17.0,1.4567,1.1404
Pink_20X_2.TIF,Aspergillus,20,37.75,6.9329,23.0,0.8967,1.0559
Pink_20X_2.TIF,Aspergillus,20,140.75,13.3869,59.0,0.5081,0.8944
Pink_20X_2.TIF,Aspergillus,20,29.25,6.1026,22.0,0.7594,0.9551
Pink_20X_2.TIF,Aspergillus,20,65.5,9.1322,37.0,0.6012,0.8576
Pink_20X_2.TIF,Aspergillus,20,84.25,10.3571,60.0,0.2941,0.6992
Pink_20X_2.TIF,Aspergillus,20,28.0,5.9708,16.0,1.3744,1.1429
Pink_20X_2.TIF,Aspergillus,20,13.25,4.1074,12.5,1.0656,1.2184
Pink_20X_2.TIF,Aspergillus,20,190.5,15.5741,65.5,0.558,0.9137
Pink_20X_2.TIF,Aspergillus,20,13.5,4.1459,12.5,1.0857,1.2414
Pink_20X_2.TIF,Aspergillus,20,113.5,12.0213,45.0,0.7043,0.8946
Pink_20X_2.TIF,Aspergillus,20,55.75,8.4251,33.5,0.6243,0.9889
Pink_20X_2.TIF,Aspergillus,20,52.0,8.1369,30.5,0.7024,0.9976
Pink_20X_2.TIF,Aspergillus,20,302.25,19.6173,111.5,0.3055,0.6395
Pink_20X_2.TIF,Aspergillus,20,61.75,8.8669,32.5,0.7346,1.0739
Pink_20X_2.TIF,Aspergillus,20,36.75,6.8404,29.0,0.5491,0.8963
Pink_20X_2.TIF,Aspergillus,20,128.25,12.7786,63.0,0.4061,0.6984
Pink_20X_2.TIF,Aspergillus,20,123.25,12.527,48.5,0.6584,0.9054
Pink_20X_2.TIF,Aspergillus,20,70.5,9.4744,38.5,0.5977,0.8468
Pink_20X_2.TIF,Aspergillus,20,108.75,11.7671,68.0,0.2955,0.6829
Pink_20X_2.TIF,Aspergillus,20,2252.0,53.5475,493.0,0.1164,0.5561
Pink_20X_2.TIF,Aspergillus,20,103.5,11.4796,45.5,0.6282,0.8951
Pink_20X_2.TIF,Aspergillus,20,563.5,26.7856,141.5,0.3537,0.6829
Pink_20X_2.TIF,Aspergillus,20,60.25,8.7586,34.5,0.6361,0.9377
Pink_20X_2.TIF,Aspergillus,20,16.75,4.6181,14.5,1.0011,1.1552
Pink_20X_2.TIF,Aspergillus,20,21.75,5.2624,20.5,0.6504,1.0296
Pink_20X_2.TIF,Aspergillus,20,31.25,6.3078,24.0,0.6818,0.9225
Pink_20X_2.TIF,Aspergillus,20,18.25,4.8204,16.0,0.8958,1.1318
Pink_20X_2.TIF,Aspergillus,20,88.75,10.6301,39.5,0.7148,0.8294
Pink_20X_2.TIF,Aspergillus,20,82215.0,323.5419,8331.5,0.0149,0.2811
Pink_20X_2.TIF,Aspergillus,20,86.25,10.4794,35.5,0.86,0.99
Pink_20X_2.TIF,Aspergillus,20,173.75,14.8736,93.5,0.2498,0.615
Pink_20X_2.TIF,Aspergillus,20,87.75,10.5701,48.0,0.4786,0.7757
Pink_20X_2.TIF,Aspergillus,20,160.5,14.2953,59.5,0.5697,0.8425
Pink_20X_2.TIF,Aspergillus,20,19.5,4.9828,18.5,0.716,1.013
Pink_20X_2.TIF,Aspergillus,20,24.75,5.6136,21.5,0.6728,1.0154
Pink_20X_2.TIF,Aspergillus,20,156.25,14.1047,68.5,0.4185,0.8085
Pink_20X_2.TIF,Aspergillus,20,829.75,32.5034,152.5,0.4484,0.743
Pink_20X_2.TIF,Aspergillus,20,30.5,6.2317,17.0,1.3262,1.1509
Pink_20X_2.TIF,Aspergillus,20,61.0,8.8129,34.5,0.644,0.9457
Pink_20X_2.TIF,Aspergillus,20,62.5,8.9206,47.5,0.3481,0.6935
Pink_20X_2.TIF,Aspergillus,20,69.0,9.373,33.5,0.7726,0.9169
Pink_20X_2.TIF,Aspergillus,20,19.0,4.9185,20.5,0.5681,1.027
Pink_20X_2.TIF,Aspergillus,20,657.25,28.9281,198.0,0.2107,0.5954
Pink_20X_2.TIF,Aspergillus,20,29.5,6.1287,22.0,0.7659,1.0172
Pink_20X_2.TIF,Aspergillus,20,34.0,6.5795,25.0,0.6836,1.0342
Pink_20X_2.TIF,Aspergillus,20,836.0,32.6256,219.0,0.219,0.5236
Pink_20X_2.TIF,Aspergillus,20,56.25,8.4628,28.5,0.8702,0.9912
Pink_20X_2.TIF,Aspergillus,20,13.25,4.1074,12.0,1.1563,1.2471
Pink_20X_2.TIF,Aspergillus,20,14.5,4.2967,13.5,0.9998,1.1837
Pink_20X_2.TIF,Aspergillus,20,1631.0,45.5703,306.5,0.2182,0.5533
Pink_20X_2.TIF,Aspergillus,20,179.75,15.1283,52.5,0.8195,0.9442
Pink_20X_2.TIF,Aspergillus,20,35.25,6.6994,25.5,0.6812,0.8868
Pink_20X_2.TIF,Aspergillus,20,25.0,5.6419,21.0,0.7124,0.9662
Pink_20X_2.TIF,Aspergillus,20,41.25,7.2471,26.0,0.7668,1.0443
Pink_20X_2.TIF,Aspergillus,20,105.25,11.5762,52.5,0.4799,0.7966
Pink_20X_2.TIF,Aspergillus,20,183.75,15.2957,55.0,0.7633,0.9298
Pink_20X_2.TIF,Aspergillus,20,361.0,21.4392,86.5,0.6063,0.8585
Pink_20X_2.TIF,Aspergillus,20,90.0,10.7047,51.0,0.4348,0.5897
Pink_20X_2.TIF,Aspergillus,20,19.5,4.9828,17.0,0.8479,1.0331
Pink_20X_2.TIF,Aspergillus,20,34.5,6.6277,29.0,0.5155,0.8466
Pink_20X_2.TIF,Aspergillus,20,195.75,15.7872,67.5,0.5399,0.8114
Pink_20X_2.TIF,Aspergillus,20,574.5,27.0458,150.0,0.3209,0.7254
Pink_20X_2.TIF,Aspergillus,20,40.75,7.2031,19.5,1.3467,1.128
Pink_20X_2.TIF,Aspergillus,20,23.0,5.4115,20.0,0.7226,1.1358
Pink_20X_2.TIF,Aspergillus,20,1282.5,40.4095,344.5,0.1358,0.4242
Pink_20X_2.TIF,Aspergillus,20,27.5,5.9173,18.5,1.0097,1.1168
Pink_20X_2.TIF,Aspergillus,20,246.75,17.7249,80.0,0.4845,0.8208
Pink_20X_2.TIF,Aspergillus,20,77.5,9.9336,33.0,0.8943,1.0114
Pink_20X_2.TIF,Aspergillus,20,43.75,7.4635,31.0,0.5721,0.9859
Pink_20X_2.TIF,Aspergillus,20,397.75,22.504,127.5,0.3075,0.6264
Pink_20X_2.TIF,Aspergillus,20,17.5,4.7203,19.0,0.6092,1.2389
Pink_20X_2.TIF,Aspergillus,20,77.25,9.9175,38.5,0.6549,1.0
Pink_20X_2.TIF,Aspergillus,20,26.0,5.7536,21.0,0.7409,1.04
Pink_20X_2.TIF,Aspergillus,20,60.5,8.7767,30.0,0.8447,1.0062
Pink_20X_2.TIF,Aspergillus,20,129.5,12.8407,61.0,0.4373,0.789
Pink_20X_2.TIF,Aspergillus,20,13.0,4.0684,12.5,1.0455,1.2381
Pink_20X_2.TIF,Aspergillus,20,57.75,8.5749,38.5,0.4896,0.8587
Pink_20X_2.TIF,Aspergillus,20,1144.25,38.1694,154.0,0.6063,0.8989
Pink_20X_2.TIF,Aspergillus,20,247.5,17.7518,75.5,0.5456,0.8219
Pink_20X_2.TIF,Aspergillus,20,124.75,12.603,69.5,0.3245,0.9624
Pink_20X_2.TIF,Aspergillus,20,93.0,10.8817,38.5,0.7884,0.9084
Pink_20X_2.TIF,Aspergillus,20,185.5,15.3683,72.5,0.4435,0.777
Pink_20X_2.TIF,Aspergillus,20,52.25,8.1564,33.0,0.6029,0.9565
Pink_20X_2.TIF,Aspergillus,20,41.75,7.2909,32.0,0.5123,0.8564
Pink_20X_2.TIF,Aspergillus,20,18.5,4.8533,18.5,0.6793,1.1212
Pink_20X_2.TIF,Aspergillus,20,60.0,8.7404,30.0,0.8378,1.069
Pink_20X_2.TIF,Aspergillus,20,12.75,4.0291,15.5,0.6669,0.9623
Pink_20X_2.TIF,Aspergillus,20,1084.75,37.1638,249.0,0.2199,0.604
Pink_20X_2.TIF,Aspergillus,20,147.75,13.7157,56.5,0.5816,0.9374
Pink_20X_2.TIF,Aspergillus,20,14.5,4.2967,16.0,0.7118,1.2609
Pink_20X_2.TIF,Aspergillus,20,53165.5,260.1777,3674.0,0.0495,0.6317
Pink_20X_2.TIF,Aspergillus,20,18.5,4.8533,15.5,0.9676,1.1746
Pink_20X_2.TIF,Aspergillus,20,544.5,26.3302,197.5,0.1754,0.4199
Pink_20X_2.TIF,Aspergillus,20,98.5,11.1988,47.5,0.5486,0.9586
Pink_20X_2.TIF,Aspergillus,20,29.25,6.1026,19.5,0.9666,1.0446
Pink_20X_2.TIF,Aspergillus,20,214.75,16.5357,92.0,0.3188,0.5364
Pink_20X_2.TIF,Aspergillus,20,13.0,4.0684,12.0,1.1345,1.3
Pink_20X_2.TIF,Aspergillus,20,74.5,9.7394,48.0,0.4063,0.632
Pink_20X_2.TIF,Aspergillus,20,24.25,5.5566,20.5,0.7251,0.9194
Pink_20X_2.TIF,Aspergillus,20,501.0,25.2565,161.5,0.2414,0.5575
Pink_20X_2.TIF,Aspergillus,20,23.5,5.47,16.5,1.0847,1.1899
Pink_20X_2.TIF,Aspergillus,20,77.0,9.9015,32.5,0.9161,1.0016
Pink_20X_2.TIF,Aspergillus,20,152.0,13.9116,92.0,0.2257,0.4137
Pink_20X_2.TIF,Aspergillus,20,41.0,7.2252,24.5,0.8583,1.0123
Pink_20X_2.TIF,Aspergillus,20,24.75,5.6136,22.0,0.6426,1.0206
Pink_20X_2.TIF,Aspergillus,20,298.25,19.487,103.5,0.3499,0.6332
Pink_20X_2.TIF,Aspergillus,20,14.0,4.222,17.0,0.6088,1.2308
Pink_20X_2.TIF,Aspergillus,20,26.75,5.836,16.0,1.3131,1.1204
Pink_20X_2.TIF,Aspergillus,20,150.0,13.8198,66.5,0.4262,0.7366
Pink_20X_2.TIF,Aspergillus,20,281.5,18.9319,188.5,0.0996,0.295
Pink_20X_2.TIF,Aspergillus,20,72.0,9.5746,48.0,0.3927,0.6365
Pink_20X_2.TIF,Aspergillus,20,64.5,9.0622,37.0,0.5921,0.8881
Pink_20X_2.TIF,Aspergillus,20,20.75,5.14,18.0,0.8048,1.0311
Pink_20X_2.TIF,Aspergillus,20,548.75,26.4327,146.0,0.3235,0.7025
Pink_20X_2.TIF,Aspergillus,20,76.75,9.8854,48.0,0.4186,0.7953
Pink_20X_2.TIF,Aspergillus,20,62.25,8.9028,36.0,0.6036,0.9361
Pink_20X_2.TIF,Aspergillus,20,46.5,7.6945,29.5,0.6715,0.8158
Pink_20X_2.TIF,Aspergillus,20,51.75,8.1173,30.5,0.6991,0.9583
Pink_20X_2.TIF,Aspergillus,20,128.75,12.8035,58.0,0.481,0.8925
Pink_20X_2.TIF,Aspergillus,20,46.75,7.7152,29.0,0.6985,0.9144
Pink_20X_2.TIF,Aspergillus,20,341.5,20.8521,110.0,0.3547,0.6959
Pink_20X_2.TIF,Aspergillus,20,47.25,7.7563,26.0,0.8783,1.03
Pink_20X_2.TIF,Aspergillus,20,33.25,6.5066,22.0,0.8633,1.0857
Pink_20X_2.TIF,Aspergillus,20,261.0,18.2295,124.5,0.2116,0.4231
Pink_20X_2.TIF,Aspergillus,20,29.0,6.0765,21.5,0.7884,0.9915
Pink_20X_2.TIF,Aspergillus,20,535.75,26.1178,140.5,0.3411,0.682
Pink_20X_2.TIF,Aspergillus,20,28.0,5.9708,21.5,0.7612,1.0
Pink_20X_2.TIF,Aspergillus,20,26.5,5.8087,21.5,0.7204,0.9953
Pink_20X_2.TIF,Aspergillus,20,379.75,21.9889,99.5,0.482,0.8075
Pink_20X_2.TIF,Aspergillus,20,18.25,4.8204,12.5,1.4678,1.2066
Pink_20X_2.TIF,Aspergillus,20,153.25,13.9687,60.0,0.5349,0.705
Pink_20X_2.TIF,Aspergillus,20,47.75,7.7973,25.0,0.9601,1.0053
Pink_20X_2.TIF,Aspergillus,20,46.0,7.653,27.0,0.7929,1.0484
Pink_20X_2.TIF,Aspergillus,20,172.75,14.8308,64.0,0.53,0.9021
Pink_20X_2.TIF,Aspergillus,20,165.0,14.4943,54.5,0.6981,0.9029
Pink_20X_2.TIF,Aspergillus,20,56.0,8.444,40.0,0.4398,0.7044
Pink_20X_2.TIF,Aspergillus,20,34.5,6.6277,25.5,0.6667,1.0455
Pink_20X_2.TIF,Aspergillus,20,1091.25,37.275,312.5,0.1404,0.4435
Pink_20X_2.TIF,Aspergillus,20,406.0,22.7362,99.0,0.5206,0.7767
Pink_20X_2.TIF,Aspergillus,20,396.0,22.4545,104.0,0.4601,0.7797
Pink_20X_2.TIF,Aspergillus,20,1883.0,48.9644,300.0,0.2629,0.7097
Pink_20X_2.TIF,Aspergillus,20,52.75,8.1953,26.0,0.9806,1.0394
Pink_20X_2.TIF,Aspergillus,20,37.75,6.9329,23.5,0.859,1.0671
Pink_20X_2.TIF,Aspergillus,20,18.25,4.8204,16.0,0.8958,1.0896
Pink_20X_2.TIF,Aspergillus,20,102.5,11.424,42.0,0.7302,0.9339
Pink_20X_2.TIF,Aspergillus,20,37.5,6.9099,22.5,0.9308,1.1236
Pink_20X_2.TIF,Aspergillus,20,20.5,5.109,15.0,1.1449,1.2239
Pink_20X_2.TIF,Aspergillus,20,174.75,14.9164,69.5,0.4546,0.8267
Pink_20X_2.TIF,Aspergillus,20,61.0,8.8129,37.5,0.5451,0.978
Pink_20X_2.TIF,Aspergillus,20,26.75,5.836,16.0,1.3131,1.1444
Pink_20X_2.TIF,Aspergillus,20,644.25,28.6406,152.5,0.3481,0.7381
Pink_20X_2.TIF,Aspergillus,20,26.25,5.7812,23.0,0.6236,0.9052
Pink_20X_2.TIF,Aspergillus,20,27.75,5.9441,15.5,1.4515,1.1443
Pink_20X_2.TIF,Aspergillus,20,15.25,4.4065,16.0,0.7486,0.9919
Pink_20X_2.TIF,Aspergillus,20,55.5,8.4062,30.0,0.7749,0.9043
Pink_20X_2.TIF,Aspergillus,20,42.5,7.3561,32.5,0.5056,0.8901
Pink_20X_2.TIF,Aspergillus,20,134.5,13.0863,62.5,0.4327,0.7483
Pink_20X_2.TIF,Aspergillus,20,16.0,4.5135,20.5,0.4784,0.8312
Pink_20X_2.TIF,Aspergillus,20,144.0,13.5406,53.0,0.6442,0.83
Pink_20X_2.TIF,Aspergillus,20,27.0,5.8632,25.0,0.5429,0.8852
Pink_20X_2.TIF,Aspergillus,20,76.5,9.8693,31.5,0.9688,1.032
Pink_20X_2.TIF,Aspergillus,20,22.5,5.3524,20.0,0.7069,0.9278
Pink_20X_2.TIF,Aspergillus,20,1666.25,46.0601,372.0,0.1513,0.5447
Pink_20X_2.TIF,Aspergillus,20,55.25,8.3873,29.0,0.8256,1.04
Pink_20X_2.TIF,Aspergillus,20,268.75,18.4982,70.0,0.6892,0.8465
Pink_20X_2.TIF,Aspergillus,20,99.25,11.2414,47.0,0.5646,0.842
Pink_20X_2.TIF,Aspergillus,20,61.75,8.8669,29.5,0.8917,1.0165
Pink_20X_2.TIF,Aspergillus,20,32.0,6.3831,23.5,0.7282,1.0407
Pink_20X_2.TIF,Aspergillus,20,64.75,9.0798,48.5,0.3459,0.9009
Pink_20X_2.TIF,Aspergillus,20,71.0,9.5079,31.5,0.8992,1.0798
Pink_20X_2.TIF,Aspergillus,20,894.5,33.7478,153.0,0.4802,0.8192
Pink_20X_2.TIF,Aspergillus,20,43.25,7.4208,28.0,0.6932,0.9202
Pink_20X_2.TIF,Aspergillus,20,921.75,34.258,307.0,0.1229,0.2959
Pink_20X_2.TIF,Aspergillus,20,162.0,14.3619,61.5,0.5382,0.8704
Pink_20X_2.TIF,Aspergillus,20,34.25,6.6037,17.5,1.4054,1.1369
Pink_20X_2.TIF,Aspergillus,20,27.75,5.9441,21.0,0.7907,1.1327
Pink_20X_2.TIF,Aspergillus,20,415.0,22.9868,101.5,0.5062,0.7994
Pink_20X_2.TIF,Aspergillus,20,29.25,6.1026,16.5,1.3501,1.1527
Pink_20X_2.TIF,Aspergillus,20,139.75,13.3392,56.5,0.5501,0.8852
Pink_20X_2.TIF,Aspergillus,20,3062.5,62.4443,503.5,0.1518,0.4962
Pink_20X_2.TIF,Aspergillus,20,36.0,6.7703,24.5,0.7537,0.9965
Pink_20X_2.TIF,Aspergillus,20,159.5,14.2507,58.0,0.5958,0.8861
Pink_20X_2.TIF,Aspergillus,20,638.75,28.5181,171.0,0.2745,0.6388
Pink_20X_2.TIF,Aspergillus,20,25.0,5.6419,20.5,0.7476,0.9434
Pink_20X_2.TIF,Aspergillus,20,357.75,21.3425,99.5,0.4541,0.8255
Pink_20X_2.TIF,Aspergillus,20,100.0,11.2838,42.0,0.7124,0.9816
Pink_20X_2.TIF,Aspergillus,20,161.25,14.3286,55.0,0.6699,0.9254
Pink_20X_2.TIF,Aspergillus,20,273.0,18.6439,101.0,0.3363,0.7597
Pink_20X_2.TIF,Aspergillus,20,630.75,28.3389,179.0,0.2474,0.5752
Pink_20X_2.TIF,Aspergillus,20,90.25,10.7196,37.0,0.8284,0.9627
Pink_20X_2.TIF,Aspergillus,20,349.25,21.0874,141.5,0.2192,0.4892
Pink_20X_2.TIF,Aspergillus,20,956.75,34.9023,188.5,0.3384,0.6741
Pink_20X_2.TIF,Aspergillus,20,1334.25,41.2167,210.5,0.3784,0.6983
Pink_20X_2.TIF,Aspergillus,20,218.5,16.6794,76.5,0.4692,0.7853
Pink_20X_2.TIF,Aspergillus,20,88.25,10.6002,36.5,0.8324,0.9579
Pink_20X_2.TIF,Aspergillus,20,28.25,5.9974,22.5,0.7012,0.9417
Pink_20X_2.TIF,Aspergillus,20,339.75,20.7986,96.0,0.4633,0.7719
Pink_20X_2.TIF,Aspergillus,20,79.25,10.0451,51.0,0.3829,0.753
Pink_20X_2.TIF,Aspergillus,20,113.25,12.0081,44.0,0.7351,0.906
Pink_20X_2.TIF,Aspergillus,20,36.25,6.7937,24.0,0.7909,0.9864
Pink_20X_2.TIF,Aspergillus,20,46.5,7.6945,42.0,0.3313,0.992
Pink_20X_2.TIF,Aspergillus,20,35.0,6.6756,24.5,0.7327,0.9524
Pink_20X_2.TIF,Aspergillus,20,24.25,5.5566,20.0,0.7618,1.0543
Pink_20X_2.TIF,Aspergillus,20,411.75,22.8966,115.0,0.3912,0.7391
Pink_20X_2.TIF,Aspergillus,20,17.0,4.6524,12.0,1.4835,1.2364
Pink_20X_2.TIF,Aspergillus,20,84.25,10.3571,37.0,0.7734,0.9726
Pink_20X_2.TIF,Aspergillus,20,113.25,12.0081,38.5,0.9601,1.0
Pink_20X_2.TIF,Aspergillus,20,846.75,32.8347,175.5,0.3455,0.6227
Pink_20X_2.TIF,Aspergillus,20,22.0,5.2926,13.5,1.5169,1.1892
Pink_20X_2.TIF,Aspergillus,20,16.75,4.6181,13.5,1.1549,1.2072
Pink_20X_2.TIF,Aspergillus,20,183.5,15.2853,53.5,0.8056,0.9946
Pink_20X_2.TIF,Aspergillus,20,116.5,12.1792,74.5,0.2638,0.5087
Pink_20X_2.TIF,Aspergillus,20,49.5,7.9389,26.5,0.8858,1.0674
Pink_20X_2.TIF,Aspergillus,20,69.5,9.4069,41.0,0.5195,0.8701
Pink_20X_2.TIF,Aspergillus,20,14.25,4.2595,16.5,0.6577,1.0
Pink_20X_2.TIF,Aspergillus,20,1154.0,38.3317,223.5,0.2903,0.7263
Pink_20X_2.TIF,Aspergillus,20,25.0,5.6419,18.5,0.9179,1.0811
Pink_20X_2.TIF,Aspergillus,20,14.25,4.2595,13.5,0.9826,1.2128
Pink_20X_2.TIF,Aspergillus,20,98.5,11.1988,59.0,0.3556,0.6396
Pink_20X_2.TIF,Aspergillus,20,17.5,4.7203,16.0,0.859,1.129
Pink_20X_2.TIF,Aspergillus,20,19.0,4.9185,26.0,0.3532,1.2667
Pink_20X_2.TIF,Aspergillus,20,16.5,4.5835,15.5,0.863,1.2336
Pink_20X_2.TIF,Aspergillus,20,1362.75,41.6546,304.0,0.1853,0.4766
Pink_20X_2.TIF,Aspergillus,20,2143.0,52.2355,418.0,0.1541,0.4697
Pink_20X_2.TIF,Aspergillus,20,61.75,8.8669,43.5,0.4101,0.7671
Pink_20X_2.TIF,Aspergillus,20,22.75,5.382,28.0,0.3646,1.3094
Pink_20X_2.TIF,Aspergillus,20,45.75,7.6322,29.0,0.6836,0.9556
Pink_20X_2.TIF,Aspergillus,20,589.75,27.4024,141.5,0.3701,0.6191
Pink_20X_2.TIF,Aspergillus,20,67.5,9.2706,53.5,0.2964,0.5331
Pink_20X_2.TIF,Aspergillus,20,13.25,4.1074,15.0,0.74,1.2927
Pink_20X_2.TIF,Aspergillus,20,82.75,10.2645,38.0,0.7201,1.028
Pink_20X_2.TIF,Aspergillus,20,14.25,4.2595,14.0,0.9136,1.1176
Pink_20X_2.TIF,Aspergillus,20,28.0,5.9708,20.5,0.8373,1.0275
Pink_20X_2.TIF,Aspergillus,20,84.25,10.3571,50.0,0.4235,0.7616
Pink_20X_2.TIF,Aspergillus,20,35.25,6.6994,21.5,0.9583,1.1235
Pink_20X_2.TIF,Aspergillus,20,41.0,7.2252,29.5,0.592,0.87
Pink_20X_2.TIF,Aspergillus,20,256.0,18.0541,81.0,0.4903,0.7237
Pink_20X_2.TIF,Aspergillus,20,19.75,5.0146,13.5,1.3618,1.2154
Pink_20X_2.TIF,Aspergillus,20,324.25,20.3187,79.0,0.6529,0.8823
Pink_20X_2.TIF,Aspergillus,20,865.25,33.1914,209.0,0.2489,0.614
Pink_20X_2.TIF,Aspergillus,20,40.5,7.181,23.5,0.9216,1.0351
Pink_20X_2.TIF,Aspergillus,20,694.5,29.7366,224.0,0.1739,0.5116
Pink_20X_2.TIF,Aspergillus,20,89.5,10.675,52.0,0.4159,0.7443
Pink_20X_2.TIF,Aspergillus,20,26.5,5.8087,18.5,0.973,1.0761
Pink_20X_2.TIF,Aspergillus,20,285.25,19.0576,89.0,0.4525,0.7487
Pink_20X_2.TIF,Aspergillus,20,16.5,4.5835,18.0,0.64,0.8627
Pink_20X_2.TIF,Aspergillus,20,159.5,14.2507,64.0,0.4893,0.9213
Pink_20X_2.TIF,Aspergillus,20,129.5,12.8407,76.5,0.2781,0.4828
Pink_20X_2.TIF,Aspergillus,20,175.5,14.9484,61.0,0.5927,0.8206
Pink_20X_2.TIF,Aspergillus,20,197.5,15.8576,122.5,0.1654,0.3293
Pink_20X_2.TIF,Aspergillus,20,15.5,4.4424,16.0,0.7609,1.0508
Pink_20X_2.TIF,Aspergillus,20,169.5,14.6906,70.5,0.4285,0.7588
Pink_20X_2.TIF,Aspergillus,20,13.0,4.0684,13.0,0.9666,1.2235
Pink_20X_2.TIF,Aspergillus,20,189.0,15.5126,55.5,0.7711,0.9253
Pink_20X_2.TIF,Aspergillus,20,18950.25,155.3326,1936.0,0.0635,0.4832
Pink_20X_2.TIF,Aspergillus,20,248.25,17.7787,79.0,0.4999,0.78
Pink_20X_2.TIF,Aspergillus,20,3298.5,64.8057,552.0,0.136,0.5254
Pink_20X_2.TIF,Aspergillus,20,30.75,6.2572,29.0,0.4595,1.0603
Pink_20X_2.TIF,Aspergillus,20,130.0,12.8655,69.0,0.3431,0.7994
Pink_20X_2.TIF,Aspergillus,20,726.25,30.4087,208.0,0.2109,0.6564
Pink_20X_2.TIF,Aspergillus,20,120.25,12.3736,58.0,0.4492,0.911
Pink_20X_2.TIF,Aspergillus,20,17.75,4.7539,19.0,0.6179,1.1639
Pink_20X_2.TIF,Aspergillus,20,236.0,17.3345,116.0,0.2204,0.4768
Pink_20X_2.TIF,Aspergillus,20,308.5,19.819,81.5,0.5836,0.9216
Pink_20X_2.TIF,Aspergillus,20,176.75,15.0015,73.5,0.4111,0.6025
Pink_20X_2.TIF,Aspergillus,20,1196.75,39.0352,264.0,0.2158,0.6873
Pink_20X_2.TIF,Aspergillus,20,147.0,13.6809,96.5,0.1984,0.3871
Pink_20X_2.TIF,Aspergillus,20,19.0,4.9185,16.0,0.9327,1.1429
Pink_20X_2.TIF,Aspergillus,20,56.75,8.5004,32.0,0.6964,0.9322
Pink_20X_2.TIF,Aspergillus,20,333.0,20.591,135.0,0.2296,0.6531
Pink_20X_2.TIF,Aspergillus,20,19.0,4.9185,19.0,0.6614,1.0411
Pink_20X_2.TIF,Aspergillus,20,484.5,24.8372,114.5,0.4644,0.8117
Pink_20X_2.TIF,Aspergillus,20,116.0,12.153,67.5,0.3199,0.5082
Pink_20X_2.TIF,Aspergillus,20,17.5,4.7203,14.0,1.122,1.25
Pink_20X_2.TIF,Aspergillus,20,860.75,33.105,210.0,0.2453,0.7421
Pink_20X_2.TIF,Aspergillus,20,59.25,8.6856,30.0,0.8273,1.0
Pink_20X_2.TIF,Aspergillus,20,26.5,5.8087,27.0,0.4568,1.0192
Pink_20X_2.TIF,Aspergillus,20,323.0,20.2795,148.0,0.1853,0.3031
Pink_20X_2.TIF,Aspergillus,20,187.25,15.4407,58.5,0.6876,0.904
Pink_20X_2.TIF,Aspergillus,20,400.75,22.5887,135.5,0.2743,0.5209
Pink_20X_2.TIF,Aspergillus,20,142.5,13.4698,46.0,0.8463,1.0
Pink_20X_2.TIF,Aspergillus,20,55.0,8.3683,27.5,0.9139,1.0864
Pink_20X_2.TIF,Aspergillus,20,3183.0,63.661,337.0,0.3522,0.7244
Pink_20X_2.TIF,Aspergillus,20,25.75,5.7259,18.0,0.9987,1.1638
Pink_20X_2.TIF,Aspergillus,20,54.5,8.3302,35.0,0.5591,0.845
Pink_20X_2.TIF,Aspergillus,20,28.25,5.9974,25.0,0.568,1.0463
Pink_20X_2.TIF,Aspergillus,20,76.75,9.8854,39.0,0.6341,0.8286
Pink_20X_2.TIF,Aspergillus,20,43.5,7.4422,39.0,0.3594,0.7768
Pink_20X_2.TIF,Aspergillus,20,146.5,13.6576,46.0,0.87,0.9552
Pink_20X_2.TIF,Aspergillus,20,33.25,6.5066,24.0,0.7254,1.1416
Pink_20X_2.TIF,Aspergillus,20,13.5,4.1459,16.0,0.6627,1.0385
Pink_20X_2.TIF,Aspergillus,20,17.75,4.7539,13.5,1.2239,1.2241
Pink_20X_2.TIF,Aspergillus,20,12.75,4.0291,15.0,0.7121,1.3973
Pink_20X_2.TIF,Aspergillus,20,15.5,4.4424,15.5,0.8107,1.2039
Pink_20X_2.TIF,Aspergillus,20,40.5,7.181,38.0,0.3525,0.8975
Pink_20X_2.TIF,Aspergillus,20,14.25,4.2595,14.0,0.9136,1.2527
Pink_20X_2.TIF,Aspergillus,20,111.25,11.9016,60.5,0.3819,0.683
Pink_20X_2.TIF,Aspergillus,20,33.25,6.5066,17.5,1.3643,1.1368
Pink_20X_2.TIF,Aspergillus,20,139.25,13.3154,42.0,0.992,1.0146
Pink_20X_2.TIF,Aspergillus,20,21.5,5.2321,15.0,1.2008,1.1944
Pink_20X_2.TIF,Aspergillus,20,52.0,8.1369,32.0,0.6381,0.8851
Pink_20X_2.TIF,Aspergillus,20,32.0,6.3831,30.0,0.4468,0.8449
Pink_20X_2.TIF,Aspergillus,20,573.25,27.0164,169.5,0.2507,0.6056
Pink_20X_2.TIF,Aspergillus,20,193.25,15.6861,70.5,0.4886,0.7401
Pink_20X_2.TIF,Aspergillus,20,100.5,11.312,43.0,0.683,0.8711
Pink_20X_2.TIF,Aspergillus,20,14.5,4.2967,15.0,0.8098,1.1048
Pink_20X_2.TIF,Aspergillus,20,47.75,7.7973,36.0,0.463,0.9161
Pink_20X_2.TIF,Aspergillus,20,62.25,8.9028,30.5,0.8409,1.0551
Pink_20X_2.TIF,Aspergillus,20,24.25,5.5566,27.0,0.418,1.0374
Pink_20X_2.TIF,Aspergillus,20,80.5,10.124,56.5,0.3169,0.9758
Pink_20X_2.TIF,Aspergillus,20,21.0,5.1709,14.0,1.3464,1.1915
Pink_20X_2.TIF,Aspergillus,20,684.0,29.5109,266.5,0.121,0.3653
Pink_20X_2.TIF,Aspergillus,20,145.5,13.6109,54.5,0.6156,0.8546
Pink_20X_2.TIF,Aspergillus,20,85.75,10.4489,35.5,0.855,0.9786
Pink_20X_2.TIF,Aspergillus,20,36.5,6.8171,24.5,0.7641,1.0466
Pink_20X_2.TIF,Aspergillus,20,46.75,7.7152,30.0,0.6528,0.9492
Pink_20X_2.TIF,Aspergillus,20,120.75,12.3993,60.0,0.4215,0.7258
Pink_20X_2.TIF,Aspergillus,20,61.75,8.8669,28.5,0.9553,1.0763
Pink_20X_2.TIF,Aspergillus,20,101.25,11.3541,41.5,0.7388,1.0332
Pink_20X_2.TIF,Aspergillus,20,38.5,7.0014,21.5,1.0466,1.0512
Pink_20X_2.TIF,Aspergillus,20,12.5,3.9894,12.5,1.0053,1.2048
Pink_20X_2.TIF,Aspergillus,20,21.75,5.2624,16.5,1.0039,1.2168
Pink_40X_1.TIF,Aspergillus,40,83981.5,326.9993,6347.5,0.0262,0.4451
Pink_40X_1.TIF,Aspergillus,40,2200.125,52.9272,311.0,0.2858,0.731
Pink_40X_1.TIF,Aspergillus,40,20.5625,5.1167,19.75,0.6624,0.9347
Pink_40X_1.TIF,Aspergillus,40,62.0,8.8849,40.75,0.4692,0.8615
Pink_40X_1.TIF,Aspergillus,40,58.5,8.6304,48.0,0.3191,0.6174
Pink_40X_1.TIF,Aspergillus,40,25.4375,5.691,27.5,0.4227,0.7482
Pink_40X_1.TIF,Aspergillus,40,7.25,3.0383,8.25,1.3386,1.1429
Pink_40X_1.TIF,Aspergillus,40,4.4375,2.377,6.25,1.4275,1.1933
Pink_40X_1.TIF,Aspergillus,40,80.5625,10.1279,75.5,0.1776,0.4211
Pink_40X_1.TIF,Aspergillus,40,22.25,5.3226,38.25,0.1911,0.4594
Pink_40X_1.TIF,Aspergillus,40,173.5625,14.8656,155.75,0.0899,0.3212
Pink_40X_1.TIF,Aspergillus,40,5.1875,2.57,9.0,0.8048,1.0921
Pink_40X_1.TIF,Aspergillus,40,3.1875,2.0146,8.0,0.6259,1.36
Pink_40X_1.TIF,Aspergillus,40,86.375,10.4869,71.5,0.2123,0.4772
Pink_40X_1.TIF,Aspergillus,40,3.8125,2.2032,5.75,1.4491,1.2449
Pink_40X_1.TIF,Aspergillus,40,6.3125,2.835,7.5,1.4102,1.1412
Pink_40X_1.TIF,Aspergillus,40,7.25,3.0383,8.25,1.3386,1.1373
Pink_40X_1.TIF,Aspergillus,40,6.125,2.7926,7.75,1.2815,1.1264
Pink_40X_1.TIF,Aspergillus,40,5.5625,2.6613,8.75,0.913,1.1125
Pink_40X_1.TIF,Aspergillus,40,11.1875,3.7742,18.0,0.4339,0.7232
Pink_40X_1.TIF,Aspergillus,40,6.3125,2.835,10.75,0.6864,1.1038
Pink_40X_1.TIF,Aspergillus,40,15.0625,4.3793,17.5,0.6181,0.9507
Pink_40X_1.TIF,Aspergillus,40,4.875,2.4914,7.75,1.02,1.248
Pink_40X_1.TIF,Aspergillus,40,3.4375,2.0921,8.0,0.675,1.0185
Pink_40X_1.TIF,Aspergillus,40,9.4375,3.4664,12.0,0.8236,1.0307
Pink_40X_1.TIF,Aspergillus,40,3.9375,2.2391,8.5,0.6848,0.9767
Pink_40X_1.TIF,Aspergillus,40,5.625,2.6762,8.25,1.0385,1.1613
Pink_40X_1.TIF,Aspergillus,40,3.1875,2.0146,5.5,1.3241,1.275
Pink_40X_1.TIF,Aspergillus,40,644.625,28.6489,226.75,0.1576,0.5655
Pink_40X_1.TIF,Aspergillus,40,4.5625,2.4102,8.75,0.7489,0.9932
Pink_40X_1.TIF,Aspergillus,40,5.5,2.6463,7.0,1.4105,1.1892
Pink_40X_1.TIF,Aspergillus,40,7.0,2.9854,9.75,0.9253,1.0182
Pink_40X_1.TIF,Aspergillus,40,5.125,2.5545,6.75,1.4135,1.1631
Pink_40X_1.TIF,Aspergillus,40,3.5,2.111,8.5,0.6088,1.2174
Pink_40X_1.TIF,Aspergillus,40,18.4375,4.8451,19.5,0.6093,1.019
Pink_40X_1.TIF,Aspergillus,40,33.75,6.5553,37.25,0.3057,0.6897
Pink_40X_1.TIF,Aspergillus,40,3.6875,2.1668,6.5,1.0968,1.2967
Pink_40X_1.TIF,Aspergillus,40,5.625,2.6762,7.25,1.3448,1.1613
Pink_40X_1.TIF,Aspergillus,40,4.9375,2.5073,11.75,0.4494,1.0822
Pink_40X_1.TIF,Aspergillus,40,17803.1875,150.558,1269.25,0.1389,0.6625
Pink_40X_1.TIF,Aspergillus,40,20.875,5.1555,31.5,0.2644,0.6575
Pink_40X_1.TIF,Aspergillus,40,7.8125,3.1539,10.25,0.9344,1.0504
Pink_40X_1.TIF,Aspergillus,40,6.375,2.849,11.25,0.633,1.0149
Pink_40X_1.TIF,Aspergillus,40,145.5,13.6109,95.5,0.2005,0.5871
Pink_40X_1.TIF,Aspergillus,40,8.0,3.1915,15.5,0.4184,1.0802
Pink_40X_1.TIF,Aspergillus,40,5.75,2.7058,7.25,1.3747,1.1795
Pink_40X_1.TIF,Aspergillus,40,5.5,2.6463,9.25,0.8078,1.1579
Pink_40X_1.TIF,Aspergillus,40,8.3125,3.2533,17.75,0.3315,0.911
Pink_40X_1.TIF,Aspergillus,40,48.6875,7.8734,43.25,0.3271,0.6713
Pink_40X_1.TIF,Aspergillus,40,4.8125,2.4754,8.0,0.9449,1.1756
Pink_40X_1.TIF,Aspergillus,40,4.375,2.3602,7.25,1.046,1.2389
Pink_40X_1.TIF,Aspergillus,40,4.125,2.2917,7.0,1.0579,1.1786
Pink_40X_1.TIF,Aspergillus,40,24.125,5.5423,42.5,0.1678,0.5437
Pink_40X_1.TIF,Aspergillus,40,7.25,3.0383,10.5,0.8264,1.0043
Pink_40X_1.TIF,Aspergillus,40,5.3125,2.6008,11.5,0.5048,0.8416
Pink_40X_1.TIF,Aspergillus,40,7.625,3.1158,11.25,0.7571,1.0609
Pink_40X_1.TIF,Aspergillus,40,6.625,2.9043,7.75,1.3861,1.1648
Pink_40X_1.TIF,Aspergillus,40,8.375,3.2655,8.75,1.3746,1.1308
Pink_40X_1.TIF,Aspergillus,40,8.875,3.3615,20.75,0.259,0.8931
Pink_40X_1.TIF,Aspergillus,40,3.625,2.1484,6.5,1.0782,1.2889
Pink_40X_1.TIF,Aspergillus,40,5.5625,2.6613,10.75,0.6049,0.8812
Pink_40X_1.TIF,Aspergillus,40,4.4375,2.377,6.25,1.4275,1.1933
Pink_40X_1.TIF,Aspergillus,40,51.8125,8.1222,49.75,0.2631,0.6161
Pink_40X_1.TIF,Aspergillus,40,24.875,5.6278,26.0,0.4624,0.6995
Pink_40X_1.TIF,Aspergillus,40,4.75,2.4592,7.0,1.2182,1.1692
Pink_40X_1.TIF,Aspergillus,40,7.1875,3.0251,15.25,0.3884,0.8949
Pink_40X_1.TIF,Aspergillus,40,3.625,2.1484,6.25,1.1662,1.2211
Pink_40X_1.TIF,Aspergillus,40,53.4375,8.2486,53.25,0.2368,0.5675
Pink_40X_1.TIF,Aspergillus,40,3.875,2.2212,5.75,1.4728,1.2039
Pink_40X_1.TIF,Aspergillus,40,40.0,7.1365,31.0,0.5231,0.8132
Pink_40X_1.TIF,Aspergillus,40,4.5,2.3937,8.0,0.8836,1.0909
Pink_40X_1.TIF,Aspergillus,40,3.3125,2.0537,7.5,0.74,1.0928
Pink_40X_1.TIF,Aspergillus,40,12.4375,3.9794,15.0,0.6946,0.959
Pink_40X_1.TIF,Aspergillus,40,3.625,2.1484,6.5,1.0782,1.2083
Pink_40X_1.TIF,Aspergillus,40,138.375,13.2735,37.25,1.2532,1.0165
Pink_40X_1.TIF,Aspergillus,40,267.0,18.4379,180.75,0.1027,0.5535
Pink_40X_1.TIF,Aspergillus,40,27.875,5.9575,34.0,0.303,0.7838
Pink_40X_1.TIF,Aspergillus,40,124.1875,12.5746,92.75,0.1814,0.5104
Pink_40X_1.TIF,Aspergillus,40,10.0625,3.5794,15.0,0.562,1.0321
Pink_40X_1.TIF,Aspergillus,40,45.5625,7.6166,45.5,0.2766,0.6047
Pink_40X_1.TIF,Aspergillus,40,4.375,2.3602,7.25,1.046,1.157
Pink_40X_1.TIF,Aspergillus,40,4.125,2.2917,7.75,0.863,1.1379
Pink_40X_1.TIF,Aspergillus,40,85.5625,10.4375,48.0,0.4667,0.744
Pink_40X_1.TIF,Aspergillus,40,3.375,2.073,6.5,1.0038,1.1368
Pink_40X_1.TIF,Aspergillus,40,27.375,5.9038,27.0,0.4719,0.7598
Pink_40X_1.TIF,Aspergillus,40,15.6875,4.4692,16.0,0.7701,0.9729
Pink_40X_1.TIF,Aspergillus,40,7.9375,3.179,14.25,0.4912,0.7987
Pink_40X_1.TIF,Aspergillus,40,3.25,2.0342,9.0,0.5042,1.3
Pink_40X_1.TIF,Aspergillus,40,44.3125,7.5114,51.75,0.2079,0.6583
Pink_40X_1.TIF,Aspergillus,40,4.9375,2.5073,12.0,0.4309,1.1049
Pink_40X_1.TIF,Aspergillus,40,7.3125,3.0513,8.25,1.3501,1.1471
Pink_40X_1.TIF,Aspergillus,40,12.3125,3.9594,16.0,0.6044,0.9184
Pink_40X_1.TIF,Aspergillus,40,107.625,11.7061,101.75,0.1306,0.2112
Pink_40X_1.TIF,Aspergillus,40,183.1875,15.2722,61.75,0.6037,0.8432
Pink_40X_1.TIF,Aspergillus,40,8.125,3.2164,10.5,0.9261,1.0317
Pink_40X_1.TIF,Aspergillus,40,869.3125,33.2693,215.75,0.2347,0.7732
Pink_40X_1.TIF,Aspergillus,40,170.3125,14.7258,59.5,0.6045,0.8816
Pink_40X_1.TIF,Aspergillus,40,18.0,4.7873,16.0,0.8836,1.0231
Pink_40X_1.TIF,Aspergillus,40,5.5,2.6463,7.25,1.3149,1.1579
Pink_40X_1.TIF,Aspergillus,40,4.625,2.4267,7.75,0.9676,1.1746
Pink_40X_1.TIF,Aspergillus,40,6.5625,2.8906,8.75,1.0771,1.129
Pink_40X_1.TIF,Aspergillus,40,22.9375,5.4042,26.75,0.4028,0.6643
Pink_40X_1.TIF,Aspergillus,40,12.875,4.0488,17.5,0.5283,0.8512
Pink_40X_1.TIF,Aspergillus,40,9.3125,3.4434,13.75,0.619,0.9803
Pink_40X_1.TIF,Aspergillus,40,10.0625,3.5794,13.25,0.7203,0.9333
Pink_40X_1.TIF,Aspergillus,40,9.3125,3.4434,12.25,0.7798,0.949
Pink_40X_1.TIF,Aspergillus,40,3.125,1.9947,5.5,1.2982,1.25
Pink_40X_1.TIF,Aspergillus,40,45.3125,7.5956,38.0,0.3943,0.6882
Pink_40X_1.TIF,Aspergillus,40,4.3125,2.3433,6.75,1.1894,1.2105
Pink_40X_1.TIF,Aspergillus,40,5.0,2.5231,7.5,1.117,1.0811
Pink_40X_1.TIF,Aspergillus,40,4.0,2.2568,6.75,1.1032,1.2308
Pink_40X_1.TIF,Aspergillus,40,58.375,8.6212,45.25,0.3583,0.6643
Pink_40X_1.TIF,Aspergillus,40,13.0625,4.0782,25.75,0.2476,0.5863
Pink_40X_1.TIF,Aspergillus,40,4.625,2.4267,9.25,0.6793,1.2982
Pink_40X_1.TIF,Aspergillus,40,8.6875,3.3258,12.75,0.6716,0.9456
Pink_40X_1.TIF,Aspergillus,40,5.6875,2.691,7.5,1.2706,1.1375
Pink_40X_1.TIF,Aspergillus,40,8.4375,3.2776,9.25,1.2392,1.0887
Pink_40X_1.TIF,Aspergillus,40,4.1875,2.309,7.5,0.9355,1.1552
Pink_40X_1.TIF,Aspergillus,40,4.1875,2.309,8.0,0.8222,1.0152
Pink_40X_1.TIF,Aspergillus,40,7.5625,3.103,8.5,1.3153,1.105
Pink_40X_1.TIF,Aspergillus,40,58.125,8.6027,44.0,0.3773,0.7491
Pink_40X_1.TIF,Aspergillus,40,31.1875,6.3015,34.5,0.3293,0.6676
Pink_40X_1.TIF,Aspergillus,40,11.75,3.8679,12.5,0.945,1.0053
Pink_40X_1.TIF,Aspergillus,40,5.6875,2.691,8.25,1.0501,1.0898
Pink_40X_1.TIF,Aspergillus,40,3.25,2.0342,7.5,0.7261,1.1183
Pink_40X_1.TIF,Aspergillus,40,7.6875,3.1286,9.25,1.129,1.1495
Pink_40X_1.TIF,Aspergillus,40,6.4375,2.8629,8.0,1.264,1.1705
Pink_40X_1.TIF,Aspergillus,40,4.8125,2.4754,7.0,1.2342,1.1579
Pink_40X_1.TIF,Aspergillus,40,6.0625,2.7783,8.25,1.1193,1.1758
Pink_40X_1.TIF,Aspergillus,40,7.5625,3.103,8.5,1.3153,1.1524
Pink_40X_1.TIF,Aspergillus,40,14.5625,4.306,21.75,0.3868,0.7327
Pink_40X_1.TIF,Aspergillus,40,5.0625,2.5389,8.25,0.9347,1.1825
Pink_40X_1.TIF,Aspergillus,40,6.1875,2.8068,9.25,0.9087,1.1186
Pink_40X_1.TIF,Aspergillus,40,8.25,3.241,12.5,0.6635,1.0193
Pink_40X_1.TIF,Aspergillus,40,87.4375,10.5513,48.0,0.4769,0.6772
Pink_40X_1.TIF,Aspergillus,40,80.0,10.0925,67.25,0.2223,0.5903
Pink_40X_1.TIF,Aspergillus,40,5.875,2.735,8.5,1.0218,1.0994
Pink_40X_1.TIF,Aspergillus,40,9.125,3.4086,17.75,0.364,0.7565
Pink_40X_1.TIF,Aspergillus,40,7.5,3.0902,12.25,0.6281,0.96
Pink_40X_2.TIF,Aspergillus,40,52.5625,8.1807,35.5,0.5241,0.8626
Pink_40X_2.TIF,Aspergillus,40,3.8125,2.2032,6.75,1.0515,1.1961
Pink_40X_2.TIF,Aspergillus,40,207.1875,16.2419,103.5,0.243,0.6873
Pink_40X_2.TIF,Aspergillus,40,38.5,7.0014,29.0,0.5753,0.9333
Pink_40X_2.TIF,Aspergillus,40,393.5,22.3835,177.75,0.1565,0.6299
Pink_40X_2.TIF,Aspergillus,40,101.625,11.3751,72.0,0.2463,0.5822
Pink_40X_2.TIF,Aspergillus,40,215.0625,16.5477,76.0,0.4679,0.9071
Pink_40X_2.TIF,Aspergillus,40,60.125,8.7495,67.0,0.1683,0.5328
Pink_40X_2.TIF,Aspergillus,40,158.9375,14.2255,172.5,0.0671,0.3192
Pink_40X_2.TIF,Aspergillus,40,236.125,17.3391,104.75,0.2704,0.5535
Pink_40X_2.TIF,Aspergillus,40,28.875,6.0634,24.75,0.5924,0.9343
Pink_40X_2.TIF,Aspergillus,40,23.25,5.4408,34.25,0.2491,0.5221
Pink_40X_2.TIF,Aspergillus,40,79.25,10.0451,53.0,0.3545,0.7409
Pink_40X_2.TIF,Aspergillus,40,23.0,5.4115,33.0,0.2654,0.5497
Pink_40X_2.TIF,Aspergillus,40,17.8125,4.7623,19.0,0.6201,0.8584
Pink_40X_2.TIF,Aspergillus,40,5.1875,2.57,7.5,1.1589,1.1293
Pink_40X_2.TIF,Aspergillus,40,3.875,2.2212,7.0,0.9938,1.1481
Pink_40X_2.TIF,Aspergillus,40,586.75,27.3326,167.0,0.2644,0.7629
Pink_40X_2.TIF,Aspergillus,40,10.4375,3.6455,12.75,0.8068,1.0774
Pink_40X_2.TIF,Aspergillus,40,16.0,4.5135,20.25,0.4903,0.7793
Pink_40X_2.TIF,Aspergillus,40,4.5625,2.4102,8.5,0.7936,1.058
Pink_40X_2.TIF,Aspergillus,40,18.5625,4.8615,27.25,0.3141,0.6704
Pink_40X_2.TIF,Aspergillus,40,13.0625,4.0782,16.0,0.6412,0.9009
Pink_40X_2.TIF,Aspergillus,40,13.0625,4.0782,13.25,0.935,1.1176
Pink_40X_2.TIF,Aspergillus,40,147.9375,13.7244,99.75,0.1868,0.5689
Pink_40X_2.TIF,Aspergillus,40,40.0625,7.1421,37.0,0.3677,0.6737
Pink_40X_2.TIF,Aspergillus,40,475.875,24.6151,281.25,0.0756,0.4547
Pink_40X_2.TIF,Aspergillus,40,98.5,11.1988,62.5,0.3169,0.6899
Pink_40X_2.TIF,Aspergillus,40,8.75,3.3378,11.0,0.9087,1.0853
Pink_40X_2.TIF,Aspergillus,40,12.125,3.9291,13.5,0.836,0.9773
Pink_40X_2.TIF,Aspergillus,40,55109.25,264.8911,5416.0,0.0236,0.4097
Pink_40X_2.TIF,Aspergillus,40,11.5625,3.8369,21.25,0.3218,0.5845
Pink_40X_2.TIF,Aspergillus,40,67.0625,9.2405,53.75,0.2917,0.6224
Pink_40X_2.TIF,Aspergillus,40,38.9375,7.0411,43.75,0.2556,0.6181
Pink_40X_2.TIF,Aspergillus,40,6.0,2.764,8.0,1.1781,1.1779
Pink_40X_2.TIF,Aspergillus,40,6.3125,2.835,8.0,1.2395,1.1285
Pink_40X_2.TIF,Aspergillus,40,10.25,3.6126,14.5,0.6126,0.8542
Pink_40X_2.TIF,Aspergillus,40,28.9375,6.07,29.25,0.425,0.751
Pink_40X_2.TIF,Aspergillus,40,9.75,3.5234,13.0,0.725,0.975
Pink_40X_2.TIF,Aspergillus,40,6.125,2.7926,10.75,0.666,0.9561
Pink_40X_2.TIF,Aspergillus,40,32.3125,6.4142,30.5,0.4365,0.7333
Pink_40X_2.TIF,Aspergillus,40,619.0,28.0737,317.25,0.0773,0.4402
Pink_40X_2.TIF,Aspergillus,40,10.0,3.5682,10.25,1.1961,1.1189
Pink_40X_2.TIF,Aspergillus,40,53.9375,8.2871,44.5,0.3423,0.635
Pink_40X_2.TIF,Aspergillus,40,6.0,2.764,8.5,1.0436,1.1294
Pink_40X_2.TIF,Aspergillus,40,10.625,3.6781,18.0,0.4121,0.7763
Pink_40X_2.TIF,Aspergillus,40,8.375,3.2655,12.5,0.6736,0.921
Pink_40X_2.TIF,Aspergillus,40,5.25,2.5854,9.25,0.7711,0.9941
Pink_40X_2.TIF,Aspergillus,40,7.4375,3.0773,8.75,1.2207,1.1333
Pink_40X_2.TIF,Aspergillus,40,5.625,2.6762,10.0,0.7069,0.9524
Pink_40X_2.TIF,Aspergillus,40,3.625,2.1484,7.25,0.8666,1.3488
Pink_40X_2.TIF,Aspergillus,40,9.0625,3.3969,12.5,0.7288,0.9635
Pink_40X_2.TIF,Aspergillus,40,87.1875,10.5362,65.25,0.2573,0.6487
Pink_40X_2.TIF,Aspergillus,40,488.3125,24.9347,304.5,0.0662,0.3593
Pink_40X_2.TIF,Aspergillus,40,5.875,2.735,10.25,0.7027,0.9592
Pink_40X_2.TIF,Aspergillus,40,33.125,6.4943,36.25,0.3168,0.7157
Pink_40X_2.TIF,Aspergillus,40,4.0625,2.2743,7.0,1.0419,1.2745
Pink_40X_2.TIF,Aspergillus,40,3.375,2.073,7.75,0.7061,1.102
Pink_40X_2.TIF,Aspergillus,40,4.4375,2.377,11.5,0.4217,1.3028
Pink_40X_2.TIF,Aspergillus,40,69.625,9.4154,48.75,0.3682,0.7509
Pink_40X_2.TIF,Aspergillus,40,168.875,14.6635,82.0,0.3156,0.6398
Pink_40X_2.TIF,Aspergillus,40,3.625,2.1484,7.5,0.8098,1.2083
Pink_40X_2.TIF,Aspergillus,40,149.1875,13.7823,107.5,0.1622,0.502
Pink_40X_2.TIF,Aspergillus,40,5.1875,2.57,11.5,0.4929,0.9708
Pink_40X_2.TIF,Aspergillus,40,18.0,4.7873,29.75,0.2556,0.5338
Pink_40X_2.TIF,Aspergillus,40,61.9375,8.8804,47.0,0.3523,0.7179
Pink_40X_2.TIF,Aspergillus,40,6.1875,2.8068,10.5,0.7053,1.0102
Pink_40X_2.TIF,Aspergillus,40,15.0,4.3702,18.75,0.5362,0.8759
Pink_40X_2.TIF,Aspergillus,40,47.1875,7.7512,53.5,0.2072,0.4939
Pink_40X_2.TIF,Aspergillus,40,6.875,2.9586,8.25,1.2693,1.1168
Pink_40X_2.TIF,Aspergillus,40,11.3125,3.7952,15.0,0.6318,0.8518
Pink_40X_2.TIF,Aspergillus,40,4.4375,2.377,9.5,0.6179,1.1639
Pink_40X_2.TIF,Aspergillus,40,6.875,2.9586,8.75,1.1284,1.1282
Pink_40X_2.TIF,Aspergillus,40,40.6875,7.1976,40.25,0.3156,0.6354
Pink_40X_2.TIF,Aspergillus,40,8.625,3.3139,10.0,1.0838,1.1084
Pink_40X_2.TIF,Aspergillus,40,3.3125,2.0537,6.0,1.1563,1.1398
Pink_40X_2.TIF,Aspergillus,40,7.9375,3.179,9.0,1.2314,1.1545
Pink_40X_2.TIF,Aspergillus,40,8.4375,3.2776,13.0,0.6274,0.8824
Pink_40X_2.TIF,Aspergillus,40,4.1875,2.309,7.5,0.9355,1.2407
Pink_40X_2.TIF,Aspergillus,40,9.1875,3.4202,9.75,1.2145,1.1484
Pink_40X_2.TIF,Aspergillus,40,8.0,3.1915,8.75,1.3131,1.1327
Pink_40X_2.TIF,Aspergillus,40,3.125,1.9947,7.25,0.7471,1.1111
Pink_40X_2.TIF,Aspergillus,40,9.5,3.4779,12.0,0.829,1.01
Pink_40X_2.TIF,Aspergillus,40,10.0,3.5682,13.0,0.7436,0.9302
Pink_40X_2.TIF,Aspergillus,40,33.9375,6.5735,30.5,0.4584,0.7479
Pink_40X_2.TIF,Aspergillus,40,66.875,9.2276,71.5,0.1644,0.447
Pink_40X_2.TIF,Aspergillus,40,24.9375,5.6348,28.5,0.3858,0.7403
Pink_40X_2.TIF,Aspergillus,40,4.0625,2.2743,7.0,1.0419,1.2037
Pink_40X_2.TIF,Aspergillus,40,3.1875,2.0146,5.75,1.2115,1.275
Pink_40X_2.TIF,Aspergillus,40,58.25,8.612,72.25,0.1402,0.4342
Pink_40X_2.TIF,Aspergillus,40,88.625,10.6227,52.5,0.4041,0.7069
Pink_40X_2.TIF,Aspergillus,40,3.8125,2.2032,10.0,0.4791,0.9531
Pink_40X_2.TIF,Aspergillus,40,8.375,3.2655,13.75,0.5567,0.8401
Pink_40X_2.TIF,Aspergillus,40,3.8125,2.2032,7.25,0.9115,1.0893
Pink_40X_2.TIF,Aspergillus,40,3.1875,2.0146,6.0,1.1126,1.2911
Pink_40X_2.TIF,Aspergillus,40,5.1875,2.57,10.5,0.5913,1.1448
Pink_40X_2.TIF,Aspergillus,40,3.4375,2.0921,6.75,0.9481,1.1702
Pink_40X_2.TIF,Aspergillus,40,4.875,2.4914,7.25,1.1655,1.1642
Pink_40X_2.TIF,Aspergillus,40,7.4375,3.0773,12.0,0.649,0.8686
Pink_40X_2.TIF,Aspergillus,40,8.75,3.3378,14.75,0.5054,0.8187
Pink_40X_2.TIF,Aspergillus,40,44.125,7.4954,38.75,0.3693,0.7531
Pink_40X_2.TIF,Aspergillus,40,7.0625,2.9987,13.75,0.4694,0.8828
Pink_40X_2.TIF,Aspergillus,40,17.3125,4.695,23.5,0.3939,0.7176
Pink_40X_2.TIF,Aspergillus,40,29.75,6.1546,49.75,0.151,0.5898
Pink_40X_2.TIF,Aspergillus,40,16.3125,4.5574,24.75,0.3346,0.7897
Pink_40X_2.TIF,Aspergillus,40,4.3125,2.3433,6.75,1.1894,1.1597
Pink_40X_2.TIF,Aspergillus,40,1002.4375,35.7259,535.75,0.0439,0.3895
Pink_40X_2.TIF,Aspergillus,40,3336.5625,65.1785,748.25,0.0749,0.5443
Pink_40X_2.TIF,Aspergillus,40,19.0,4.9185,22.75,0.4613,0.7696
Pink_40X_2.TIF,Aspergillus,40,10.0,3.5682,13.5,0.6895,0.9969
Pink_40X_2.TIF,Aspergillus,40,9.625,3.5007,11.75,0.8761,0.9686
Pink_40X_2.TIF,Aspergillus,40,6.0,2.764,8.5,1.0436,1.1361
Pink_40X_2.TIF,Aspergillus,40,7.125,3.0119,12.25,0.5967,0.9421
Pink_40X_2.TIF,Aspergillus,40,3.125,1.9947,6.5,0.9295,1.2346
Pink_40X_2.TIF,Aspergillus,40,3.3125,2.0537,7.25,0.7919,1.1522
Pink_40X_2.TIF,Aspergillus,40,9.625,3.5007,12.5,0.7741,0.9536
Pink_40X_2.TIF,Aspergillus,40,3.375,2.073,7.0,0.8655,1.1489
Pink_40X_2.TIF,Aspergillus,40,14.3125,4.2689,16.25,0.6811,0.9253
Pink_40X_2.TIF,Aspergillus,40,598.9375,27.615,218.5,0.1576,0.5191
Pink_40X_2.TIF,Aspergillus,40,1743.4375,47.1149,607.75,0.0593,0.4043
Pink_40X_2.TIF,Aspergillus,40,32.1875,6.4017,27.0,0.5548,0.8477
Pink_40X_2.TIF,Aspergillus,40,3.875,2.2212,6.75,1.0687,1.2157
Pink_40X_2.TIF,Aspergillus,40,3.1875,2.0146,7.0,0.8175,1.2911
Pink_40X_2.TIF,Aspergillus,40,4.0,2.2568,8.5,0.6957,1.0579
Pink_40X_2.TIF,Aspergillus,40,7.25,3.0383,11.5,0.6889,1.0
Pink_40X_2.TIF,Aspergillus,40,2176.625,52.6438,605.0,0.0747,0.4966
Pink_40X_2.TIF,Aspergillus,40,13.4375,4.1363,20.75,0.3922,0.6858
Pink_40X_2.TIF,Aspergillus,40,50.75,8.0385,24.0,1.1072,1.0404
Pink_40X_2.TIF,Aspergillus,40,100.375,11.3049,55.5,0.4095,0.8014
Pink_40X_2.TIF,Aspergillus,40,3.4375,2.0921,5.75,1.3065,1.2088
Pink_40X_2.TIF,Aspergillus,40,49.8125,7.9639,45.5,0.3024,0.69
Pink_40X_2.TIF,Aspergillus,40,27.625,5.9307,42.25,0.1945,0.3779
Pink_40X_2.TIF,Aspergillus,40,11.9375,3.8986,12.0,1.0417,1.0495
Pink_40X_2.TIF,Aspergillus,40,7.25,3.0383,8.75,1.19,1.1317
Pink_40X_2.TIF,Aspergillus,40,7.5,3.0902,9.0,1.1636,1.1215
Pink_40X_2.TIF,Aspergillus,40,4.5,2.3937,8.5,0.7827,0.9536
Pink_40X_2.TIF,Aspergillus,40,5.1875,2.57,10.25,0.6205,1.0061
Pink_40X_2.TIF,Aspergillus,40,38.0,6.9558,41.25,0.2806,0.6513
Pink_40X_2.TIF,Aspergillus,40,3.9375,2.2391,7.0,1.0098,1.2475
Pink_40X_2.TIF,Aspergillus,40,10.625,3.6781,16.5,0.4904,0.787
Pink_40X_2.TIF,Aspergillus,40,16.5625,4.5922,18.0,0.6424,0.9381
Pink_40X_2.TIF,Aspergillus,40,13.625,4.1651,16.75,0.6103,0.8737
Pink_40X_2.TIF,Aspergillus,40,8.875,3.3615,12.75,0.6861,0.993
Pink_40X_2.TIF,Aspergillus,40,4.0625,2.2743,7.0,1.0419,1.1304
Pink_40X_2.TIF,Aspergillus,40,9.3125,3.4434,16.75,0.4171,0.7506
Pink_40X_2.TIF,Aspergillus,40,37.0625,6.8695,29.5,0.5352,0.8818
Pink_40X_2.TIF,Aspergillus,40,7.75,3.1413,8.5,1.3479,1.1273
Pink_40X_2.TIF,Aspergillus,40,5.6875,2.691,12.5,0.4574,0.8125
Pink_40X_2.TIF,Aspergillus,40,3.875,2.2212,7.25,0.9264,1.3333
Pink_40X_2.TIF,Aspergillus,40,9.9375,3.5571,16.75,0.4451,1.1606
Pink_40X_2.TIF,Aspergillus,40,7.9375,3.179,16.5,0.3664,0.7299
Pink_40X_2.TIF,Aspergillus,40,35.625,6.7349,41.25,0.2631,0.6362
Pink_40X_2.TIF,Aspergillus,40,8.3125,3.2533,12.75,0.6426,0.9236
Pink_40X_2.TIF,Aspergillus,40,22.875,5.3968,22.75,0.5554,1.0624
Pink_40X_2.TIF,Aspergillus,40,219.25,16.708,111.25,0.2226,0.6306
Pink_40X_2.TIF,Aspergillus,40,3.6875,2.1668,7.75,0.7715,1.2688
Pink_40X_2.TIF,Aspergillus,40,14.875,4.3519,21.0,0.4239,0.6296
Pink_40X_2.TIF,Aspergillus,40,94.875,10.9908,75.0,0.212,0.5783
Pink_40X_2.TIF,Aspergillus,40,17.875,4.7707,20.5,0.5345,0.8994
Pink_40X_2.TIF,Aspergillus,40,7.0,2.9854,15.0,0.391,0.8
Pink_40X_2.TIF,Aspergillus,40,3.1875,2.0146,5.5,1.3241,1.2439
Pink_40X_2.TIF,Aspergillus,40,4.75,2.4592,8.25,0.877,1.1875
Pink_40X_2.TIF,Aspergillus,40,7.1875,3.0251,8.5,1.2501,1.15
Pink_40X_2.TIF,Aspergillus,40,39.3125,7.0749,43.25,0.2641,0.5312
Pink_40X_2.TIF,Aspergillus,40,7.5,3.0902,8.5,1.3045,1.1483
Pink_40X_2.TIF,Aspergillus,40,3.75,2.1851,8.25,0.6924,1.25
Pink_40X_2.TIF,Aspergillus,40,114.625,12.0808,107.75,0.1241,0.3875
Pink_40X_2.TIF,Aspergillus,40,497.75,25.1745,253.0,0.0977,0.4096
Pink_40X_2.TIF,Aspergillus,40,105.6875,11.6002,87.0,0.1755,0.5436
Pink_40X_2.TIF,Aspergillus,40,7.5,3.0902,15.75,0.3799,0.678
Pink_40X_2.TIF,Aspergillus,40,5.4375,2.6312,7.75,1.1376,1.1837
Pink_40X_2.TIF,Aspergillus,40,6.25,2.8209,10.25,0.7476,1.0256
Pink_40X_2.TIF,Aspergillus,40,6.8125,2.9452,8.5,1.1849,1.1354
Pink_40X_2.TIF,Aspergillus,40,21.5625,5.2397,26.25,0.3932,0.6977
Pink_40X_2.TIF,Aspergillus,40,7.4375,3.0773,9.0,1.1539,1.1724
Pink_40X_2.TIF,Aspergillus,40,7.3125,3.0513,9.0,1.1345,1.1038
Pink_40X_2.TIF,Aspergillus,40,8.5,3.2898,10.75,0.9243,1.0837
Pink_40X_2.TIF,Aspergillus,40,8.0625,3.204,10.75,0.8767,0.9885
Pink_40X_2.TIF,Aspergillus,40,8.625,3.3139,13.5,0.5947,0.8519
Pink_40X_2.TIF,Aspergillus,40,47.5,7.7768,23.0,1.1284,1.0375
Pink_40X_2.TIF,Aspergillus,40,5.375,2.616,9.25,0.7894,1.2028
Pink_40X_2.TIF,Aspergillus,40,29.3125,6.1092,24.5,0.6137,0.9063
Pink_40X_2.TIF,Aspergillus,40,5.1875,2.57,8.5,0.9023,1.1293
Pink_40X_2.TIF,Aspergillus,40,3.625,2.1484,10.0,0.4555,1.2889
Pink_40X_2.TIF,Aspergillus,40,38.0,6.9558,53.75,0.1653,0.3449
Pink_40X_2.TIF,Aspergillus,40,24.8125,5.6207,23.5,0.5646,0.8219
Pink_40X_2.TIF,Aspergillus,40,152.6875,13.943,109.75,0.1593,0.5304
Pink_40X_2.TIF,Aspergillus,40,3.1875,2.0146,6.75,0.8791,1.1333
Pink_40X_2.TIF,Aspergillus,40,19.5625,4.9908,33.25,0.2224,0.7616
Pink_40X_2.TIF,Aspergillus,40,26.5625,5.8155,28.25,0.4183,0.7179
Pink_40X_2.TIF,Aspergillus,40,6.625,2.9043,12.75,0.5121,0.9217
Pink_40X_2.TIF,Aspergillus,40,10.4375,3.6455,13.0,0.7761,1.0214
Pink_40X_2.TIF,Aspergillus,40,4.1875,2.309,7.0,1.0739,1.2182
Pink_40X_2.TIF,Aspergillus,40,17.9375,4.779,21.25,0.4992,0.706
Pink_40X_2.TIF,Aspergillus,40,9.3125,3.4434,12.0,0.8127,1.0797
Pink_40X_2.TIF,Aspergillus,40,8.5,3.2898,16.0,0.4172,1.0667
Pink_40X_2.TIF,Aspergillus,40,6.3125,2.835,8.5,1.0979,1.1412
Pink_40X_2.TIF,Aspergillus,40,21.9375,5.285,29.25,0.3222,0.4671
Pink_40X_2.TIF,Aspergillus,40,3.375,2.073,9.0,0.5236,1.1868
Pink_40X_2.TIF,Aspergillus,40,39.125,7.058,32.25,0.4727,0.7796
Pink_40X_2.TIF,Aspergillus,40,6.1875,2.8068,11.5,0.5879,1.0703
Pink_40X_2.TIF,Aspergillus,40,3.6875,2.1668,7.25,0.8816,1.3563
Pink_40X_2.TIF,Aspergillus,40,47.9375,7.8125,43.0,0.3258,0.7059
Pink_40X_2.TIF,Aspergillus,40,102.6875,11.4344,98.75,0.1323,0.4647
Pink_40X_2.TIF,Aspergillus,40,63.3125,8.9784,82.25,0.1176,0.3369
Pink_40X_2.TIF,Aspergillus,40,8.75,3.3378,13.5,0.6033,0.9524
Pink_40X_2.TIF,Aspergillus,40,14.125,4.2408,16.0,0.6934,0.9058
Pink_40X_2.TIF,Aspergillus,40,7.0625,2.9987,8.0,1.3867,1.1357
Pink_40X_2.TIF,Aspergillus,40,4.625,2.4267,7.25,1.1057,1.2437
Pink_40X_2.TIF,Aspergillus,40,12.875,4.0488,21.5,0.35,0.671
Pink_40X_2.TIF,Aspergillus,40,15.4375,4.4335,29.75,0.2192,0.6509
Pink_40X_2.TIF,Aspergillus,40,3.3125,2.0537,6.5,0.9852,1.0928
Pink_40X_2.TIF,Aspergillus,40,3.4375,2.0921,6.5,1.0224,1.3095
Pink_40X_2.TIF,Aspergillus,40,3.25,2.0342,6.0,1.1345,1.2093
Pink_40X_2.TIF,Aspergillus,40,8.9375,3.3734,11.25,0.8874,1.0672
Pink_40X_2.TIF,Aspergillus,40,23.75,5.499,31.25,0.3056,0.5802
Pink_40X_2.TIF,Aspergillus,40,4.625,2.4267,7.0,1.1861,1.2033
Pink_40X_2.TIF,Aspergillus,40,5.6875,2.691,10.25,0.6803,0.9891
Pink_40X_2.TIF,Aspergillus,40,330.25,20.5058,129.0,0.2494,0.6617
Pink_40X_2.TIF,Aspergillus,40,2720.3125,58.8524,1218.75,0.023,0.3813
Pink_40X_2.TIF,Aspergillus,40,6.125,2.7926,7.0,1.5708,1.1667
Pink_40X_2.TIF,Aspergillus,40,4.75,2.4592,7.0,1.2182,1.1515
Pink_40X_2.TIF,Aspergillus,40,53.875,8.2823,34.25,0.5771,0.8774
Pink_40X_2.TIF,Aspergillus,40,32.6875,6.4513,42.5,0.2274,0.5585
Pink_40X_2.TIF,Aspergillus,40,6.75,2.9316,9.75,0.8923,1.0286
Pink_40X_2.TIF,Aspergillus,40,82.0625,10.2218,56.5,0.323,0.7488
Pink_40X_2.TIF,Aspergillus,40,9.9375,3.5571,14.5,0.594,0.9493
Pink_40X_2.TIF,Aspergillus,40,7.5625,3.103,11.75,0.6883,0.9237
Pink_40X_2.TIF,Aspergillus,40,47.125,7.7461,41.5,0.3438,0.7117
Pink_40X_2.TIF,Aspergillus,40,4.75,2.4592,7.25,1.1356,1.1692
Pink_40X_2.TIF,Aspergillus,40,6.5,2.8768,7.75,1.3599,1.1429
Pink_40X_2.TIF,Aspergillus,40,3.3125,2.0537,6.75,0.9136,1.1042
Pink_40X_2.TIF,Aspergillus,40,6.875,2.9586,12.5,0.5529,0.8365
Pink_40X_2.TIF,Aspergillus,40,13.4375,4.1363,16.0,0.6596,0.913
Pink_40X_2.TIF,Aspergillus,40,3.3125,2.0537,7.25,0.7919,1.1648
Pink_40X_2.TIF,Aspergillus,40,7.625,3.1158,13.75,0.5068,0.8385
Pink_40X_2.TIF,Aspergillus,40,67.375,9.262,30.25,0.9252,1.0213
Pink_40X_2.TIF,Aspergillus,40,5.125,2.5545,8.0,1.0063,1.0649
Pink_40X_2.TIF,Aspergillus,40,42.125,7.3236,30.5,0.569,0.8494
Pink_40X_2.TIF,Aspergillus,40,7.8125,3.1539,9.75,1.0327,1.1312
Pink_40X_2.TIF,Aspergillus,40,50.9375,8.0533,53.75,0.2216,0.6093
Pink_40X_2.TIF,Aspergillus,40,8.6875,3.3258,12.75,0.6716,0.9488
Pink_40X_2.TIF,Aspergillus,40,4.375,2.3602,7.5,0.9774,1.129
Pink_40X_2.TIF,Aspergillus,40,8.5625,3.3018,9.0,1.3284,1.123
Pink_40X_2.TIF,Aspergillus,40,5.5,2.6463,7.75,1.1507,1.1733
Pink_40X_2.TIF,Aspergillus,40,19.4375,4.9748,20.75,0.5673,0.8173
Pink_40X_2.TIF,Aspergillus,40,366.375,21.5982,203.5,0.1112,0.5255
Pink_40X_2.TIF,Aspergillus,40,26.3125,5.7881,28.25,0.4143,0.7545
Pink_40X_2.TIF,Aspergillus,40,8.125,3.2164,11.75,0.7395,0.9665
Pink_40X_2.TIF,Aspergillus,40,19.0,4.9185,25.25,0.3745,0.6104
Pink_40X_2.TIF,Aspergillus,40,17.5625,4.7288,22.5,0.4359,0.7444
Pink_40X_2.TIF,Aspergillus,40,3.1875,2.0146,5.75,1.2115,1.2593
Pink_40X_2.TIF,Aspergillus,40,15.375,4.4245,20.5,0.4597,0.7267
Pink_40X_2.TIF,Aspergillus,40,4.125,2.2917,7.5,0.9215,1.211
Pink_40X_2.TIF,Aspergillus,40,4.5625,2.4102,9.5,0.6353,0.9799
Pink_40X_2.TIF,Aspergillus,40,9.8125,3.5346,16.5,0.4529,0.7889
Pink_40X_2.TIF,Aspergillus,40,8.75,3.3378,14.5,0.523,0.9825
Pink_40X_2.TIF,Aspergillus,40,7.625,3.1158,10.5,0.8691,1.0383
Pink_40X_2.TIF,Aspergillus,40,9.0625,3.3969,11.25,0.8998,1.0545
Pink_40X_2.TIF,Aspergillus,40,10.8125,3.7104,14.5,0.6462,0.8895
Pink_40X_2.TIF,Aspergillus,40,7.6875,3.1286,11.5,0.7305,1.0424
Pink_40X_2.TIF,Aspergillus,40,13.25,4.1074,18.0,0.5139,0.8281
Pink_40X_2.TIF,Aspergillus,40,659.1875,28.9707,313.0,0.0846,0.5002
Pink_40X_2.TIF,Aspergillus,40,20.0625,5.0541,28.25,0.3159,0.6963
Pink_40X_2.TIF,Aspergillus,40,11.0625,3.753,15.0,0.6178,0.9542
Pink_40X_2.TIF,Aspergillus,40,5.9375,2.7495,8.25,1.0962,1.1656
Pink_40X_2.TIF,Aspergillus,40,10.3125,3.6236,15.0,0.576,0.8919
Pink_40X_2.TIF,Aspergillus,40,3.125,1.9947,6.25,1.0053,1.2658
Pink_40X_2.TIF,Aspergillus,40,23.25,5.4408,25.75,0.4406,0.8113
Pink_40X_2.TIF,Aspergillus,40,5.3125,2.6008,10.5,0.6055,1.1724
Pink_40X_2.TIF,Aspergillus,40,4.125,2.2917,9.0,0.64,0.9362
Pink_40X_2.TIF,Aspergillus,40,153.9375,14.0,110.0,0.1599,0.5588
Pink_40X_2.TIF,Aspergillus,40,4.125,2.2917,7.25,0.9862,1.2692
Pink_40X_2.TIF,Aspergillus,40,553.125,26.5379,216.25,0.1486,0.5927
Pink_40X_2.TIF,Aspergillus,40,21.625,5.2473,21.0,0.6162,0.8596
Pink_40X_2.TIF,Aspergillus,40,8.25,3.241,8.75,1.3541,1.1186
Pink_40X_2.TIF,Aspergillus,40,19.5625,4.9908,19.5,0.6465,0.9357
Pink_40X_2.TIF,Aspergillus,40,76.25,9.8531,62.0,0.2493,0.6419
Pink_40X_2.TIF,Aspergillus,40,17.9375,4.779,17.25,0.7575,0.9394
Pink_40X_2.TIF,Aspergillus,40,20.5,5.109,19.75,0.6604,0.8999
Pink_40X_2.TIF,Aspergillus,40,12.375,3.9694,21.0,0.3526,0.6187
Pink_40X_2.TIF,Aspergillus,40,4.5625,2.4102,8.25,0.8424,1.0977
Pink_40X_2.TIF,Aspergillus,40,5.875,2.735,11.25,0.5833,1.175
Pink_40X_2.TIF,Aspergillus,40,3.375,2.073,8.0,0.6627,1.2273
Pink_40X_2.TIF,Aspergillus,40,4.3125,2.3433,6.75,1.1894,1.2212
Pink_40X_2.TIF,Aspergillus,40,5.8125,2.7204,12.25,0.4867,0.9687
Pink_40X_2.TIF,Aspergillus,40,15.5,4.4424,19.5,0.5122,0.8078
Pink_40X_2.TIF,Aspergillus,40,11.125,3.7636,14.0,0.7133,0.9622
Pink_40X_2.TIF,Aspergillus,40,21.8125,5.27,32.75,0.2556,0.5735
Pink_40X_2.TIF,Aspergillus,40,115.4375,12.1235,59.25,0.4132,0.7751
Pink_40X_2.TIF,Aspergillus,40,3.1875,2.0146,6.5,0.9481,1.2143
Pink_40X_2.TIF,Aspergillus,40,134.25,13.0741,91.75,0.2004,0.6034
Pink_40X_2.TIF,Aspergillus,40,20.8125,5.1477,18.25,0.7853,0.9354
Pink_40X_2.TIF,Aspergillus,40,3.8125,2.2032,8.0,0.7486,1.0083
Pink_40X_2.TIF,Aspergillus,40,15.1875,4.3974,16.5,0.701,0.9586
Pink_40X_2.TIF,Aspergillus,40,3.5,2.111,6.75,0.9653,1.1915
Pink_40X_2.TIF,Aspergillus,40,284.6875,19.0388,215.25,0.0772,0.5132
Pink_40X_2.TIF,Aspergillus,40,7.4375,3.0773,11.75,0.677,1.1667
Pink_40X_2.TIF,Aspergillus,40,7.4375,3.0773,8.25,1.3732,1.161
Pink_40X_2.TIF,Aspergillus,40,6.9375,2.9721,9.25,1.0189,1.0622
Pink_40X_2.TIF,Aspergillus,40,113.5625,12.0247,75.5,0.2504,0.6012
Pink_40X_2.TIF,Aspergillus,40,7.875,3.1665,8.75,1.2925,1.156
Pink_40X_2.TIF,Aspergillus,40,14.6875,4.3244,15.0,0.8203,1.0217
Pink_40X_2.TIF,Aspergillus,40,6.3125,2.835,12.75,0.488,0.9665
Pink_40X_2.TIF,Aspergillus,40,601.1875,27.6669,237.25,0.1342,0.5075
Pink_40X_2.TIF,Aspergillus,40,3.1875,2.0146,7.75,0.6669,1.0625
Pink_40X_2.TIF,Aspergillus,40,15.1875,4.3974,22.0,0.3943,0.7409
Pink_40X_2.TIF,Aspergillus,40,5.5625,2.6613,12.0,0.4854,0.9727
Pink_40X_2.TIF,Aspergillus,40,6.0625,2.7783,9.75,0.8014,0.9798
Pink_40X_2.TIF,Aspergillus,40,8.0625,3.204,11.5,0.7661,1.0
Pink_40X_2.TIF,Aspergillus,40,16.375,4.5661,20.25,0.5018,0.9274
Pink_40X_2.TIF,Aspergillus,40,15.875,4.4959,19.0,0.5526,0.8247
Pink_40X_2.TIF,Aspergillus,40,25.875,5.7398,28.75,0.3934,0.6781
Pink_40X_2.TIF,Aspergillus,40,11.875,3.8884,18.75,0.4245,0.8444
Pink_40X_2.TIF,Aspergillus,40,11.25,3.7847,19.5,0.3718,0.7595
Pink_40X_2.TIF,Aspergillus,40,52.375,8.1661,31.25,0.674,0.928
Pink_40X_2.TIF,Aspergillus,40,5.75,2.7058,9.25,0.8445,1.0514
Pink_40X_2.TIF,Aspergillus,40,4.125,2.2917,10.25,0.4934,1.0476
Pink_40X_2.TIF,Aspergillus,40,4.3125,2.3433,6.5,1.2827,1.2321
Pink_40X_2.TIF,Aspergillus,40,86.0,10.4642,70.25,0.219,0.5187
Pink_40X_2.TIF,Aspergillus,40,82.125,10.2257,48.75,0.4342,0.7748
Pink_40X_2.TIF,Aspergillus,40,5.1875,2.57,10.0,0.6519,0.9881
Pink_40X_2.TIF,Aspergillus,40,5.125,2.5545,12.0,0.4472,0.7387
Pink_40X_2.TIF,Aspergillus,40,74.5625,9.7435,71.75,0.182,0.5167
Pink_40X_2.TIF,Aspergillus,40,60.5625,8.7813,67.0,0.1695,0.4274
Pink_40X_2.TIF,Aspergillus,40,5.9375,2.7495,10.25,0.7102,1.0106
Pink_40X_2.TIF,Aspergillus,40,3.5625,2.1298,7.25,0.8517,1.1176
Pink_40X_2.TIF,Aspergillus,40,141.125,13.4047,90.0,0.2189,0.6739
Pink_40X_2.TIF,Aspergillus,40,6.25,2.8209,7.5,1.3963,1.1696
Pink_40X_2.TIF,Aspergillus,40,6.625,2.9043,9.5,0.9225,1.0761
Pink_40X_2.TIF,Aspergillus,40,6.8125,2.9452,8.0,1.3376,1.1534
Pink_40X_2.TIF,Aspergillus,40,3.375,2.073,7.25,0.8069,1.1613
Pink_40X_2.TIF,Aspergillus,40,26.0,5.7536,23.5,0.5916,0.8586
Pink_40X_2.TIF,Aspergillus,40,35.8125,6.7526,30.5,0.4838,0.807
Pink_40X_2.TIF,Aspergillus,40,4.5,2.3937,7.0,1.1541,1.2
Pink_40X_2.TIF,Aspergillus,40,6.0,2.764,11.0,0.6231,0.9746
Pink_40X_2.TIF,Aspergillus,40,68.9375,9.3688,69.0,0.182,0.6034
Pink_40X_2.TIF,Aspergillus,40,7.4375,3.0773,10.5,0.8477,1.128
Pink_40X_2.TIF,Aspergillus,40,8.25,3.241,8.75,1.3541,1.1478
Pink_40X_2.TIF,Aspergillus,40,5.25,2.5854,11.25,0.5213,0.8358
Pink_40X_2.TIF,Aspergillus,40,8.6875,3.3258,9.5,1.2096,1.121
Pink_40X_2.TIF,Aspergillus,40,36.4375,6.8113,38.5,0.3089,0.6219
Pink_40X_2.TIF,Aspergillus,40,3.9375,2.2391,7.5,0.8796,1.0588
Pink_40X_2.TIF,Aspergillus,40,3.25,2.0342,6.5,0.9666,1.1685
Pink_40X_2.TIF,Aspergillus,40,9.9375,3.5571,15.25,0.537,0.8571
Pink_40X_2.TIF,Aspergillus,40,27.75,5.9441,28.25,0.437,0.7564
Pink_40X_2.TIF,Aspergillus,40,3.375,2.073,8.75,0.5539,0.9231
Pink_40X_2.TIF,Aspergillus,40,4.8125,2.4754,7.0,1.2342,1.1579
Pink_40X_2.TIF,Aspergillus,40,4.6875,2.443,7.0,1.2021,1.1905
Pink_40X_2.TIF,Aspergillus,40,8.9375,3.3734,12.0,0.7799,0.9728
Pink_40X_2.TIF,Aspergillus,40,6.6875,2.918,8.0,1.3131,1.1694
Pink_40X_2.TIF,Aspergillus,40,71.0,9.5079,72.75,0.1686,0.4008
Pink_40X_2.TIF,Aspergillus,40,8.0,3.1915,10.5,0.9118,1.1082
Pink_40X_2.TIF,Aspergillus,40,46.625,7.7049,43.0,0.3169,0.6206
Pink_40X_2.TIF,Aspergillus,40,227.9375,17.0358,140.5,0.1451,0.4984
Pink_40X_2.TIF,Aspergillus,40,4.75,2.4592,9.75,0.6279,1.2562
Pink_40X_2.TIF,Aspergillus,40,7.0,2.9854,8.0,1.3744,1.1313
Pink_40X_2.TIF,Aspergillus,40,73.8125,9.6944,75.75,0.1616,0.5683
Pink_40X_2.TIF,Aspergillus,40,10.125,3.5905,18.5,0.3718,0.6341
Pink_40X_2.TIF,Aspergillus,40,52.5625,8.1807,41.5,0.3835,0.7831
Pink_40X_2.TIF,Aspergillus,40,11.125,3.7636,14.5,0.6649,0.862
Pink_40X_2.TIF,Aspergillus,40,6.5,2.8768,10.75,0.7068,1.0196
Pink_40X_2.TIF,Aspergillus,40,8.3125,3.2533,12.75,0.6426,1.035
Pink_40X_2.TIF,Aspergillus,40,9.0625,3.3969,16.25,0.4313,0.709
Pink_40X_2.TIF,Aspergillus,40,3.5625,2.1298,6.75,0.9826,1.0962
Pink_40X_2.TIF,Aspergillus,40,451.5,23.9764,223.75,0.1133,0.4838
Pink_40X_2.TIF,Aspergillus,40,6.0,2.764,7.25,1.4344,1.1636
Pink_40X_2.TIF,Aspergillus,40,6.8125,2.9452,12.5,0.5479,0.952
Pink_40X_2.TIF,Aspergillus,40,6.3125,2.835,12.75,0.488,0.9309
Pink_40X_2.TIF,Aspergillus,40,44.5,7.5272,46.5,0.2586,0.5039
Pink_40X_2.TIF,Aspergillus,40,11.3125,3.7952,12.25,0.9473,1.0678
Pink_40X_2.TIF,Aspergillus,40,98.375,11.1917,83.75,0.1762,0.5563
Pink_40X_2.TIF,Aspergillus,40,45.9375,7.6478,33.5,0.5144,0.7925
Pink_40X_2.TIF,Aspergillus,40,5.5625,2.6613,8.25,1.027,1.0595
Pink_40X_2.TIF,Aspergillus,40,14.5625,4.306,19.25,0.4938,0.7872
Pink_40X_2.TIF,Aspergillus,40,35.25,6.6994,36.5,0.3325,0.6424
Pink_40X_2.TIF,Aspergillus,40,6.375,2.849,13.25,0.4563,0.8259
Pink_40X_2.TIF,Aspergillus,40,13.375,4.1267,22.25,0.3395,0.6514
Pink_40X_2.TIF,Aspergillus,40,27.6875,5.9374,23.25,0.6436,0.9476
Pink_40X_2.TIF,Aspergillus,40,28.125,5.9841,28.25,0.4429,0.7488
Pink_40X_2.TIF,Aspergillus,40,15.5,4.4424,14.75,0.8953,1.0736
Pink_40X_2.TIF,Aspergillus,40,9.375,3.4549,15.0,0.5236,0.8065
Pink_40X_2.TIF,Aspergillus,40,13.8125,4.1936,14.5,0.8256,1.1134
Pink_40X_2.TIF,Aspergillus,40,13.3125,4.117,14.0,0.8535,1.1181
Pink_40X_2.TIF,Aspergillus,40,4.0625,2.2743,7.75,0.85,1.0078
White_10X_1.TIF,Mucor,10,20648.0,162.1415,1325.0,0.1478,0.5571
White_10X_1.TIF,Mucor,10,264.0,18.334,83.0,0.4816,0.9531
White_10X_1.TIF,Mucor,10,4893.0,78.9301,578.0,0.184,0.433
White_10X_1.TIF,Mucor,10,579873.0,859.2539,33647.0,0.0064,0.4197
White_10X_1.TIF,Mucor,10,126.0,12.666,56.0,0.5049,0.8077
White_10X_1.TIF,Mucor,10,297.0,19.4461,83.0,0.5418,0.839
White_10X_1.TIF,Mucor,10,987.0,35.4498,220.0,0.2563,0.6009
White_10X_1.TIF,Mucor,10,45414.0,240.4639,3773.0,0.0401,0.4904
White_10X_1.TIF,Mucor,10,70983.0,300.6299,5604.0,0.0284,0.4725
White_10X_1.TIF,Mucor,10,119.0,12.3092,41.0,0.8896,1.0769
White_10X_1.TIF,Mucor,10,322.0,20.248,77.0,0.6825,0.9471
White_10X_1.TIF,Mucor,10,3839.0,69.914,497.0,0.1953,0.533
White_10X_1.TIF,Mucor,10,12756.0,127.4419,1486.0,0.0726,0.5656
White_10X_1.TIF,Mucor,10,8983.0,106.9463,721.0,0.2172,0.5122
White_10X_1.TIF,Mucor,10,105.0,11.5624,35.0,1.0771,1.1111
White_10X_1.TIF,Mucor,10,106.0,11.6174,43.0,0.7204,0.9422
White_10X_1.TIF,Mucor,10,1043.0,36.4416,114.0,1.0085,0.9666
White_10X_1.TIF,Mucor,10,848.0,32.8589,235.0,0.193,0.476
White_10X_1.TIF,Mucor,10,69.0,9.373,32.0,0.8468,1.0455
White_10X_1.TIF,Mucor,10,208.0,16.2737,70.0,0.5334,1.0639
White_10X_1.TIF,Mucor,10,517.0,25.6567,102.0,0.6245,0.8434
White_10X_1.TIF,Mucor,10,92.0,10.823,44.0,0.5972,0.9634
White_10X_1.TIF,Mucor,10,239.0,17.4443,57.0,0.9244,1.028
White_10X_1.TIF,Mucor,10,146.0,13.6343,41.0,1.0914,1.0936
White_10X_1.TIF,Mucor,10,158.0,14.1835,46.0,0.9383,1.0533
White_10X_1.TIF,Mucor,10,158.0,14.1835,49.0,0.8269,1.101
White_10X_1.TIF,Mucor,10,122.0,12.4634,37.0,1.1199,1.1845
White_10X_1.TIF,Mucor,10,355.0,21.2603,96.0,0.4841,0.7978
White_10X_1.TIF,Mucor,10,179.0,15.0967,68.0,0.4865,0.7103
White_10X_1.TIF,Mucor,10,412.0,22.9036,129.0,0.3111,0.5497
White_10X_1.TIF,Mucor,10,472.0,24.5147,149.0,0.2672,0.5425
White_10X_1.TIF,Mucor,10,53.0,8.2147,26.0,0.9852,1.1778
White_10X_1.TIF,Mucor,10,75.0,9.7721,33.0,0.8655,1.25
White_10X_1.TIF,Mucor,10,107.0,11.672,42.0,0.7622,1.0439
White_10X_1.TIF,Mucor,10,80.0,10.0925,33.0,0.9231,1.203
White_10X_1.TIF,Mucor,10,159.0,14.2283,55.0,0.6605,0.8595
White_10X_1.TIF,Mucor,10,50.0,7.9788,22.0,1.2982,1.2658
White_10X_1.TIF,Mucor,10,171.0,14.7555,57.0,0.6614,0.7972
White_10X_1.TIF,Mucor,10,149.0,13.7736,57.0,0.5763,0.9058
White_10X_1.TIF,Mucor,10,60.0,8.7404,30.0,0.8378,1.1881
White_10X_1.TIF,Mucor,10,97.0,11.1132,45.0,0.6019,0.8899
White_10X_1.TIF,Mucor,10,214.0,16.5068,81.0,0.4099,0.7218
White_10X_1.TIF,Mucor,10,53.0,8.2147,25.0,1.0656,1.2184
White_10X_1.TIF,Mucor,10,68.0,9.3049,36.0,0.6593,1.0
White_10X_1.TIF,Mucor,10,68.0,9.3049,31.0,0.8892,1.1429
White_10X_1.TIF,Mucor,10,278.0,18.8138,91.0,0.4219,0.6643
White_10X_1.TIF,Mucor,10,700.0,29.8541,167.0,0.3154,0.6478
White_10X_1.TIF,Mucor,10,4300.0,73.9928,367.0,0.4012,0.6758
White_10X_1.TIF,Mucor,10,80.0,10.0925,30.0,1.117,1.1852
White_10X_1.TIF,Mucor,10,83.0,10.28,33.0,0.9578,1.1067
White_10X_1.TIF,Mucor,10,166.0,14.5381,61.0,0.5606,0.7981
White_10X_1.TIF,Mucor,10,78.0,9.9656,34.0,0.8479,1.1064
White_10X_1.TIF,Mucor,10,787.0,31.655,159.0,0.3912,0.6299
White_10X_1.TIF,Mucor,10,2188.0,52.7811,337.0,0.2421,0.6009
White_10X_1.TIF,Mucor,10,2591.0,57.4366,246.0,0.538,0.8571
White_10X_1.TIF,Mucor,10,588.0,27.3617,124.0,0.4806,0.7396
White_10X_1.TIF,Mucor,10,57.0,8.5191,27.0,0.9826,1.2667
White_10X_1.TIF,Mucor,10,130.0,12.8655,37.0,1.1933,1.097
White_10X_1.TIF,Mucor,10,53.0,8.2147,26.0,0.9852,1.1778
White_10X_1.TIF,Mucor,10,9141.0,107.8827,612.0,0.3067,0.7339
White_10X_1.TIF,Mucor,10,83.0,10.28,31.0,1.0853,1.0641
White_10X_1.TIF,Mucor,10,126.0,12.666,42.0,0.8976,1.0588
White_10X_1.TIF,Mucor,10,578.0,27.1281,125.0,0.4649,0.759
White_10X_1.TIF,Mucor,10,56.0,8.444,30.0,0.7819,1.1546
White_10X_1.TIF,Mucor,10,213.0,16.4682,57.0,0.8238,0.9907
White_10X_1.TIF,Mucor,10,64.0,9.027,28.0,1.0258,1.2308
White_10X_1.TIF,Mucor,10,1103.0,37.4751,171.0,0.474,0.7735
White_10X_1.TIF,Mucor,10,350.0,21.11,105.0,0.3989,0.6475
White_10X_1.TIF,Mucor,10,657.0,28.9226,132.0,0.4738,0.7901
White_10X_1.TIF,Mucor,10,1551.0,44.4387,277.0,0.254,0.5357
White_10X_1.TIF,Mucor,10,396.0,22.4545,86.0,0.6728,0.9395
White_10X_1.TIF,Mucor,10,259.0,18.1595,75.0,0.5786,0.8145
White_10X_1.TIF,Mucor,10,236.0,17.3345,81.0,0.452,0.9793
White_10X_1.TIF,Mucor,10,54.0,8.2919,23.0,1.2828,1.2558
White_10X_1.TIF,Mucor,10,901.0,33.8702,144.0,0.546,0.7678
White_10X_1.TIF,Mucor,10,2854.0,60.2812,367.0,0.2663,0.5773
White_10X_1.TIF,Mucor,10,435.0,23.5342,98.0,0.5692,0.7803
White_10X_1.TIF,Mucor,10,423.0,23.2073,100.0,0.5316,0.8722
White_10X_1.TIF,Mucor,10,13194.0,129.6114,1525.0,0.0713,0.4138
White_10X_1.TIF,Mucor,10,989.0,35.4857,183.0,0.3711,0.6691
White_10X_1.TIF,Mucor,10,1967.0,50.0446,243.0,0.4186,0.8326
White_10X_1.TIF,Mucor,10,112.0,11.9416,50.0,0.563,0.8615
White_10X_1.TIF,Mucor,10,1088.0,37.2194,209.0,0.313,0.6366
White_10X_1.TIF,Mucor,10,162.0,14.3619,51.0,0.7827,0.9701
White_10X_1.TIF,Mucor,10,69.0,9.373,38.0,0.6005,1.3939
White_10X_1.TIF,Mucor,10,355.0,21.2603,74.0,0.8147,0.8744
White_10X_1.TIF,Mucor,10,154.0,14.0028,49.0,0.806,1.0132
White_10X_1.TIF,Mucor,10,400.0,22.5676,159.0,0.1988,0.5155
White_10X_1.TIF,Mucor,10,314.0,19.9949,87.0,0.5213,0.726
White_10X_1.TIF,Mucor,10,884.0,33.5491,221.0,0.2274,0.5455
White_10X_1.TIF,Mucor,10,4202.0,73.1447,498.0,0.2129,0.5836
White_10X_1.TIF,Mucor,10,64.0,9.027,29.0,0.9563,1.1429
White_10X_1.TIF,Mucor,10,53.0,8.2147,25.0,1.0656,1.2927
White_10X_1.TIF,Mucor,10,321.0,20.2166,103.0,0.3802,0.6306
White_10X_1.TIF,Mucor,10,71.0,9.5079,30.0,0.9913,1.2137
White_10X_1.TIF,Mucor,10,442.0,23.7228,104.0,0.5135,0.7027
White_10X_1.TIF,Mucor,10,596.0,27.5472,125.0,0.4793,0.7636
White_10X_1.TIF,Mucor,10,865.0,33.1866,115.0,0.8219,0.967
White_10X_1.TIF,Mucor,10,1838.0,48.3758,261.0,0.3391,0.5958
White_10X_1.TIF,Mucor,10,348.0,21.0496,77.0,0.7376,0.9243
White_10X_1.TIF,Mucor,10,422.0,23.1799,78.0,0.8716,0.9668
White_10X_1.TIF,Mucor,10,71.0,9.5079,30.0,0.9913,1.2034
White_10X_1.TIF,Mucor,10,581.0,27.1984,126.0,0.4599,0.6709
White_10X_1.TIF,Mucor,10,124.0,12.5651,57.0,0.4796,0.9358
White_10X_1.TIF,Mucor,10,96.0,11.0558,33.0,1.1078,1.1361
White_10X_1.TIF,Mucor,10,308.0,19.803,82.0,0.5756,0.7887
White_10X_1.TIF,Mucor,10,304.0,19.674,82.0,0.5681,0.8773
White_10X_1.TIF,Mucor,10,448.0,23.8833,118.0,0.4043,0.7678
White_10X_1.TIF,Mucor,10,73.0,9.6409,28.0,1.1701,1.187
White_10X_1.TIF,Mucor,10,183.0,15.2644,63.0,0.5794,0.7593
White_10X_1.TIF,Mucor,10,171.0,14.7555,54.0,0.7369,0.9884
White_10X_1.TIF,Mucor,10,107.0,11.672,38.0,0.9312,1.0754
White_10X_1.TIF,Mucor,10,165.0,14.4943,61.0,0.5572,0.8992
White_10X_1.TIF,Mucor,10,105.0,11.5624,49.0,0.5495,1.0938
White_10X_1.TIF,Mucor,10,253.0,17.948,101.0,0.3117,0.7943
White_10X_1.TIF,Mucor,10,57.0,8.5191,30.0,0.7959,1.1068
White_10X_1.TIF,Mucor,10,2217.0,53.1298,349.0,0.2287,0.5823
White_10X_1.TIF,Mucor,10,498.0,25.1808,89.0,0.7901,0.9586
White_10X_1.TIF,Mucor,10,63.0,8.9562,41.0,0.471,1.1455
White_10X_1.TIF,Mucor,10,239.0,17.4443,103.0,0.2831,0.721
White_10X_1.TIF,Mucor,10,209.0,16.3128,48.0,1.1399,1.0556
White_10X_1.TIF,Mucor,10,630.0,28.3221,147.0,0.3664,0.676
White_10X_1.TIF,Mucor,10,106.0,11.6174,42.0,0.7551,1.2471
White_10X_1.TIF,Mucor,10,582.0,27.2218,126.0,0.4607,0.6368
White_10X_1.TIF,Mucor,10,109.0,11.7806,47.0,0.6201,0.8898
White_10X_1.TIF,Mucor,10,87.0,10.5248,31.0,1.1376,1.1447
White_10X_1.TIF,Mucor,10,256.0,18.0541,56.0,1.0258,1.0281
White_10X_1.TIF,Mucor,10,248.0,17.7697,58.0,0.9264,0.9783
White_10X_1.TIF,Mucor,10,141.0,13.3988,44.0,0.9152,1.0763
White_10X_1.TIF,Mucor,10,147.0,13.6809,62.0,0.4806,0.8122
White_10X_1.TIF,Mucor,10,486.0,24.8756,100.0,0.6107,0.8804
White_10X_1.TIF,Mucor,10,311.0,19.8992,94.0,0.4423,0.8773
White_10X_1.TIF,Mucor,10,122.0,12.4634,42.0,0.8691,1.0796
White_10X_1.TIF,Mucor,10,132.0,12.9641,47.0,0.7509,0.9778
White_10X_1.TIF,Mucor,10,97.0,11.1132,32.0,1.1904,1.1279
White_10X_1.TIF,Mucor,10,284.0,19.0158,97.0,0.3793,0.7989
White_10X_1.TIF,Mucor,10,78.0,9.9656,30.0,1.0891,1.1729
White_10X_1.TIF,Mucor,10,375.0,21.851,92.0,0.5568,0.7987
White_10X_1.TIF,Mucor,10,2716.0,58.8058,385.0,0.2303,0.6267
White_10X_1.TIF,Mucor,10,74.0,9.7067,29.0,1.1057,1.1654
White_10X_1.TIF,Mucor,10,63.0,8.9562,26.0,1.1711,1.2857
White_10X_1.TIF,Mucor,10,201.0,15.9975,64.0,0.6167,0.8323
White_10X_1.TIF,Mucor,10,113.0,11.9948,36.0,1.0957,1.1357
White_10X_1.TIF,Mucor,10,131.0,12.9149,48.0,0.7145,0.9258
White_10X_1.TIF,Mucor,10,174.0,14.8843,62.0,0.5688,0.7982
White_10X_1.TIF,Mucor,10,178.0,15.0545,51.0,0.86,1.0887
White_10X_1.TIF,Mucor,10,92.0,10.823,37.0,0.8445,0.9583
White_10X_1.TIF,Mucor,10,620.0,28.0964,133.0,0.4405,0.7368
White_10X_1.TIF,Mucor,10,192.0,15.6353,69.0,0.5068,0.7205
White_10X_1.TIF,Mucor,10,140.0,13.3512,52.0,0.6506,0.9556
White_10X_1.TIF,Mucor,10,74.0,9.7067,40.0,0.5812,1.1045
White_10X_1.TIF,Mucor,10,58.0,8.5935,38.0,0.5047,0.8467
White_10X_1.TIF,Mucor,10,2215.0,53.1058,318.0,0.2753,0.6518
White_10X_1.TIF,Mucor,10,129.0,12.8159,38.0,1.1226,1.0661
White_10X_1.TIF,Mucor,10,99.0,11.2272,51.0,0.4783,0.7674
White_10X_1.TIF,Mucor,10,1608.0,45.2479,340.0,0.1748,0.4607
White_10X_1.TIF,Mucor,10,51.0,8.0582,26.0,0.9481,1.275
White_10X_1.TIF,Mucor,10,80.0,10.0925,30.0,1.117,1.1594
White_10X_1.TIF,Mucor,10,250.0,17.8412,62.0,0.8173,0.9524
White_10X_1.TIF,Mucor,10,335.0,20.6527,90.0,0.5197,0.8171
White_10X_1.TIF,Mucor,10,51.0,8.0582,25.0,1.0254,1.2
White_10X_1.TIF,Mucor,10,83.0,10.28,41.0,0.6205,0.994
White_10X_1.TIF,Mucor,10,1054.0,36.6332,272.0,0.179,0.4118
White_10X_1.TIF,Mucor,10,64.0,9.027,43.0,0.435,0.8366
White_10X_1.TIF,Mucor,10,301.0,19.5766,95.0,0.4191,0.7974
White_10X_1.TIF,Mucor,10,138.0,13.2555,66.0,0.3981,0.6667
White_10X_1.TIF,Mucor,10,119.0,12.3092,56.0,0.4768,0.9876
White_10X_1.TIF,Mucor,10,237.0,17.3712,91.0,0.3596,0.8089
White_10X_1.TIF,Mucor,10,161.0,14.3175,46.0,0.9561,1.0094
White_10X_1.TIF,Mucor,10,200.0,15.9577,63.0,0.6332,0.8969
White_10X_1.TIF,Mucor,10,442.0,23.7228,128.0,0.339,0.601
White_10X_1.TIF,Mucor,10,89.0,10.6451,35.0,0.913,1.092
White_10X_1.TIF,Mucor,10,112.0,11.9416,52.0,0.5205,0.7972
White_10X_1.TIF,Mucor,10,89.0,10.6451,36.0,0.863,1.1946
White_10X_1.TIF,Mucor,10,313.0,19.9631,65.0,0.931,0.9781
White_10X_1.TIF,Mucor,10,79.0,10.0293,42.0,0.5628,1.1049
White_10X_1.TIF,Mucor,10,82.0,10.2179,31.0,1.0723,1.1233
White_10X_1.TIF,Mucor,10,147.0,13.6809,58.0,0.5491,1.0
White_10X_1.TIF,Mucor,10,127.0,12.7162,48.0,0.6927,0.9304
White_10X_1.TIF,Mucor,10,1034.0,36.284,207.0,0.3032,0.6563
White_10X_1.TIF,Mucor,10,146.0,13.6343,61.0,0.4931,0.9932
White_10X_1.TIF,Mucor,10,1197.0,39.0393,248.0,0.2446,0.6654
White_10X_1.TIF,Mucor,10,125.0,12.6157,49.0,0.6542,0.9294
White_10X_1.TIF,Mucor,10,57.0,8.5191,32.0,0.6995,1.0962
White_10X_1.TIF,Mucor,10,222.0,16.8125,98.0,0.2905,0.9845
White_10X_1.TIF,Mucor,10,121.0,12.4122,48.0,0.66,0.8643
White_10X_1.TIF,Mucor,10,214.0,16.5068,61.0,0.7227,1.0313
White_10X_1.TIF,Mucor,10,419.0,23.0973,86.0,0.7119,0.9138
White_10X_1.TIF,Mucor,10,468.0,24.4106,117.0,0.4296,0.6788
White_10X_1.TIF,Mucor,10,1111.0,37.6108,158.0,0.5593,0.8413
White_10X_1.TIF,Mucor,10,254.0,17.9834,88.0,0.4122,0.6856
White_10X_1.TIF,Mucor,10,268.0,18.4724,64.0,0.8222,0.942
White_10X_1.TIF,Mucor,10,54.0,8.2919,28.0,0.8655,1.2857
White_10X_1.TIF,Mucor,10,1191.0,38.9413,227.0,0.2904,0.5762
White_10X_1.TIF,Mucor,10,509.0,25.4574,180.0,0.1974,0.3935
White_10X_1.TIF,Mucor,10,140.0,13.3512,50.0,0.7037,0.918
White_10X_1.TIF,Mucor,10,182.0,15.2227,76.0,0.396,0.7521
White_10X_1.TIF,Mucor,10,852.0,32.9363,141.0,0.5385,0.7621
White_10X_1.TIF,Mucor,10,93.0,10.8817,37.0,0.8537,1.0391
White_10X_1.TIF,Mucor,10,2268.0,53.7374,299.0,0.3188,0.6503
White_10X_1.TIF,Mucor,10,338.0,20.745,112.0,0.3386,0.5838
White_10X_1.TIF,Mucor,10,230.0,17.1127,80.0,0.4516,0.8394
White_10X_1.TIF,Mucor,10,54.0,8.2919,25.0,1.0857,1.2135
White_10X_1.TIF,Mucor,10,69.0,9.373,34.0,0.7501,1.2321
White_10X_1.TIF,Mucor,10,84.0,10.3418,33.0,0.9693,1.1831
White_10X_1.TIF,Mucor,10,178.0,15.0545,53.0,0.7963,1.0028
White_10X_1.TIF,Mucor,10,180.0,15.1388,53.0,0.8052,0.9677
White_10X_1.TIF,Mucor,10,62.0,8.8849,34.0,0.674,1.2653
White_10X_1.TIF,Mucor,10,914.0,34.1136,245.0,0.1913,0.5725
White_10X_1.TIF,Mucor,10,541.0,26.2454,134.0,0.3786,0.574
White_10X_1.TIF,Mucor,10,1695.0,46.4558,241.0,0.3667,0.6344
White_10X_1.TIF,Mucor,10,520.0,25.731,86.0,0.8835,0.9738
White_10X_1.TIF,Mucor,10,112.0,11.9416,40.0,0.8796,1.0566
White_10X_1.TIF,Mucor,10,340.0,20.8063,89.0,0.5394,0.7972
White_10X_1.TIF,Mucor,10,1397.0,42.1748,243.0,0.2973,0.5675
White_10X_1.TIF,Mucor,10,82.0,10.2179,33.0,0.9462,1.1007
White_10X_1.TIF,Mucor,10,822.0,32.3512,229.0,0.197,0.5279
White_10X_1.TIF,Mucor,10,81.0,10.1554,33.0,0.9347,1.0658
White_10X_1.TIF,Mucor,10,272.0,18.6097,66.0,0.7847,0.9855
White_10X_1.TIF,Mucor,10,216.0,16.5837,80.0,0.4241,0.7334
White_10X_1.TIF,Mucor,10,567.0,26.8687,95.0,0.7895,0.9537
White_10X_1.TIF,Mucor,10,59.0,8.6672,24.0,1.2872,1.2165
White_10X_1.TIF,Mucor,10,1194.0,38.9904,148.0,0.685,0.9015
White_10X_1.TIF,Mucor,10,999.0,35.6646,236.0,0.2254,0.5883
White_10X_1.TIF,Mucor,10,58.0,8.5935,32.0,0.7118,1.2083
White_10X_1.TIF,Mucor,10,1299.0,40.6686,241.0,0.2811,0.5996
White_10X_1.TIF,Mucor,10,114.0,12.0478,41.0,0.8522,1.0704
White_10X_1.TIF,Mucor,10,90.0,10.7047,34.0,0.9784,1.1111
White_10X_1.TIF,Mucor,10,63.0,8.9562,25.0,1.2667,1.2115
White_10X_1.TIF,Mucor,10,1775.0,47.5395,382.0,0.1529,0.5134
White_10X_1.TIF,Mucor,10,84.0,10.3418,39.0,0.694,1.0769
White_10X_1.TIF,Mucor,10,140.0,13.3512,50.0,0.7037,0.8696
White_10X_1.TIF,Mucor,10,51.0,8.0582,24.0,1.1126,1.2143
White_10X_1.TIF,Mucor,10,84.0,10.3418,33.0,0.9693,1.1507
White_10X_1.TIF,Mucor,10,516.0,25.6318,87.0,0.8567,0.9672
White_10X_1.TIF,Mucor,10,774.0,31.3925,140.0,0.4962,0.7838
White_10X_1.TIF,Mucor,10,52.0,8.1369,24.0,1.1345,1.284
White_10X_1.TIF,Mucor,10,116.0,12.153,43.0,0.7884,1.0265
White_10X_1.TIF,Mucor,10,70.0,9.4407,31.0,0.9153,1.2727
White_10X_1.TIF,Mucor,10,52.0,8.1369,26.0,0.9666,1.2683
White_10X_1.TIF,Mucor,10,222.0,16.8125,68.0,0.6033,0.8457
White_10X_1.TIF,Mucor,10,453.0,24.0162,92.0,0.6726,0.9507
White_10X_1.TIF,Mucor,10,229.0,17.0755,65.0,0.6811,0.9385
White_10X_1.TIF,Mucor,10,80.0,10.0925,33.0,0.9231,1.1429
White_10X_1.TIF,Mucor,10,149.0,13.7736,48.0,0.8127,0.9739
White_10X_1.TIF,Mucor,10,743.0,30.7574,132.0,0.5359,0.8076
White_10X_1.TIF,Mucor,10,211.0,16.3907,87.0,0.3503,0.8147
White_10X_1.TIF,Mucor,10,160.0,14.273,55.0,0.6647,0.8743
White_10X_1.TIF,Mucor,10,154.0,14.0028,67.0,0.4311,0.6638
White_10X_1.TIF,Mucor,10,58.0,8.5935,30.0,0.8098,1.1485
White_10X_1.TIF,Mucor,10,50.0,7.9788,28.0,0.8014,1.2658
White_10X_1.TIF,Mucor,10,409.0,22.8201,125.0,0.3289,0.5797
White_10X_1.TIF,Mucor,10,563.0,26.7738,157.0,0.287,0.6073
White_10X_1.TIF,Mucor,10,66.0,9.167,29.0,0.9862,1.1892
White_10X_1.TIF,Mucor,10,695.0,29.7473,197.0,0.225,0.3906
White_10X_1.TIF,Mucor,10,84.0,10.3418,30.0,1.1729,1.1429
White_10X_1.TIF,Mucor,10,118.0,12.2573,44.0,0.7659,0.9958
White_10X_1.TIF,Mucor,10,190.0,15.5536,49.0,0.9944,0.9974
White_10X_1.TIF,Mucor,10,442.0,23.7228,94.0,0.6286,0.8155
White_10X_1.TIF,Mucor,10,187.0,15.4304,52.0,0.8691,1.0595
White_10X_1.TIF,Mucor,10,169.0,14.6689,66.0,0.4875,0.9235
White_10X_1.TIF,Mucor,10,80.0,10.0925,35.0,0.8207,1.1034
White_10X_1.TIF,Mucor,10,186.0,15.389,53.0,0.8321,0.9764
White_10X_1.TIF,Mucor,10,622.0,28.1417,116.0,0.5809,0.8179
White_10X_1.TIF,Mucor,10,62.0,8.8849,27.0,1.0687,1.2653
White_10X_1.TIF,Mucor,10,97.0,11.1132,39.0,0.8014,0.9848
White_10X_1.TIF,Mucor,10,144.0,13.5406,52.0,0.6692,0.8421
White_10X_1.TIF,Mucor,10,85.0,10.4031,37.0,0.7802,1.0494
White_10X_1.TIF,Mucor,10,117.0,12.2053,38.0,1.0182,1.1143
White_10X_1.TIF,Mucor,10,1050.0,36.5637,190.0,0.3655,0.6071
White_10X_1.TIF,Mucor,10,60.0,8.7404,29.0,0.8965,1.1765
White_10X_1.TIF,Mucor,10,195.0,15.757,52.0,0.9062,0.9848
White_10X_1.TIF,Mucor,10,56.0,8.444,26.0,1.041,1.2444
White_10X_1.TIF,Mucor,10,77.0,9.9015,30.0,1.0751,1.1579
White_10X_1.TIF,Mucor,10,2592.0,57.4477,333.0,0.2937,0.6068
White_10X_1.TIF,Mucor,10,66.0,9.167,38.0,0.5744,0.9851
White_10X_1.TIF,Mucor,10,807.0,32.0547,160.0,0.3961,0.6623
White_10X_1.TIF,Mucor,10,50.0,7.9788,23.0,1.1877,1.2987
White_10X_1.TIF,Mucor,10,323.0,20.2795,77.0,0.6846,0.8765
White_10X_1.TIF,Mucor,10,59.0,8.6672,26.0,1.0968,1.2165
White_10X_1.TIF,Mucor,10,298.0,19.4788,89.0,0.4728,0.6571
White_10X_1.TIF,Mucor,10,266.0,18.4033,73.0,0.6273,0.8823
White_10X_1.TIF,Mucor,10,1498.0,43.6728,401.0,0.1171,0.3937
White_10X_1.TIF,Mucor,10,74.0,9.7067,28.0,1.1861,1.2131
White_10X_1.TIF,Mucor,10,125.0,12.6157,37.0,1.1474,1.1211
White_10X_1.TIF,Mucor,10,57.0,8.5191,28.0,0.9136,1.3103
White_10X_1.TIF,Mucor,10,314.0,19.9949,96.0,0.4282,0.7025
White_10X_1.TIF,Mucor,10,146.0,13.6343,56.0,0.585,0.9125
White_10X_1.TIF,Mucor,10,272.0,18.6097,71.0,0.6781,0.8918
White_10X_1.TIF,Mucor,10,684.0,29.5109,159.0,0.34,0.6342
White_10X_1.TIF,Mucor,10,118.0,12.2573,45.0,0.7323,1.0306
White_10X_1.TIF,Mucor,10,181.0,15.1808,62.0,0.5917,0.8498
White_10X_1.TIF,Mucor,10,1382.0,41.9478,328.0,0.1614,0.3891
White_10X_1.TIF,Mucor,10,108.0,11.7265,39.0,0.8923,1.1429
White_10X_1.TIF,Mucor,10,145.0,13.5875,48.0,0.7909,1.0069
White_10X_1.TIF,Mucor,10,677.0,29.3595,112.0,0.6782,0.8685
White_10X_1.TIF,Mucor,10,117.0,12.2053,46.0,0.6948,0.9873
White_10X_1.TIF,Mucor,10,236.0,17.3345,73.0,0.5565,0.7815
White_10X_1.TIF,Mucor,10,55.0,8.3683,23.0,1.3065,1.2791
White_10X_1.TIF,Mucor,10,640.0,28.546,145.0,0.3825,0.6698
White_10X_1.TIF,Mucor,10,1227.0,39.5255,214.0,0.3367,0.6247
White_10X_1.TIF,Mucor,10,68.0,9.3049,36.0,0.6593,1.0462
White_10X_1.TIF,Mucor,10,223.0,16.8503,67.0,0.6243,0.8383
White_10X_1.TIF,Mucor,10,108.0,11.7265,43.0,0.734,0.9515
White_10X_1.TIF,Mucor,10,69.0,9.373,34.0,0.7501,1.1405
White_10X_1.TIF,Mucor,10,162.0,14.3619,73.0,0.382,0.8265
White_10X_1.TIF,Mucor,10,416.0,23.0145,104.0,0.4833,0.7185
White_10X_1.TIF,Mucor,10,119.0,12.3092,47.0,0.677,1.0259
White_10X_1.TIF,Mucor,10,57.0,8.5191,30.0,0.7959,1.1176
White_10X_1.TIF,Mucor,10,6594.0,91.6283,642.0,0.201,0.6045
White_10X_1.TIF,Mucor,10,793.0,31.7754,137.0,0.5309,0.7982
White_10X_1.TIF,Mucor,10,2874.0,60.4921,518.0,0.1346,0.3919
White_10X_1.TIF,Mucor,10,611.0,27.8917,141.0,0.3862,0.6438
White_10X_1.TIF,Mucor,10,110.0,11.8345,42.0,0.7836,1.0476
White_10X_1.TIF,Mucor,10,149.0,13.7736,47.0,0.8476,1.0383
White_10X_1.TIF,Mucor,10,82.0,10.2179,33.0,0.9462,1.0649
White_10X_1.TIF,Mucor,10,285.0,19.0492,85.0,0.4957,0.7692
White_10X_1.TIF,Mucor,10,60.0,8.7404,28.0,0.9617,1.1881
White_10X_1.TIF,Mucor,10,148.0,13.7273,56.0,0.5931,0.8245
White_10X_1.TIF,Mucor,10,195.0,15.757,58.0,0.7284,0.9512
White_10X_1.TIF,Mucor,10,60.0,8.7404,34.0,0.6522,1.2245
White_10X_1.TIF,Mucor,10,63.0,8.9562,30.0,0.8796,1.0957
White_10X_1.TIF,Mucor,10,258.0,18.1245,78.0,0.5329,0.8363
White_10X_1.TIF,Mucor,10,852.0,32.9363,142.0,0.531,0.7686
White_10X_1.TIF,Mucor,10,424.0,23.2347,96.0,0.5781,0.813
White_10X_1.TIF,Mucor,10,718.0,30.2355,178.0,0.2848,0.4635
White_10X_1.TIF,Mucor,10,119.0,12.3092,43.0,0.8088,1.0303
White_10X_1.TIF,Mucor,10,261.0,18.2295,56.0,1.0459,1.0255
White_10X_1.TIF,Mucor,10,122.0,12.4634,51.0,0.5894,0.9278
White_10X_1.TIF,Mucor,10,61.0,8.8129,28.0,0.9777,1.2079
White_10X_1.TIF,Mucor,10,815.0,32.2132,102.0,0.9844,0.9755
White_10X_1.TIF,Mucor,10,3089.0,62.7139,265.0,0.5528,0.7767
White_10X_1.TIF,Mucor,10,51.0,8.0582,28.0,0.8175,1.186
White_10X_1.TIF,Mucor,10,280.0,18.8814,88.0,0.4544,0.7854
White_10X_1.TIF,Mucor,10,134.0,13.0619,53.0,0.5995,1.019
White_10X_1.TIF,Mucor,10,101.0,11.3401,45.0,0.6268,1.0
White_10X_1.TIF,Mucor,10,323.0,20.2795,80.0,0.6342,0.8849
White_10X_1.TIF,Mucor,10,6954.0,94.0963,749.0,0.1558,0.4011
White_10X_1.TIF,Mucor,10,233.0,17.224,59.0,0.8411,0.9852
White_10X_1.TIF,Mucor,10,244.0,17.6258,70.0,0.6258,0.8825
White_10X_1.TIF,Mucor,10,97.0,11.1132,48.0,0.5291,0.8255
White_10X_1.TIF,Mucor,10,821.0,32.3316,144.0,0.4975,0.786
White_10X_1.TIF,Mucor,10,402.0,22.6239,107.0,0.4412,0.7556
White_10X_1.TIF,Mucor,10,2095.0,51.6472,431.0,0.1417,0.4041
White_10X_1.TIF,Mucor,10,179.0,15.0967,60.0,0.6248,0.9598
White_10X_1.TIF,Mucor,10,59.0,8.6672,29.0,0.8816,1.1132
White_10X_1.TIF,Mucor,10,192.0,15.6353,56.0,0.7694,1.0267
White_10X_1.TIF,Mucor,10,149.0,13.7736,55.0,0.619,0.9283
White_10X_1.TIF,Mucor,10,125.0,12.6157,46.0,0.7423,0.9881
White_10X_1.TIF,Mucor,10,124.0,12.5651,41.0,0.927,1.069
White_10X_1.TIF,Mucor,10,65.0,9.0973,28.0,1.0419,1.25
White_10X_1.TIF,Mucor,10,2038.0,50.9398,310.0,0.2665,0.582
White_10X_1.TIF,Mucor,10,651.0,28.7903,105.0,0.742,0.8715
White_10X_1.TIF,Mucor,10,304.0,19.674,77.0,0.6443,0.9886
White_10X_1.TIF,Mucor,10,243.0,17.5897,60.0,0.8482,0.9918
White_10X_1.TIF,Mucor,10,202.0,16.0373,53.0,0.9037,0.983
White_10X_1.TIF,Mucor,10,373.0,21.7926,110.0,0.3874,0.6453
White_10X_1.TIF,Mucor,10,233.0,17.224,67.0,0.6523,0.9852
White_10X_1.TIF,Mucor,10,62.0,8.8849,32.0,0.7609,1.042
White_10X_1.TIF,Mucor,10,125.0,12.6157,50.0,0.6283,0.9259
White_10X_1.TIF,Mucor,10,123.0,12.5143,45.0,0.7633,1.0558
White_10X_1.TIF,Mucor,10,428.0,23.3441,92.0,0.6354,0.8861
White_10X_1.TIF,Mucor,10,86.0,10.4642,30.0,1.2008,1.2199
White_10X_1.TIF,Mucor,10,53.0,8.2147,29.0,0.7919,1.1042
White_10X_1.TIF,Mucor,10,58.0,8.5935,30.0,0.8098,1.3034
White_10X_1.TIF,Mucor,10,57.0,8.5191,30.0,0.7959,1.1875
White_10X_1.TIF,Mucor,10,94.0,10.94,42.0,0.6696,1.0387
White_10X_1.TIF,Mucor,10,281.0,18.9151,73.0,0.6626,0.8892
White_10X_1.TIF,Mucor,10,68.0,9.3049,32.0,0.8345,1.2477
White_10X_1.TIF,Mucor,10,256.0,18.0541,97.0,0.3419,0.5689
White_10X_1.TIF,Mucor,10,185.0,15.3476,57.0,0.7155,0.9737
White_10X_1.TIF,Mucor,10,828.0,32.4691,188.0,0.2944,0.6781
White_10X_1.TIF,Mucor,10,389.0,22.2551,112.0,0.3897,0.6593
White_10X_1.TIF,Mucor,10,768.0,31.2706,165.0,0.3545,0.6737
White_10X_1.TIF,Mucor,10,57.0,8.5191,27.0,0.9826,1.2128
White_10X_1.TIF,Mucor,10,80.0,10.0925,30.0,1.117,1.1511
White_10X_1.TIF,Mucor,10,156.0,14.0935,53.0,0.6979,0.9313
White_10X_1.TIF,Mucor,10,181.0,15.1808,46.0,1.0749,1.0806
White_10X_1.TIF,Mucor,10,75.0,9.7721,31.0,0.9807,1.1628
White_10X_1.TIF,Mucor,10,1108.0,37.5599,231.0,0.2609,0.5599
White_10X_1.TIF,Mucor,10,179.0,15.0967,58.0,0.6687,0.9227
White_10X_1.TIF,Mucor,10,189.0,15.5126,62.0,0.6179,0.9065
White_10X_1.TIF,Mucor,10,3657.0,68.2366,260.0,0.6798,0.8513
White_10X_1.TIF,Mucor,10,202.0,16.0373,52.0,0.9388,1.028
White_10X_1.TIF,Mucor,10,71.0,9.5079,27.0,1.2239,1.1736
White_10X_1.TIF,Mucor,10,959.0,34.9433,144.0,0.5812,0.8438
White_10X_1.TIF,Mucor,10,945.0,34.6873,158.0,0.4757,0.7733
White_10X_1.TIF,Mucor,10,132.0,12.9641,44.0,0.8568,1.0
White_10X_1.TIF,Mucor,10,14095.0,133.9638,1197.0,0.1236,0.5158
White_10X_1.TIF,Mucor,10,496.0,25.1302,143.0,0.3048,0.6475
White_10X_1.TIF,Mucor,10,61.0,8.8129,33.0,0.7039,1.1731
White_10X_1.TIF,Mucor,10,81.0,10.1554,28.0,1.2983,1.2
White_10X_1.TIF,Mucor,10,60.0,8.7404,25.0,1.2064,1.25
White_10X_1.TIF,Mucor,10,61.0,8.8129,26.0,1.1339,1.1961
White_10X_1.TIF,Mucor,10,654.0,28.8565,110.0,0.6792,0.8691
White_10X_1.TIF,Mucor,10,105.0,11.5624,33.0,1.2116,1.1053
White_10X_1.TIF,Mucor,10,232.0,17.187,75.0,0.5183,0.7973
White_10X_1.TIF,Mucor,10,122.0,12.4634,55.0,0.5068,0.9004
White_10X_1.TIF,Mucor,10,89.0,10.6451,33.0,1.027,1.1338
White_10X_1.TIF,Mucor,10,126.0,12.666,42.0,0.8976,1.0769
White_10X_1.TIF,Mucor,10,167.0,14.5819,55.0,0.6937,1.1096
White_10X_1.TIF,Mucor,10,3567.0,67.3917,310.0,0.4664,0.8018
White_10X_1.TIF,Mucor,10,187.0,15.4304,77.0,0.3963,0.6573
White_10X_1.TIF,Mucor,10,280.0,18.8814,86.0,0.4757,0.8655
White_10X_1.TIF,Mucor,10,12704.0,127.1819,881.0,0.2057,0.5904
White_10X_1.TIF,Mucor,10,159.0,14.2283,49.0,0.8322,1.078
White_10X_1.TIF,Mucor,10,105.0,11.5624,38.0,0.9138,1.066
White_10X_1.TIF,Mucor,10,59.0,8.6672,26.0,1.0968,1.2292
White_10X_1.TIF,Mucor,10,153.0,13.9573,43.0,1.0398,1.1168
White_10X_1.TIF,Mucor,10,104.0,11.5073,46.0,0.6176,1.0246
White_10X_1.TIF,Mucor,10,568.0,26.8924,147.0,0.3303,0.7078
White_10X_1.TIF,Mucor,10,70.0,9.4407,36.0,0.6787,1.1667
White_10X_1.TIF,Mucor,10,172.0,14.7986,48.0,0.9381,0.9942
White_10X_1.TIF,Mucor,10,181.0,15.1808,66.0,0.5222,0.7921
White_10X_1.TIF,Mucor,10,139.0,13.3034,49.0,0.7275,0.9929
White_10X_1.TIF,Mucor,10,115.0,12.1005,51.0,0.5556,0.7718
White_10X_1.TIF,Mucor,10,66.0,9.167,29.0,0.9862,1.1786
White_10X_1.TIF,Mucor,10,102.0,11.3961,37.0,0.9363,1.0462
White_10X_1.TIF,Mucor,10,51.0,8.0582,32.0,0.6259,0.9444
White_10X_1.TIF,Mucor,10,88.0,10.5851,33.0,1.0155,1.1973
White_10X_1.TIF,Mucor,10,73.0,9.6409,29.0,1.0908,1.1774
White_10X_1.TIF,Mucor,10,59.0,8.6672,26.0,1.0968,1.18
White_10X_1.TIF,Mucor,10,176.0,14.9696,59.0,0.6354,0.8649
White_10X_1.TIF,Mucor,10,142.0,13.4462,43.0,0.9651,1.1315
White_10X_1.TIF,Mucor,10,106.0,11.6174,43.0,0.7204,1.0192
White_10X_1.TIF,Mucor,10,437.0,23.5883,128.0,0.3352,0.5815
White_10X_1.TIF,Mucor,10,120.0,12.3608,46.0,0.7126,1.0811
White_10X_1.TIF,Mucor,10,117.0,12.2053,45.0,0.7261,0.9791
White_10X_1.TIF,Mucor,10,541.0,26.2454,135.0,0.373,0.8117
White_10X_1.TIF,Mucor,10,75.0,9.7721,36.0,0.7272,1.0949
White_10X_1.TIF,Mucor,10,83.0,10.28,44.0,0.5387,1.1528
White_10X_1.TIF,Mucor,10,898.0,33.8137,186.0,0.3262,0.5337
White_10X_1.TIF,Mucor,10,87.0,10.5248,34.0,0.9457,1.1373
White_10X_1.TIF,Mucor,10,123.0,12.5143,42.0,0.8762,1.0165
White_10X_1.TIF,Mucor,10,2746.0,59.1297,538.0,0.1192,0.4367
White_10X_1.TIF,Mucor,10,211.0,16.3907,64.0,0.6473,1.0738
White_10X_1.TIF,Mucor,10,58.0,8.5935,27.0,0.9998,1.2747
White_10X_1.TIF,Mucor,10,937.0,34.5402,222.0,0.2389,0.5025
White_10X_1.TIF,Mucor,10,157.0,14.1386,66.0,0.4529,0.7772
White_10X_1.TIF,Mucor,10,746.0,30.8194,179.0,0.2926,0.5662
White_10X_1.TIF,Mucor,10,52.0,8.1369,30.0,0.7261,1.1685
White_10X_1.TIF,Mucor,10,3686.0,68.5066,324.0,0.4412,0.7187
White_10X_1.TIF,Mucor,10,75.0,9.7721,30.0,1.0472,1.2097
White_10X_1.TIF,Mucor,10,66.0,9.167,32.0,0.8099,1.1282
White_10X_1.TIF,Mucor,10,8211.0,102.2476,480.0,0.4478,0.7165
White_10X_1.TIF,Mucor,10,201.0,15.9975,50.0,1.0103,1.0415
White_10X_1.TIF,Mucor,10,50.0,7.9788,27.0,0.8619,1.1628
White_10X_1.TIF,Mucor,10,330.0,20.498,76.0,0.718,0.9091
White_10X_1.TIF,Mucor,10,198.0,15.8777,66.0,0.5712,0.9083
White_10X_1.TIF,Mucor,10,146.0,13.6343,48.0,0.7963,0.9701
White_10X_1.TIF,Mucor,10,143.0,13.4935,44.0,0.9282,1.0476
White_10X_1.TIF,Mucor,10,62.0,8.8849,37.0,0.5691,1.069
White_10X_1.TIF,Mucor,10,102.0,11.3961,42.0,0.7266,1.0
White_10X_1.TIF,Mucor,10,474.0,24.5666,114.0,0.4583,0.7215
White_10X_1.TIF,Mucor,10,124.0,12.5651,49.0,0.649,0.8611
White_10X_1.TIF,Mucor,10,493.0,25.0541,112.0,0.4939,0.7579
White_10X_1.TIF,Mucor,10,5754.0,85.5933,728.0,0.1364,0.4531
White_10X_1.TIF,Mucor,10,170.0,14.7123,63.0,0.5382,0.9418
White_10X_1.TIF,Mucor,10,553.0,26.5349,111.0,0.564,0.6827
White_10X_1.TIF,Mucor,10,75.0,9.7721,30.0,1.0472,1.1719
White_10X_1.TIF,Mucor,10,965.0,35.0525,226.0,0.2374,0.4831
White_10X_1.TIF,Mucor,10,569.0,26.916,143.0,0.3497,0.7361
White_10X_1.TIF,Mucor,10,1156.0,38.3649,179.0,0.4534,0.6887
White_10X_1.TIF,Mucor,10,303.0,19.6416,73.0,0.7145,0.9224
White_10X_1.TIF,Mucor,10,473.0,24.5406,125.0,0.3804,0.6629
White_10X_1.TIF,Mucor,10,140.0,13.3512,50.0,0.7037,0.9825
White_10X_1.TIF,Mucor,10,723.0,30.3406,153.0,0.3881,0.6975
White_10X_1.TIF,Mucor,10,187.0,15.4304,58.0,0.6985,1.0418
White_10X_1.TIF,Mucor,10,147.0,13.6809,49.0,0.7694,0.9703
White_10X_1.TIF,Mucor,10,485.0,24.85,125.0,0.3901,0.668
White_10X_1.TIF,Mucor,10,682.0,29.4678,87.0,1.1323,1.0508
White_10X_1.TIF,Mucor,10,184.0,15.3061,70.0,0.4719,0.7747
White_10X_1.TIF,Mucor,10,61.0,8.8129,28.0,0.9777,1.0796
White_10X_1.TIF,Mucor,10,1924.0,49.4946,213.0,0.5329,0.7713
White_10X_1.TIF,Mucor,10,91.0,10.7641,36.0,0.8824,1.1519
White_10X_1.TIF,Mucor,10,73.0,9.6409,28.0,1.1701,1.2479
White_10X_1.TIF,Mucor,10,91.0,10.7641,41.0,0.6803,0.8835
White_10X_1.TIF,Mucor,10,133.0,13.0131,49.0,0.6961,1.064
White_10X_1.TIF,Mucor,10,154.0,14.0028,52.0,0.7157,1.0512
White_10X_1.TIF,Mucor,10,55.0,8.3683,27.0,0.9481,1.0784
White_10X_1.TIF,Mucor,10,54.0,8.2919,27.0,0.9308,1.3333
White_10X_1.TIF,Mucor,10,334.0,20.6219,90.0,0.5182,0.8413
White_10X_1.TIF,Mucor,10,178.0,15.0545,52.0,0.8272,0.9916
White_10X_1.TIF,Mucor,10,1093.0,37.3048,169.0,0.4809,0.7238
White_10X_1.TIF,Mucor,10,277.0,18.78,79.0,0.5577,0.8183
White_10X_1.TIF,Mucor,10,390.0,22.2837,108.0,0.4202,0.7478
White_10X_1.TIF,Mucor,10,194.0,15.7165,63.0,0.6142,0.8509
White_10X_1.TIF,Mucor,10,138.0,13.2555,58.0,0.5155,0.819
White_10X_1.TIF,Mucor,10,52.0,8.1369,27.0,0.8964,1.2235
White_10X_1.TIF,Mucor,10,395.0,22.4261,88.0,0.641,0.8691
White_10X_1.TIF,Mucor,10,319.0,20.1535,110.0,0.3313,0.6212
White_10X_1.TIF,Mucor,10,4014.0,71.4897,613.0,0.1342,0.4072
White_10X_1.TIF,Mucor,10,230.0,17.1127,65.0,0.6841,0.9369
White_10X_1.TIF,Mucor,10,52.0,8.1369,27.0,0.8964,1.2381
White_10X_1.TIF,Mucor,10,141.0,13.3988,47.0,0.8021,1.033
White_10X_1.TIF,Mucor,10,115.0,12.1005,37.0,1.0556,1.1616
White_10X_1.TIF,Mucor,10,81.0,10.1554,33.0,0.9347,1.1172
White_10X_1.TIF,Mucor,10,360.0,21.4095,94.0,0.512,0.7603
White_10X_1.TIF,Mucor,10,1554.0,44.4816,293.0,0.2275,0.5059
White_10X_1.TIF,Mucor,10,211.0,16.3907,59.0,0.7617,0.9791
White_10X_1.TIF,Mucor,10,115.0,12.1005,40.0,0.9032,1.0177
White_10X_1.TIF,Mucor,10,54.0,8.2919,28.0,0.8655,1.2135
White_10X_1.TIF,Mucor,10,79.0,10.0293,32.0,0.9695,1.1449
White_10X_1.TIF,Mucor,10,95.0,10.9981,35.0,0.9745,1.0615
White_10X_1.TIF,Mucor,10,632.0,28.367,126.0,0.5002,0.7915
White_10X_1.TIF,Mucor,10,57.0,8.5191,27.0,0.9826,1.1633
White_10X_1.TIF,Mucor,10,147.0,13.6809,47.0,0.8362,1.097
White_10X_1.TIF,Mucor,10,637.0,28.479,167.0,0.287,0.5984
White_10X_1.TIF,Mucor,10,121.0,12.4122,42.0,0.862,1.1101
White_10X_1.TIF,Mucor,10,2449.0,55.8405,333.0,0.2775,0.5539
White_10X_1.TIF,Mucor,10,59.0,8.6672,27.0,1.017,1.2165
White_10X_1.TIF,Mucor,10,58.0,8.5935,30.0,0.8098,1.2889
White_10X_1.TIF,Mucor,10,193.0,15.6759,49.0,1.0101,1.0693
White_10X_1.TIF,Mucor,10,213.0,16.4682,79.0,0.4289,0.8161
White_10X_1.TIF,Mucor,10,253.0,17.948,70.0,0.6488,0.8562
White_10X_1.TIF,Mucor,10,164.0,14.4503,57.0,0.6343,0.8913
White_10X_1.TIF,Mucor,10,241.0,17.5172,78.0,0.4978,0.8561
White_10X_1.TIF,Mucor,10,71.0,9.5079,27.0,1.2239,1.1933
White_10X_1.TIF,Mucor,10,152.0,13.9116,47.0,0.8647,1.078
White_10X_1.TIF,Mucor,10,100.0,11.2838,35.0,1.0258,1.1494
White_10X_1.TIF,Mucor,10,53.0,8.2147,26.0,0.9852,1.3086
White_10X_1.TIF,Mucor,10,530.0,25.9772,122.0,0.4475,0.7692
White_10X_1.TIF,Mucor,10,50.0,7.9788,26.0,0.9295,1.1364
White_10X_1.TIF,Mucor,10,178.0,15.0545,52.0,0.8272,0.9674
White_10X_1.TIF,Mucor,10,115.0,12.1005,37.0,1.0556,1.0748
White_10X_1.TIF,Mucor,10,149.0,13.7736,53.0,0.6666,0.903
White_10X_1.TIF,Mucor,10,290.0,19.2156,70.0,0.7437,0.9105
White_10X_1.TIF,Mucor,10,115.0,12.1005,50.0,0.5781,0.8779
White_10X_1.TIF,Mucor,10,1594.0,45.0505,249.0,0.3231,0.6344
White_10X_1.TIF,Mucor,10,683.0,29.4894,143.0,0.4197,0.8244
White_10X_1.TIF,Mucor,10,52.0,8.1369,25.0,1.0455,1.1556
White_10X_1.TIF,Mucor,10,5802.0,85.9496,581.0,0.216,0.6127
White_10X_1.TIF,Mucor,10,240.0,17.4808,59.0,0.8664,1.0127
White_10X_1.TIF,Mucor,10,571.0,26.9633,119.0,0.5067,0.7196
White_10X_1.TIF,Mucor,10,815.0,32.2132,180.0,0.3161,0.6033
White_10X_1.TIF,Mucor,10,61.0,8.8129,33.0,0.7039,1.2449
White_10X_1.TIF,Mucor,10,98.0,11.1704,31.0,1.2815,1.0889
White_10X_1.TIF,Mucor,10,389.0,22.2551,126.0,0.3079,0.6582
White_10X_1.TIF,Mucor,10,232.0,17.187,75.0,0.5183,0.7227
White_10X_1.TIF,Mucor,10,179.0,15.0967,68.0,0.4865,1.0407
White_10X_1.TIF,Mucor,10,132.0,12.9641,37.0,1.2117,1.133
White_10X_1.TIF,Mucor,10,1300.0,40.6843,173.0,0.5458,0.8107
White_10X_1.TIF,Mucor,10,175.0,14.9271,45.0,1.086,1.0736
White_10X_1.TIF,Mucor,10,389.0,22.2551,85.0,0.6766,0.9099
White_10X_1.TIF,Mucor,10,273.0,18.6439,78.0,0.5639,0.8248
White_10X_1.TIF,Mucor,10,176.0,14.9696,51.0,0.8503,1.0057
White_10X_1.TIF,Mucor,10,84.0,10.3418,38.0,0.731,0.9655
White_10X_1.TIF,Mucor,10,469.0,24.4366,80.0,0.9209,0.9863
White_10X_1.TIF,Mucor,10,59.0,8.6672,29.0,0.8816,1.0631
White_10X_1.TIF,Mucor,10,88.0,10.5851,35.0,0.9027,1.1139
White_10X_1.TIF,Mucor,10,179.0,15.0967,75.0,0.3999,0.7146
White_10X_1.TIF,Mucor,10,768.0,31.2706,132.0,0.5539,0.8076
White_10X_1.TIF,Mucor,10,298.0,19.4788,67.0,0.8342,0.9819
White_10X_1.TIF,Mucor,10,60.0,8.7404,30.0,0.8378,1.165
White_10X_1.TIF,Mucor,10,214.0,16.5068,55.0,0.889,1.062
White_10X_1.TIF,Mucor,10,311.0,19.8992,86.0,0.5284,0.8963
White_10X_1.TIF,Mucor,10,134.0,13.0619,54.0,0.5775,0.8146
White_10X_1.TIF,Mucor,10,810.0,32.1142,224.0,0.2029,0.391
White_10X_1.TIF,Mucor,10,66.0,9.167,28.0,1.0579,1.2
White_10X_1.TIF,Mucor,10,352.0,21.1703,82.0,0.6578,0.8923
White_10X_1.TIF,Mucor,10,151.0,13.8658,68.0,0.4104,1.0134
White_10X_1.TIF,Mucor,10,1155.0,38.3483,206.0,0.342,0.5224
White_10X_1.TIF,Mucor,10,63.0,8.9562,29.0,0.9414,1.1053
White_10X_1.TIF,Mucor,10,303.0,19.6416,81.0,0.5803,1.0134
White_10X_1.TIF,Mucor,10,89.0,10.6451,41.0,0.6653,0.9223
White_10X_1.TIF,Mucor,10,1339.0,41.29,199.0,0.4249,0.7812
White_10X_1.TIF,Mucor,10,3399.0,65.7856,499.0,0.1715,0.4601
White_10X_1.TIF,Mucor,10,352.0,21.1703,123.0,0.2924,0.5196
White_10X_1.TIF,Mucor,10,714.0,30.1512,131.0,0.5228,0.7657
White_10X_1.TIF,Mucor,10,165.0,14.4943,60.0,0.576,0.9016
White_10X_1.TIF,Mucor,10,258.0,18.1245,62.0,0.8434,1.0299
White_10X_1.TIF,Mucor,10,50.0,7.9788,23.0,1.1877,1.2346
White_10X_1.TIF,Mucor,10,186.0,15.389,65.0,0.5532,0.9764
White_10X_1.TIF,Mucor,10,51.0,8.0582,23.0,1.2115,1.2911
White_10X_1.TIF,Mucor,10,1480.0,43.4096,240.0,0.3229,0.5929
White_10X_1.TIF,Mucor,10,63.0,8.9562,30.0,0.8796,1.125
White_10X_1.TIF,Mucor,10,311.0,19.8992,61.0,1.0503,1.0332
White_10X_1.TIF,Mucor,10,995.0,35.5932,212.0,0.2782,0.6019
White_10X_1.TIF,Mucor,10,354.0,21.2303,132.0,0.2553,0.4646
White_10X_1.TIF,Mucor,10,258.0,18.1245,78.0,0.5329,0.8088
White_10X_1.TIF,Mucor,10,947.0,34.724,135.0,0.653,0.8732
White_10X_1.TIF,Mucor,10,246.0,17.6979,56.0,0.9858,1.0186
White_10X_1.TIF,Mucor,10,207.0,16.2345,64.0,0.6351,0.7856
White_10X_1.TIF,Mucor,10,105.0,11.5624,45.0,0.6516,0.9589
White_10X_1.TIF,Mucor,10,234.0,17.2609,59.0,0.8447,0.9936
White_10X_1.TIF,Mucor,10,238.0,17.4078,67.0,0.6662,0.8766
White_10X_1.TIF,Mucor,10,384.0,22.1116,76.0,0.8354,1.0925
White_10X_1.TIF,Mucor,10,139.0,13.3034,56.0,0.557,1.0
White_10X_1.TIF,Mucor,10,446.0,23.8299,133.0,0.3168,0.6936
White_10X_1.TIF,Mucor,10,73.0,9.6409,30.0,1.0193,1.1496
White_10X_1.TIF,Mucor,10,272.0,18.6097,93.0,0.3952,1.013
White_10X_1.TIF,Mucor,10,435.0,23.5342,80.0,0.8541,1.014
White_10X_1.TIF,Mucor,10,201.0,15.9975,56.0,0.8054,1.0126
White_10X_1.TIF,Mucor,10,270.0,18.5412,69.0,0.7126,0.9262
White_10X_1.TIF,Mucor,10,162.0,14.3619,47.0,0.9216,1.08
White_10X_1.TIF,Mucor,10,112.0,11.9416,39.0,0.9253,1.1728
White_10X_1.TIF,Mucor,10,107.0,11.672,37.0,0.9822,1.209
White_20X_1.TIF,Mucor,20,29834.0,194.8995,4856.5,0.0159,0.4055
White_20X_1.TIF,Mucor,20,115.5,12.1268,40.0,0.9071,1.0657
White_20X_1.TIF,Mucor,20,23189.0,171.8288,3128.5,0.0298,0.5238
White_20X_1.TIF,Mucor,20,24.0,5.5279,19.0,0.8354,1.0608
White_20X_1.TIF,Mucor,20,132545.75,410.8071,18459.0,0.0049,0.4116
White_20X_1.TIF,Mucor,20,52.75,8.1953,25.5,1.0194,1.0169
White_20X_1.TIF,Mucor,20,46.75,7.7152,25.0,0.94,1.0778
White_20X_1.TIF,Mucor,20,32.75,6.4574,23.5,0.7452,1.0694
White_20X_1.TIF,Mucor,20,21.75,5.2624,15.5,1.1376,1.1757
White_20X_1.TIF,Mucor,20,23.0,5.4115,19.0,0.8006,1.0514
White_20X_1.TIF,Mucor,20,287.5,19.1326,86.5,0.4829,0.7613
White_20X_1.TIF,Mucor,20,100.25,11.2979,64.5,0.3028,0.5782
White_20X_1.TIF,Mucor,20,14.75,4.3336,15.0,0.8238,1.3111
White_20X_1.TIF,Mucor,20,56.0,8.444,37.5,0.5004,0.7671
White_20X_1.TIF,Mucor,20,1849.0,48.5203,316.0,0.2327,0.6192
White_20X_1.TIF,Mucor,20,26.5,5.8087,17.5,1.0874,1.1337
White_20X_1.TIF,Mucor,20,13.0,4.0684,12.0,1.1345,1.3
White_20X_1.TIF,Mucor,20,17.0,4.6524,17.0,0.7392,0.9927
White_20X_1.TIF,Mucor,20,98.0,11.1704,64.0,0.3007,0.7279
White_20X_1.TIF,Mucor,20,123.75,12.5524,47.5,0.6892,0.839
White_20X_1.TIF,Mucor,20,21.0,5.1709,16.0,1.0308,1.1351
White_20X_1.TIF,Mucor,20,48.75,7.8785,31.5,0.6174,0.8211
White_20X_1.TIF,Mucor,20,34.25,6.6037,21.5,0.9311,1.0498
White_20X_1.TIF,Mucor,20,89.0,10.6451,44.0,0.5777,0.7764
White_20X_1.TIF,Mucor,20,99.5,11.2555,44.0,0.6458,0.8894
White_20X_1.TIF,Mucor,20,19.75,5.0146,14.5,1.1804,1.188
White_20X_1.TIF,Mucor,20,26.25,5.7812,19.5,0.8675,1.0145
White_20X_1.TIF,Mucor,20,22.25,5.3226,19.5,0.7353,1.1946
White_20X_1.TIF,Mucor,20,525.0,25.8544,211.5,0.1475,0.4122
White_20X_1.TIF,Mucor,20,75.25,9.7883,41.5,0.5491,0.7572
White_20X_1.TIF,Mucor,20,21.25,5.2016,15.0,1.1868,1.1258
White_20X_1.TIF,Mucor,20,264.75,18.36,99.5,0.336,0.6274
White_20X_1.TIF,Mucor,20,27.75,5.9441,23.0,0.6592,1.0882
White_20X_1.TIF,Mucor,20,20.75,5.14,15.0,1.1589,1.2117
White_20X_1.TIF,Mucor,20,41.5,7.2691,23.0,0.9858,1.0675
White_20X_1.TIF,Mucor,20,22.0,5.2926,15.5,1.1507,1.1973
White_20X_1.TIF,Mucor,20,78.0,9.9656,46.0,0.4632,0.8125
White_20X_1.TIF,Mucor,20,42.25,7.3345,25.5,0.8165,1.015
White_20X_1.TIF,Mucor,20,25.5,5.698,18.0,0.989,1.1209
White_20X_1.TIF,Mucor,20,68.25,9.3219,36.0,0.6618,0.9192
White_20X_1.TIF,Mucor,20,25.25,5.67,19.5,0.8345,1.005
White_20X_1.TIF,Mucor,20,15.0,4.3702,15.5,0.7846,1.1881
White_20X_1.TIF,Mucor,20,13.25,4.1074,12.5,1.0656,1.1648
White_20X_1.TIF,Mucor,20,77.25,9.9175,36.5,0.7287,0.8957
White_20X_1.TIF,Mucor,20,32.25,6.408,18.5,1.1841,1.1316
White_20X_1.TIF,Mucor,20,35.5,6.7231,22.5,0.8812,0.9895
White_20X_1.TIF,Mucor,20,77.0,9.9015,44.0,0.4998,0.6852
White_20X_1.TIF,Mucor,20,26.25,5.7812,20.0,0.8247,1.0244
White_20X_1.TIF,Mucor,20,17.5,4.7203,16.0,0.859,1.0853
White_20X_1.TIF,Mucor,20,65.25,9.1148,38.5,0.5532,0.785
White_20X_1.TIF,Mucor,20,86.5,10.4945,46.5,0.5027,0.7546
White_20X_1.TIF,Mucor,20,26.75,5.836,17.5,1.0976,1.1383
White_20X_1.TIF,Mucor,20,27.5,5.9173,19.0,0.9573,1.1224
White_20X_1.TIF,Mucor,20,28.25,5.9974,22.5,0.7012,1.0463
White_20X_1.TIF,Mucor,20,78.25,9.9815,49.0,0.4095,0.747
White_20X_1.TIF,Mucor,20,38.25,6.9786,31.5,0.4844,0.7948
White_20X_1.TIF,Mucor,20,18.75,4.886,18.5,0.6884,1.1364
White_20X_1.TIF,Mucor,20,29.0,6.0765,25.0,0.5831,0.9317
White_20X_1.TIF,Mucor,20,130.75,12.9026,75.5,0.2882,0.7049
White_20X_1.TIF,Mucor,20,303.25,19.6497,104.5,0.349,0.6483
White_20X_1.TIF,Mucor,20,21.25,5.2016,16.0,1.0431,1.2143
White_20X_1.TIF,Mucor,20,31.5,6.333,18.5,1.1566,1.115
White_20X_1.TIF,Mucor,20,15.0,4.3702,12.5,1.2064,1.25
White_20X_1.TIF,Mucor,20,110.75,11.8748,50.5,0.5457,0.8661
White_20X_1.TIF,Mucor,20,48.0,7.8176,32.0,0.589,0.891
White_20X_1.TIF,Mucor,20,233.0,17.224,99.0,0.2987,0.5173
White_20X_1.TIF,Mucor,20,30.5,6.2317,18.5,1.1199,1.0517
White_20X_1.TIF,Mucor,20,18.25,4.8204,15.0,1.0193,1.2696
White_20X_1.TIF,Mucor,20,18.0,4.7873,13.0,1.3384,1.2
White_20X_1.TIF,Mucor,20,120.25,12.3736,59.0,0.4341,0.7611
White_20X_1.TIF,Mucor,20,90.25,10.7196,59.0,0.3258,0.6612
White_20X_1.TIF,Mucor,20,28.0,5.9708,21.5,0.7612,1.1256
White_20X_1.TIF,Mucor,20,13.5,4.1459,11.5,1.2828,1.2273
White_20X_1.TIF,Mucor,20,25.75,5.7259,19.0,0.8964,1.1257
White_20X_1.TIF,Mucor,20,19.25,4.9507,20.0,0.6048,0.9565
White_20X_1.TIF,Mucor,20,21.5,5.2321,16.5,0.9924,1.2286
White_20X_1.TIF,Mucor,20,66.0,9.167,45.5,0.4006,0.6551
White_20X_1.TIF,Mucor,20,38.75,7.0241,27.5,0.6439,0.9038
White_20X_1.TIF,Mucor,20,23.5,5.47,22.0,0.6101,0.8468
White_20X_1.TIF,Mucor,20,24.75,5.6136,16.5,1.1424,1.1579
White_20X_1.TIF,Mucor,20,42.0,7.3127,24.0,0.9163,1.0275
White_20X_1.TIF,Mucor,20,14.5,4.2967,17.0,0.6305,1.1837
White_20X_1.TIF,Mucor,20,20.75,5.14,18.0,0.8048,1.0993
White_20X_1.TIF,Mucor,20,12.75,4.0291,11.5,1.2115,1.3247
White_20X_1.TIF,Mucor,20,204.5,16.1362,76.0,0.4449,0.7359
White_20X_1.TIF,Mucor,20,73.0,9.6409,42.0,0.52,0.8044
White_20X_1.TIF,Mucor,20,16.75,4.6181,14.0,1.0739,1.2523
White_20X_1.TIF,Mucor,20,29.75,6.1546,22.5,0.7385,0.9049
White_20X_1.TIF,Mucor,20,13.25,4.1074,11.0,1.3761,1.2326
White_20X_1.TIF,Mucor,20,134.25,13.0741,57.5,0.5103,0.7387
White_20X_1.TIF,Mucor,20,51.75,8.1173,32.5,0.6157,0.8364
White_20X_1.TIF,Mucor,20,57.25,8.5377,31.0,0.7486,0.9178
White_20X_1.TIF,Mucor,20,20.75,5.14,15.0,1.1589,1.2029
White_20X_1.TIF,Mucor,20,23.75,5.499,17.0,1.0327,1.0734
White_20X_1.TIF,Mucor,20,58.75,8.6489,40.0,0.4614,0.7078
White_20X_1.TIF,Mucor,20,18.0,4.7873,17.0,0.7827,1.0511
White_20X_1.TIF,Mucor,20,173.5,14.8629,87.0,0.2881,0.5919
White_20X_1.TIF,Mucor,20,22.25,5.3226,18.5,0.817,1.0533
White_20X_1.TIF,Mucor,20,76.0,9.837,39.0,0.6279,0.9666
White_20X_1.TIF,Mucor,20,44.5,7.5272,26.0,0.8272,1.023
White_20X_1.TIF,Mucor,20,18.75,4.886,17.5,0.7694,1.1538
White_20X_1.TIF,Mucor,20,32.25,6.408,21.0,0.919,1.0795
White_20X_1.TIF,Mucor,20,20.5,5.109,15.5,1.0723,1.2059
White_20X_1.TIF,Mucor,20,24.25,5.5566,21.0,0.691,0.9151
White_20X_1.TIF,Mucor,20,15.5,4.4424,14.0,0.9938,1.2653
White_20X_1.TIF,Mucor,20,13.25,4.1074,15.0,0.74,1.1648
White_20X_1.TIF,Mucor,20,88.5,10.6152,40.0,0.6951,0.9916
White_20X_1.TIF,Mucor,20,35.5,6.7231,25.5,0.6861,0.9562
White_20X_1.TIF,Mucor,20,20.5,5.109,17.5,0.8412,1.0933
White_20X_1.TIF,Mucor,20,23.5,5.47,18.5,0.8628,0.9895
White_20X_1.TIF,Mucor,20,62.25,8.9028,31.0,0.814,0.9595
White_20X_1.TIF,Mucor,20,41.75,7.2909,26.0,0.7761,0.9435
White_20X_1.TIF,Mucor,20,25.75,5.7259,20.0,0.809,1.0148
White_20X_1.TIF,Mucor,20,53.5,8.2534,31.5,0.6776,0.9304
White_20X_1.TIF,Mucor,20,92.5,10.8524,36.0,0.8969,0.9367
White_20X_1.TIF,Mucor,20,13.0,4.0684,11.5,1.2353,1.3
White_20X_1.TIF,Mucor,20,24.5,5.5852,18.5,0.8996,1.037
White_20X_1.TIF,Mucor,20,147.0,13.6809,68.5,0.3937,0.6833
White_20X_1.TIF,Mucor,20,76.75,9.8854,47.0,0.4366,0.7017
White_20X_1.TIF,Mucor,20,38.25,6.9786,23.0,0.9086,1.0662
White_20X_1.TIF,Mucor,20,158.75,14.2171,69.0,0.419,0.7278
White_20X_1.TIF,Mucor,20,37.5,6.9099,24.0,0.8181,0.9772
White_20X_1.TIF,Mucor,20,16.5,4.5835,13.5,1.1377,1.2571
White_20X_1.TIF,Mucor,20,25.5,5.698,23.5,0.5802,1.0049
White_20X_1.TIF,Mucor,20,153.75,13.9914,91.5,0.2308,0.4948
White_20X_1.TIF,Mucor,20,57.5,8.5564,41.0,0.4298,0.7044
White_20X_1.TIF,Mucor,20,83.0,10.28,35.5,0.8276,0.9432
White_20X_1.TIF,Mucor,20,22.0,5.2926,22.5,0.5461,0.8421
White_20X_1.TIF,Mucor,20,82.25,10.2335,51.0,0.3974,0.6339
White_20X_1.TIF,Mucor,20,25.5,5.698,29.5,0.3682,0.9444
White_20X_1.TIF,Mucor,20,13.5,4.1459,13.5,0.9308,1.1613
White_20X_1.TIF,Mucor,20,95.25,11.0125,45.0,0.5911,0.8659
White_20X_1.TIF,Mucor,20,39.5,7.0918,25.5,0.7634,0.9664
White_20X_1.TIF,Mucor,20,17.5,4.7203,19.0,0.6092,1.2174
White_20X_1.TIF,Mucor,20,58.0,8.5935,38.0,0.5047,0.74
White_20X_1.TIF,Mucor,20,13.5,4.1459,13.0,1.0038,1.35
White_20X_1.TIF,Mucor,20,547.75,26.4087,175.0,0.2248,0.5276
White_20X_1.TIF,Mucor,20,15.75,4.4781,14.0,1.0098,1.1455
White_20X_1.TIF,Mucor,20,44.75,7.5483,29.0,0.6687,0.884
White_20X_1.TIF,Mucor,20,83.5,10.3109,54.5,0.3533,0.8058
White_20X_1.TIF,Mucor,20,213.5,16.4875,67.5,0.5888,0.8705
White_20X_1.TIF,Mucor,20,25.0,5.6419,19.5,0.8262,1.087
White_20X_1.TIF,Mucor,20,13.75,4.1841,14.5,0.8218,1.2941
White_20X_1.TIF,Mucor,20,319.75,20.1772,103.5,0.3751,0.6771
White_20X_1.TIF,Mucor,20,76.0,9.837,50.0,0.382,0.7805
White_20X_1.TIF,Mucor,20,17.75,4.7539,14.5,1.0609,1.136
White_20X_1.TIF,Mucor,20,80.5,10.124,57.5,0.306,0.5566
White_20X_1.TIF,Mucor,20,48.75,7.8785,22.0,1.2657,1.0656
White_20X_1.TIF,Mucor,20,101.0,11.3401,40.5,0.7738,0.9585
White_20X_1.TIF,Mucor,20,17.25,4.6865,13.0,1.2827,1.1897
White_20X_1.TIF,Mucor,20,59.5,8.7039,27.0,1.0257,1.0303
White_20X_1.TIF,Mucor,20,127.5,12.7412,64.0,0.3912,0.6645
White_20X_1.TIF,Mucor,20,12.5,3.9894,15.0,0.6981,0.9804
White_20X_1.TIF,Mucor,20,27.25,5.8903,18.5,1.0005,1.1534
White_20X_1.TIF,Mucor,20,73.25,9.6574,39.0,0.6052,0.9171
White_20X_1.TIF,Mucor,20,27.25,5.8903,22.5,0.6764,0.9909
White_20X_1.TIF,Mucor,20,24.0,5.5279,21.0,0.6839,1.1294
White_20X_1.TIF,Mucor,20,506.25,25.3885,170.0,0.2201,0.5354
White_20X_1.TIF,Mucor,20,18.75,4.886,18.0,0.7272,1.0563
White_20X_1.TIF,Mucor,20,66.75,9.2189,49.5,0.3423,0.5875
White_20X_1.TIF,Mucor,20,41.25,7.2471,24.0,0.8999,1.0092
White_20X_1.TIF,Mucor,20,177.25,15.0227,65.5,0.5192,0.7531
White_20X_1.TIF,Mucor,20,29.75,6.1546,24.5,0.6228,0.9917
White_20X_1.TIF,Mucor,20,44.75,7.5483,24.5,0.9369,0.9755
White_20X_1.TIF,Mucor,20,33.0,6.482,22.5,0.8191,1.0435
White_20X_1.TIF,Mucor,20,20.25,5.0777,15.0,1.131,1.1912
White_20X_1.TIF,Mucor,20,167.75,14.6146,66.5,0.4767,0.7235
White_20X_1.TIF,Mucor,20,13.0,4.0684,14.0,0.8335,1.3
White_20X_1.TIF,Mucor,20,25.0,5.6419,22.0,0.6491,1.0638
White_20X_1.TIF,Mucor,20,22.25,5.3226,19.0,0.7745,1.0988
White_20X_1.TIF,Mucor,20,229.5,17.0941,87.0,0.381,0.6201
White_20X_1.TIF,Mucor,20,34.75,6.6517,22.0,0.9022,1.0072
White_20X_1.TIF,Mucor,20,34.75,6.6517,21.0,0.9902,1.0221
White_20X_1.TIF,Mucor,20,32.0,6.3831,20.5,0.9569,1.1429
White_20X_1.TIF,Mucor,20,73.5,9.6738,36.0,0.7127,0.8909
White_20X_1.TIF,Mucor,20,57.75,8.5749,40.5,0.4424,0.7464
White_20X_1.TIF,Mucor,20,25.0,5.6419,24.5,0.5234,0.8734
White_20X_1.TIF,Mucor,20,12.5,3.9894,15.0,0.6981,1.2821
White_20X_1.TIF,Mucor,20,60.5,8.7767,35.0,0.6206,0.8476
White_20X_1.TIF,Mucor,20,88.25,10.6002,50.5,0.4349,0.7463
White_20X_1.TIF,Mucor,20,27.0,5.8632,27.5,0.4487,0.9432
White_20X_1.TIF,Mucor,20,51.25,8.078,38.5,0.4345,0.6298
White_20X_1.TIF,Mucor,20,14.0,4.222,16.5,0.6462,0.9333
White_20X_1.TIF,Mucor,20,77.25,9.9175,37.0,0.7091,0.8717
White_20X_1.TIF,Mucor,20,212.5,16.4488,102.5,0.2542,0.5633
White_20X_1.TIF,Mucor,20,17.0,4.6524,14.5,1.0161,1.2035
White_20X_1.TIF,Mucor,20,92.75,10.8671,58.0,0.3465,0.6097
White_20X_1.TIF,Mucor,20,26.5,5.8087,21.5,0.7204,1.1158
White_20X_1.TIF,Mucor,20,156.75,14.1273,66.0,0.4522,0.732
White_20X_1.TIF,Mucor,20,45.75,7.6322,26.0,0.8505,1.0281
White_20X_1.TIF,Mucor,20,31.75,6.3581,24.5,0.6647,0.8789
White_20X_1.TIF,Mucor,20,26.25,5.7812,23.0,0.6236,1.0448
White_20X_1.TIF,Mucor,20,72.75,9.6244,40.5,0.5574,0.7962
White_20X_1.TIF,Mucor,20,14.25,4.2595,13.5,0.9826,1.1633
White_20X_1.TIF,Mucor,20,45.5,7.6113,27.5,0.7561,0.9811
White_20X_1.TIF,Mucor,20,118.5,12.2833,40.5,0.9079,0.9854
White_20X_1.TIF,Mucor,20,45.0,7.5694,30.5,0.6079,0.9278
White_20X_1.TIF,Mucor,20,98.5,11.1988,49.5,0.5052,0.8556
White_20X_1.TIF,Mucor,20,18.5,4.8533,22.0,0.4803,0.9367
White_20X_1.TIF,Mucor,20,231.75,17.1777,93.5,0.3331,0.5975
White_20X_1.TIF,Mucor,20,119.25,12.3221,53.0,0.5335,0.7488
White_20X_1.TIF,Mucor,20,43.75,7.4635,27.0,0.7542,1.0972
White_20X_1.TIF,Mucor,20,206.5,16.2149,83.5,0.3722,0.6091
White_20X_1.TIF,Mucor,20,48.0,7.8176,23.0,1.1402,1.0637
White_20X_1.TIF,Mucor,20,70.25,9.4575,44.0,0.456,0.7688
White_20X_1.TIF,Mucor,20,105.25,11.5762,48.0,0.574,0.8636
White_20X_1.TIF,Mucor,20,44.25,7.5061,24.5,0.9264,1.0351
White_20X_1.TIF,Mucor,20,45.25,7.5904,33.5,0.5067,0.808
White_20X_1.TIF,Mucor,20,81.25,10.1711,48.5,0.4341,0.827
White_20X_1.TIF,Mucor,20,12.75,4.0291,13.0,0.9481,1.2439
White_20X_1.TIF,Mucor,20,22.75,5.382,15.5,1.1899,1.1818
White_20X_1.TIF,Mucor,20,33.5,6.531,25.0,0.6736,0.8904
White_20X_1.TIF,Mucor,20,14.0,4.222,17.0,0.6088,1.0182
White_20X_1.TIF,Mucor,20,74.75,9.7557,59.5,0.2653,0.5397
White_20X_1.TIF,Mucor,20,415.25,22.9938,194.5,0.1379,0.3478
White_20X_1.TIF,Mucor,20,12.5,3.9894,12.0,1.0908,1.2987
White_20X_1.TIF,Mucor,20,72.5,9.6078,44.0,0.4706,0.7662
White_20X_1.TIF,Mucor,20,1630.25,45.5598,363.5,0.155,0.5552
White_20X_1.TIF,Mucor,20,17.5,4.7203,15.0,0.9774,1.1111
White_20X_1.TIF,Mucor,20,13.0,4.0684,13.5,0.8964,1.2381
White_20X_1.TIF,Mucor,20,17.75,4.7539,17.0,0.7718,1.3028
White_20X_1.TIF,Mucor,20,22.75,5.382,16.5,1.0501,1.1166
White_20X_1.TIF,Mucor,20,23.0,5.4115,17.5,0.9438,1.0575
White_20X_1.TIF,Mucor,20,268.0,18.4724,76.5,0.5755,0.7224
White_20X_1.TIF,Mucor,20,27.5,5.9173,24.0,0.6,0.8527
White_20X_1.TIF,Mucor,20,19.25,4.9507,15.5,1.0069,1.1846
White_20X_1.TIF,Mucor,20,13.0,4.0684,11.5,1.2353,1.2093
White_20X_1.TIF,Mucor,20,486.5,24.8884,225.0,0.1208,0.42
White_20X_1.TIF,Mucor,20,21.5,5.2321,14.5,1.285,1.1622
White_20X_1.TIF,Mucor,20,526.0,25.879,211.5,0.1478,0.4401
White_20X_1.TIF,Mucor,20,25.75,5.7259,19.0,0.8964,1.1319
White_20X_1.TIF,Mucor,20,16.0,4.5135,16.0,0.7854,1.0667
White_20X_1.TIF,Mucor,20,39.25,7.0693,34.0,0.4267,0.9782
White_20X_1.TIF,Mucor,20,33.5,6.531,27.5,0.5567,0.8024
White_20X_1.TIF,Mucor,20,17.25,4.6865,14.0,1.106,1.1129
White_20X_1.TIF,Mucor,20,56.5,8.4816,36.5,0.5329,0.8386
White_20X_1.TIF,Mucor,20,39.25,7.0693,23.5,0.8931,1.0
White_20X_1.TIF,Mucor,20,313.25,19.971,129.0,0.2365,0.5623
White_20X_1.TIF,Mucor,20,39.25,7.0693,27.0,0.6766,0.9318
White_20X_1.TIF,Mucor,20,66.75,9.2189,35.0,0.6847,0.9418
White_20X_1.TIF,Mucor,20,36.5,6.8171,24.5,0.7641,0.9932
White_20X_1.TIF,Mucor,20,25.75,5.7259,19.5,0.851,1.1381
White_20X_1.TIF,Mucor,20,168.75,14.6581,65.5,0.4943,0.7614
White_20X_1.TIF,Mucor,20,40.0,7.1365,37.0,0.3672,0.7002
White_20X_1.TIF,Mucor,20,79.5,10.0609,55.0,0.3303,0.6577
White_20X_1.TIF,Mucor,20,32.75,6.4574,28.5,0.5067,0.9034
White_20X_1.TIF,Mucor,20,39.75,7.1142,36.5,0.3749,0.7114
White_20X_1.TIF,Mucor,20,39.0,7.0467,31.0,0.51,0.8864
White_20X_1.TIF,Mucor,20,21.75,5.2624,18.0,0.8436,1.1083
White_20X_1.TIF,Mucor,20,26.5,5.8087,25.5,0.5121,0.8446
White_20X_1.TIF,Mucor,20,142.75,13.4817,72.5,0.3413,0.647
White_20X_1.TIF,Mucor,20,43.5,7.4422,30.5,0.5876,0.8509
White_20X_1.TIF,Mucor,20,19.5,4.9828,18.0,0.7563,0.975
White_20X_1.TIF,Mucor,20,61.0,8.8129,37.5,0.5451,0.873
White_20X_1.TIF,Mucor,20,56.25,8.4628,35.0,0.577,0.9474
White_20X_1.TIF,Mucor,20,50.5,8.0186,32.5,0.6008,0.9596
White_20X_1.TIF,Mucor,20,13.5,4.1459,12.0,1.1781,1.2857
White_20X_1.TIF,Mucor,20,39.75,7.1142,25.5,0.7682,1.0565
White_20X_1.TIF,Mucor,20,18.0,4.7873,14.0,1.1541,1.2203
White_20X_1.TIF,Mucor,20,22.75,5.382,22.0,0.5907,0.9579
White_20X_1.TIF,Mucor,20,13.5,4.1459,12.0,1.1781,1.2414
White_20X_1.TIF,Mucor,20,12.5,3.9894,13.5,0.8619,1.3333
White_20X_1.TIF,Mucor,20,70.5,9.4744,39.5,0.5678,0.7921
White_20X_1.TIF,Mucor,20,44.0,7.4848,29.5,0.6354,1.0262
White_20X_1.TIF,Mucor,20,18.75,4.886,18.0,0.7272,1.1628
White_20X_1.TIF,Mucor,20,13.5,4.1459,13.0,1.0038,1.2273
White_20X_1.TIF,Mucor,20,19.5,4.9828,15.0,1.0891,1.2381
White_20X_1.TIF,Mucor,20,18.75,4.886,14.0,1.2021,1.1905
White_20X_1.TIF,Mucor,20,37.25,6.8868,22.0,0.9671,1.0383
White_20X_1.TIF,Mucor,20,30.25,6.2061,28.0,0.4849,0.7202
White_20X_1.TIF,Mucor,20,110.0,11.8345,62.5,0.3539,0.577
White_20X_1.TIF,Mucor,20,15.75,4.4781,13.5,1.086,1.2
White_20X_1.TIF,Mucor,20,22.75,5.382,23.0,0.5404,0.9681
White_20X_1.TIF,Mucor,20,13.75,4.1841,13.0,1.0224,1.25
White_20X_1.TIF,Mucor,20,39.0,7.0467,25.0,0.7841,1.0
White_20X_1.TIF,Mucor,20,12.5,3.9894,12.0,1.0908,1.2195
White_20X_1.TIF,Mucor,20,37.5,6.9099,21.5,1.0194,1.0949
White_20X_1.TIF,Mucor,20,105.5,11.5899,60.0,0.3683,0.6492
White_20X_1.TIF,Mucor,20,46.5,7.6945,41.5,0.3393,0.8474
White_20X_1.TIF,Mucor,20,90.75,10.7493,47.0,0.5163,0.7341
White_20X_1.TIF,Mucor,20,44.5,7.5272,27.5,0.7394,0.9393
White_20X_1.TIF,Mucor,20,16.5,4.5835,14.0,1.0579,1.211
White_20X_1.TIF,Mucor,20,14.5,4.2967,13.0,1.0782,1.1837
White_20X_1.TIF,Mucor,20,80.0,10.0925,39.5,0.6443,0.8301
White_20X_1.TIF,Mucor,20,37.75,6.9329,26.0,0.7017,1.0486
White_20X_1.TIF,Mucor,20,362.0,21.4689,134.5,0.2515,0.5864
White_20X_1.TIF,Mucor,20,77.0,9.9015,42.0,0.5485,0.7624
White_20X_1.TIF,Mucor,20,16.25,4.5486,15.0,0.9076,1.25
White_20X_1.TIF,Mucor,20,96.0,11.0558,52.0,0.4461,0.7158
White_20X_1.TIF,Mucor,20,28.25,5.9974,21.0,0.805,1.018
White_20X_1.TIF,Mucor,20,702.5,29.9074,220.5,0.1816,0.5696
White_20X_1.TIF,Mucor,20,95.25,11.0125,66.5,0.2707,0.5389
White_20X_1.TIF,Mucor,20,200.75,15.9876,111.0,0.2047,0.4729
White_20X_1.TIF,Mucor,20,202.75,16.067,84.5,0.3568,0.6086
White_20X_1.TIF,Mucor,20,44.5,7.5272,37.5,0.3977,0.682
White_20X_1.TIF,Mucor,20,31.5,6.333,28.0,0.5049,1.0633
White_20X_1.TIF,Mucor,20,41.5,7.2691,26.0,0.7715,1.0279
White_20X_1.TIF,Mucor,20,88.25,10.6002,50.0,0.4436,0.6717
White_20X_1.TIF,Mucor,20,37.0,6.8637,30.0,0.5166,0.7978
White_20X_1.TIF,Mucor,20,75.0,9.7721,37.0,0.6884,0.9788
White_20X_1.TIF,Mucor,20,27.5,5.9173,20.0,0.8639,1.1458
White_20X_1.TIF,Mucor,20,23.25,5.4408,18.0,0.9018,1.1138
White_20X_1.TIF,Mucor,20,18.5,4.8533,17.5,0.7591,1.0207
White_20X_1.TIF,Mucor,20,88.0,10.5851,48.5,0.4701,0.7097
White_20X_1.TIF,Mucor,20,13.25,4.1074,11.0,1.3761,1.2045
White_20X_1.TIF,Mucor,20,16.25,4.5486,19.0,0.5657,1.0833
White_20X_1.TIF,Mucor,20,34.0,6.5795,19.0,1.1835,1.1102
White_20X_1.TIF,Mucor,20,23.25,5.4408,16.5,1.0732,1.1847
White_20X_1.TIF,Mucor,20,5125.5,80.7836,1279.5,0.0393,0.3175
White_20X_1.TIF,Mucor,20,20.25,5.0777,19.0,0.7049,1.0125
White_20X_1.TIF,Mucor,20,12.5,3.9894,13.5,0.8619,1.0638
White_20X_1.TIF,Mucor,20,15.75,4.4781,15.0,0.8796,1.2115
White_20X_1.TIF,Mucor,20,23.5,5.47,17.0,1.0218,1.1325
White_20X_1.TIF,Mucor,20,20.0,5.0463,18.5,0.7343,0.9938
White_20X_1.TIF,Mucor,20,49.0,7.8987,28.5,0.7581,0.9849
White_20X_1.TIF,Mucor,20,344.25,20.9359,108.5,0.3675,0.6876
White_20X_1.TIF,Mucor,20,158.5,14.2059,92.0,0.2353,0.5305
White_20X_1.TIF,Mucor,20,354.25,21.2378,97.0,0.4731,0.7394
White_20X_1.TIF,Mucor,20,44.25,7.5061,26.5,0.7918,0.9806
White_20X_1.TIF,Mucor,20,25.75,5.7259,20.5,0.77,0.981
White_20X_1.TIF,Mucor,20,136.75,13.1953,60.5,0.4695,0.6757
White_20X_1.TIF,Mucor,20,14.5,4.2967,13.5,0.9998,1.234
White_20X_1.TIF,Mucor,20,13.0,4.0684,11.0,1.3501,1.2381
White_20X_1.TIF,Mucor,20,13.0,4.0684,12.0,1.1345,1.2235
White_20X_1.TIF,Mucor,20,20.5,5.109,21.5,0.5573,0.8632
White_20X_1.TIF,Mucor,20,68.75,9.356,33.0,0.7933,0.9151
White_20X_1.TIF,Mucor,20,25.0,5.6419,19.5,0.8262,1.1236
White_20X_1.TIF,Mucor,20,93.25,10.8963,41.0,0.6971,0.9031
White_20X_1.TIF,Mucor,20,63.0,8.9562,36.5,0.5942,0.8858
White_20X_1.TIF,Mucor,20,35.75,6.7467,24.0,0.7799,0.9137
White_20X_1.TIF,Mucor,20,19.25,4.9507,15.0,1.0751,1.1493
White_20X_1.TIF,Mucor,20,13.5,4.1459,12.0,1.1781,1.2414
White_20X_1.TIF,Mucor,20,51.0,8.0582,28.5,0.789,0.9927
White_20X_1.TIF,Mucor,20,127.5,12.7412,66.5,0.3623,0.6805
White_20X_1.TIF,Mucor,20,29.75,6.1546,27.5,0.4943,0.8041
White_20X_1.TIF,Mucor,20,13.75,4.1841,13.0,1.0224,1.1579
White_20X_1.TIF,Mucor,20,1185.25,38.8472,313.5,0.1515,0.4715
White_20X_1.TIF,Mucor,20,31.75,6.3581,23.0,0.7542,1.1043
White_20X_1.TIF,Mucor,20,14.5,4.2967,15.0,0.8098,1.1262
White_20X_1.TIF,Mucor,20,128.0,12.7662,54.0,0.5516,0.8318
White_20X_1.TIF,Mucor,20,20.0,5.0463,17.5,0.8207,1.1429
White_20X_1.TIF,Mucor,20,42.75,7.3777,23.5,0.9728,1.0823
White_20X_1.TIF,Mucor,20,40.0,7.1365,21.5,1.0874,1.1034
White_20X_1.TIF,Mucor,20,20.5,5.109,24.0,0.4472,0.713
White_20X_1.TIF,Mucor,20,401.0,22.5958,192.0,0.1367,0.3334
White_20X_1.TIF,Mucor,20,25.0,5.6419,23.5,0.5689,0.8696
White_20X_1.TIF,Mucor,20,75.5,9.8046,42.5,0.5253,0.8011
White_20X_1.TIF,Mucor,20,20.0,5.0463,18.5,0.7343,1.1189
White_20X_1.TIF,Mucor,20,49.5,7.9389,30.0,0.6912,0.9318
White_20X_1.TIF,Mucor,20,25.25,5.67,18.5,0.9271,1.116
White_20X_1.TIF,Mucor,20,73.0,9.6409,46.5,0.4243,0.7924
White_20X_1.TIF,Mucor,20,45.25,7.5904,27.5,0.7519,0.9602
White_20X_1.TIF,Mucor,20,340.25,20.8139,170.0,0.1479,0.435
White_20X_1.TIF,Mucor,20,47.0,7.7358,28.5,0.7271,0.9716
White_20X_1.TIF,Mucor,20,24.0,5.5279,18.0,0.9308,1.0787
White_20X_1.TIF,Mucor,20,46.5,7.6945,24.5,0.9735,1.0877
White_20X_1.TIF,Mucor,20,29915.25,195.1647,4731.0,0.0168,0.3295
White_20X_1.TIF,Mucor,20,84.5,10.3725,49.5,0.4334,0.8601
White_20X_1.TIF,Mucor,20,13.5,4.1459,12.5,1.0857,1.1613
White_20X_1.TIF,Mucor,20,49.75,7.9589,30.5,0.6721,0.9409
White_20X_1.TIF,Mucor,20,14.75,4.3336,14.0,0.9457,1.2421
White_20X_1.TIF,Mucor,20,190.0,15.5536,107.5,0.2066,0.4163
White_20X_1.TIF,Mucor,20,14.25,4.2595,14.5,0.8517,1.0962
White_20X_1.TIF,Mucor,20,36.75,6.8404,25.0,0.7389,0.9577
White_20X_1.TIF,Mucor,20,17.0,4.6524,14.5,1.0161,1.2252
White_20X_1.TIF,Mucor,20,32.75,6.4574,31.5,0.4148,0.7774
White_20X_1.TIF,Mucor,20,53.5,8.2534,28.0,0.8575,1.0142
White_20X_1.TIF,Mucor,20,64.5,9.0622,52.0,0.2998,0.6926
White_20X_1.TIF,Mucor,20,47.5,7.7768,30.0,0.6632,0.9337
White_20X_1.TIF,Mucor,20,28.25,5.9974,19.5,0.9336,1.1357
White_20X_1.TIF,Mucor,20,103.0,11.4518,46.5,0.5986,0.8729
White_20X_1.TIF,Mucor,20,19.0,4.9185,18.5,0.6976,1.1429
White_20X_1.TIF,Mucor,20,206.75,16.2247,72.0,0.5012,0.7839
White_20X_1.TIF,Mucor,20,55.0,8.3683,34.0,0.5979,0.991
White_20X_1.TIF,Mucor,20,138.5,13.2794,78.0,0.2861,0.635
White_20X_1.TIF,Mucor,20,56.0,8.444,29.5,0.8086,1.0045
White_20X_1.TIF,Mucor,20,38.75,7.0241,22.5,0.9619,1.0764
White_20X_1.TIF,Mucor,20,79.5,10.0609,44.5,0.5045,0.769
White_20X_1.TIF,Mucor,20,199.75,15.9477,76.5,0.4289,0.734
White_20X_1.TIF,Mucor,20,22.5,5.3524,14.5,1.3448,1.1465
White_20X_1.TIF,Mucor,20,38.25,6.9786,25.5,0.7392,1.0373
White_20X_1.TIF,Mucor,20,26.75,5.836,24.5,0.56,0.8458
White_20X_1.TIF,Mucor,20,86.5,10.4945,40.5,0.6627,0.8564
White_20X_1.TIF,Mucor,20,41.5,7.2691,31.0,0.5427,0.9121
White_20X_1.TIF,Mucor,20,18.0,4.7873,19.0,0.6266,0.9931
White_20X_1.TIF,Mucor,20,21.75,5.2624,18.5,0.7986,1.0235
White_20X_1.TIF,Mucor,20,35.75,6.7467,28.0,0.573,0.8827
White_20X_1.TIF,Mucor,20,38.25,6.9786,29.5,0.5523,0.8293
White_20X_1.TIF,Mucor,20,106.25,11.6311,42.5,0.7392,0.9159
White_20X_1.TIF,Mucor,20,55.25,8.3873,30.0,0.7714,0.9305
White_20X_1.TIF,Mucor,20,169.5,14.6906,60.5,0.5819,0.7753
White_20X_1.TIF,Mucor,20,19.75,5.0146,14.5,1.1804,1.197
White_20X_1.TIF,Mucor,20,17.0,4.6524,19.0,0.5918,0.85
White_20X_1.TIF,Mucor,20,52.75,8.1953,27.5,0.8765,0.9837
White_20X_1.TIF,Mucor,20,27.25,5.8903,20.5,0.8148,0.9356
White_20X_1.TIF,Mucor,20,14.5,4.2967,13.5,0.9998,1.1485
White_20X_1.TIF,Mucor,20,45.0,7.5694,39.5,0.3624,0.6534
White_20X_1.TIF,Mucor,20,38.5,7.0014,23.0,0.9146,0.9747
White_20X_1.TIF,Mucor,20,45.75,7.6322,24.5,0.9578,1.0765
White_20X_1.TIF,Mucor,20,21.25,5.2016,17.0,0.924,1.0828
White_20X_1.TIF,Mucor,20,19.5,4.9828,18.5,0.716,1.0331
White_20X_1.TIF,Mucor,20,55.0,8.3683,35.5,0.5484,0.8381
White_20X_1.TIF,Mucor,20,21.0,5.1709,17.5,0.8617,1.05
White_20X_1.TIF,Mucor,20,40.75,7.2031,26.0,0.7575,1.0062
White_20X_1.TIF,Mucor,20,12.75,4.0291,12.0,1.1126,1.2143
White_20X_1.TIF,Mucor,20,33.75,6.5553,25.0,0.6786,1.0037
White_20X_1.TIF,Mucor,20,79.75,10.0767,39.5,0.6423,0.8096
White_20X_1.TIF,Mucor,20,27.75,5.9441,21.0,0.7907,1.0622
White_20X_1.TIF,Mucor,20,12.75,4.0291,17.5,0.5232,0.9107
White_20X_1.TIF,Mucor,20,122.75,12.5016,43.0,0.8342,0.9742
White_20X_1.TIF,Mucor,20,20.25,5.0777,19.5,0.6692,0.9939
White_20X_1.TIF,Mucor,20,128.25,12.7786,62.0,0.4193,0.8028
White_20X_1.TIF,Mucor,20,500.5,25.2439,163.0,0.2367,0.6662
White_20X_1.TIF,Mucor,20,140.25,13.3631,54.0,0.6044,0.7963
White_20X_1.TIF,Mucor,20,16.25,4.5486,13.0,1.2083,1.1207
White_20X_1.TIF,Mucor,20,20.0,5.0463,15.0,1.117,1.1429
White_20X_1.TIF,Mucor,20,84.5,10.3725,50.5,0.4164,0.7138
White_20X_1.TIF,Mucor,20,45.5,7.6113,25.0,0.9148,1.0551
White_20X_1.TIF,Mucor,20,56.75,8.5004,33.5,0.6355,0.8664
White_20X_1.TIF,Mucor,20,47.5,7.7768,25.0,0.955,1.0526
White_20X_1.TIF,Mucor,20,74.25,9.7231,39.5,0.598,0.8826
White_20X_1.TIF,Mucor,20,75.5,9.8046,32.0,0.9265,1.005
White_20X_1.TIF,Mucor,20,30.25,6.2061,24.5,0.6333,1.0041
White_20X_1.TIF,Mucor,20,35.0,6.6756,23.5,0.7964,1.037
White_20X_1.TIF,Mucor,20,161.25,14.3286,66.5,0.4582,0.7679
White_20X_1.TIF,Mucor,20,207.5,16.2541,71.0,0.5173,0.7721
White_20X_1.TIF,Mucor,20,15.75,4.4781,13.5,1.086,1.2233
White_20X_1.TIF,Mucor,20,33.5,6.531,20.5,1.0017,1.072
White_20X_1.TIF,Mucor,20,161.25,14.3286,57.5,0.6129,0.8037
White_20X_1.TIF,Mucor,20,25.75,5.7259,23.5,0.5859,0.9904
White_20X_1.TIF,Mucor,20,27.25,5.8903,20.0,0.8561,1.1474
White_20X_1.TIF,Mucor,20,120.0,12.3608,73.0,0.283,0.5292
White_20X_1.TIF,Mucor,20,110.0,11.8345,51.5,0.5212,0.8627
White_20X_1.TIF,Mucor,20,20.25,5.0777,16.5,0.9347,1.1408
White_20X_1.TIF,Mucor,20,14.0,4.222,17.5,0.5745,0.9655
White_20X_1.TIF,Mucor,20,18.0,4.7873,14.5,1.0758,1.2414
White_20X_1.TIF,Mucor,20,18.5,4.8533,16.5,0.8539,1.0725
White_20X_1.TIF,Mucor,20,16.5,4.5835,14.5,0.9862,1.1681
White_20X_1.TIF,Mucor,20,86.5,10.4945,56.0,0.3466,0.6473
White_20X_1.TIF,Mucor,20,14.75,4.3336,14.5,0.8816,1.18
White_20X_1.TIF,Mucor,20,14.0,4.222,13.5,0.9653,1.1915
White_20X_1.TIF,Mucor,20,57.0,8.5191,35.0,0.5847,0.7808
White_20X_1.TIF,Mucor,20,21.5,5.2321,23.0,0.5107,0.8113
White_20X_1.TIF,Mucor,20,21.5,5.2321,17.0,0.9349,1.1544
White_20X_1.TIF,Mucor,20,16.25,4.5486,16.5,0.7501,1.3131
White_20X_1.TIF,Mucor,20,18.5,4.8533,15.0,1.0332,1.0963
White_20X_1.TIF,Mucor,20,15.25,4.4065,17.0,0.6631,0.9606
White_20X_1.TIF,Mucor,20,27.0,5.8632,17.5,1.1079,1.1192
White_20X_1.TIF,Mucor,20,15.25,4.4065,16.5,0.7039,0.9919
White_20X_1.TIF,Mucor,20,356.0,21.2902,96.5,0.4804,0.7206
White_20X_1.TIF,Mucor,20,20.75,5.14,18.0,0.8048,1.1608
White_20X_1.TIF,Mucor,20,24.0,5.5279,16.5,1.1078,1.1852
White_20X_1.TIF,Mucor,20,260.0,18.1946,115.0,0.2471,0.529
White_20X_1.TIF,Mucor,20,67.0,9.2362,34.5,0.7074,0.8845
White_20X_1.TIF,Mucor,20,23.5,5.47,17.0,1.0218,1.175
White_20X_1.TIF,Mucor,20,39.75,7.1142,21.0,1.1327,1.078
White_20X_1.TIF,Mucor,20,114.0,12.0478,67.0,0.3191,0.6862
White_20X_1.TIF,Mucor,20,20.5,5.109,16.0,1.0063,1.2148
White_20X_1.TIF,Mucor,20,51.5,8.0976,40.5,0.3946,0.6855
White_20X_1.TIF,Mucor,20,17.0,4.6524,15.0,0.9495,1.2593
White_20X_1.TIF,Mucor,20,29.25,6.1026,21.0,0.8335,1.0446
White_20X_1.TIF,Mucor,20,44.0,7.4848,38.0,0.3829,0.6354
White_20X_1.TIF,Mucor,20,289.25,19.1907,102.0,0.3494,0.704
White_20X_1.TIF,Mucor,20,27.5,5.9173,20.0,0.8639,1.0476
White_20X_1.TIF,Mucor,20,21.5,5.2321,16.0,1.0554,1.1781
White_20X_1.TIF,Mucor,20,20.5,5.109,22.0,0.5323,1.1007
White_20X_1.TIF,Mucor,20,18.75,4.886,14.0,1.2021,1.1278
White_20X_1.TIF,Mucor,20,82.5,10.249,41.5,0.602,0.8955
White_20X_1.TIF,Mucor,20,23.75,5.499,18.0,0.9211,0.9794
White_20X_1.TIF,Mucor,20,16.75,4.6181,16.5,0.7731,1.1754
White_20X_1.TIF,Mucor,20,21.75,5.2624,17.0,0.9457,1.16
White_20X_1.TIF,Mucor,20,38.5,7.0014,23.5,0.8761,1.1119
White_20X_1.TIF,Mucor,20,21.25,5.2016,17.5,0.872,1.0559
White_20X_1.TIF,Mucor,20,13.5,4.1459,15.5,0.7061,1.125
White_20X_1.TIF,Mucor,20,24.75,5.6136,25.0,0.4976,1.0102
White_20X_1.TIF,Mucor,20,113.5,12.0213,48.0,0.619,0.8292
White_20X_1.TIF,Mucor,20,79.25,10.0451,48.0,0.4322,0.8638
White_20X_1.TIF,Mucor,20,12.5,3.9894,12.5,1.0053,1.2195
White_20X_1.TIF,Mucor,20,13.5,4.1459,13.5,0.9308,1.102
White_20X_1.TIF,Mucor,20,375.25,21.8583,109.0,0.3969,0.6742
White_20X_1.TIF,Mucor,20,14.25,4.2595,13.0,1.0596,1.2809
White_20X_1.TIF,Mucor,20,14.25,4.2595,14.5,0.8517,1.1176
White_20X_1.TIF,Mucor,20,77.75,9.9496,63.5,0.2423,0.5404
White_20X_1.TIF,Mucor,20,50.0,7.9788,39.5,0.4027,0.9852
White_20X_1.TIF,Mucor,20,39.75,7.1142,38.5,0.337,0.9326
White_20X_1.TIF,Mucor,20,15.0,4.3702,15.5,0.7846,1.2121
White_20X_1.TIF,Mucor,20,32.25,6.408,33.5,0.3611,0.6418
White_20X_1.TIF,Mucor,20,28.0,5.9708,26.0,0.5205,0.7492
White_20X_1.TIF,Mucor,20,29.5,6.1287,27.0,0.5085,0.8027
White_20X_1.TIF,Mucor,20,26.75,5.836,22.5,0.664,1.1323
White_20X_1.TIF,Mucor,20,25.0,5.6419,17.0,1.0871,1.1429
White_20X_1.TIF,Mucor,20,15.25,4.4065,14.5,0.9115,1.2449
White_20X_1.TIF,Mucor,20,41.5,7.2691,28.0,0.6652,0.8997
White_20X_1.TIF,Mucor,20,73.5,9.6738,51.0,0.3551,0.6682
White_20X_1.TIF,Mucor,20,143.75,13.5288,81.5,0.272,0.5354
White_20X_1.TIF,Mucor,20,47.0,7.7358,40.0,0.3691,0.6144
White_20X_1.TIF,Mucor,20,36.5,6.8171,30.0,0.5096,0.8464
White_20X_1.TIF,Mucor,20,23.0,5.4115,20.5,0.6877,0.9064
White_20X_1.TIF,Mucor,20,35.5,6.7231,27.0,0.6119,0.9251
White_20X_1.TIF,Mucor,20,26.0,5.7536,16.5,1.2001,1.1556
White_20X_1.TIF,Mucor,20,16.75,4.6181,16.0,0.8222,1.0388
White_20X_1.TIF,Mucor,20,279.5,18.8645,114.0,0.2703,0.6133
White_20X_1.TIF,Mucor,20,30.0,6.1804,20.5,0.8971,1.086
White_20X_1.TIF,Mucor,20,16.5,4.5835,15.0,0.9215,1.1186
White_20X_1.TIF,Mucor,20,14.5,4.2967,12.5,1.1662,1.2889
White_20X_1.TIF,Mucor,20,32.75,6.4574,22.5,0.8129,1.0694
White_20X_1.TIF,Mucor,20,58.5,8.6304,27.5,0.9721,1.0909
White_20X_1.TIF,Mucor,20,77.0,9.9015,37.0,0.7068,0.8762
White_20X_1.TIF,Mucor,20,62.25,8.9028,43.5,0.4134,0.7981
White_20X_1.TIF,Mucor,20,61.75,8.8669,45.5,0.3748,0.9537
White_20X_1.TIF,Mucor,20,19.75,5.0146,23.0,0.4692,1.026
White_20X_1.TIF,Mucor,20,91.0,10.7641,48.0,0.4963,0.7811
White_20X_1.TIF,Mucor,20,250.0,17.8412,150.0,0.1396,0.4986
White_20X_1.TIF,Mucor,20,546.0,26.3664,123.5,0.4499,0.7785
White_20X_1.TIF,Mucor,20,29.0,6.0765,23.0,0.6889,0.8889
White_20X_1.TIF,Mucor,20,18.0,4.7873,16.5,0.8308,1.0286
White_20X_1.TIF,Mucor,20,29.0,6.0765,21.0,0.8264,1.0943
White_20X_1.TIF,Mucor,20,31.5,6.333,27.5,0.5234,0.9438
White_20X_1.TIF,Mucor,20,25.75,5.7259,24.5,0.5391,0.7437
White_20X_1.TIF,Mucor,20,33.25,6.5066,21.0,0.9475,1.0431
White_20X_1.TIF,Mucor,20,38.75,7.0241,23.5,0.8818,1.0333
White_20X_1.TIF,Mucor,20,14.0,4.222,12.0,1.2217,1.2727
White_20X_1.TIF,Mucor,20,47.0,7.7358,44.5,0.2983,0.7505
White_20X_1.TIF,Mucor,20,174.0,14.8843,59.0,0.6281,0.8733
White_20X_1.TIF,Mucor,20,104.75,11.5487,39.5,0.8437,0.9744
White_20X_1.TIF,Mucor,20,17.25,4.6865,16.0,0.8468,1.122
White_20X_1.TIF,Mucor,20,38.5,7.0014,24.0,0.8399,1.0512
White_20X_1.TIF,Mucor,20,13.75,4.1841,12.0,1.1999,1.1957
White_20X_1.TIF,Mucor,20,44.5,7.5272,29.5,0.6426,0.8416
White_20X_1.TIF,Mucor,20,34.5,6.6277,21.0,0.9831,1.0222
White_20X_1.TIF,Mucor,20,13.5,4.1459,11.0,1.402,1.2558
White_20X_1.TIF,Mucor,20,51.25,8.078,28.5,0.7929,0.9927
White_20X_1.TIF,Mucor,20,16.75,4.6181,19.5,0.5535,1.3814
White_20X_1.TIF,Mucor,20,351.25,21.1477,109.5,0.3681,0.7231
White_20X_1.TIF,Mucor,20,26.0,5.7536,16.5,1.2001,1.1492
White_20X_1.TIF,Mucor,20,38.75,7.0241,23.0,0.9205,1.0403
White_20X_1.TIF,Mucor,20,29.75,6.1546,25.0,0.5982,0.8561
White_20X_1.TIF,Mucor,20,47.0,7.7358,30.5,0.6349,0.94
White_20X_1.TIF,Mucor,20,82.25,10.2335,35.5,0.8201,0.9792
White_20X_1.TIF,Mucor,20,20.75,5.14,15.5,1.0853,1.137
White_20X_1.TIF,Mucor,20,66.75,9.2189,36.0,0.6472,0.8841
White_20X_1.TIF,Mucor,20,14.0,4.222,12.5,1.1259,1.2727
White_20X_1.TIF,Mucor,20,21.25,5.2016,17.0,0.924,1.0897
White_20X_1.TIF,Mucor,20,38.0,6.9558,26.5,0.68,0.9184
White_20X_1.TIF,Mucor,20,231.25,17.1592,70.5,0.5847,0.8326
White_20X_1.TIF,Mucor,20,47.5,7.7768,28.0,0.7614,1.0298
White_20X_1.TIF,Mucor,20,16.5,4.5835,13.5,1.1377,1.2453
White_20X_1.TIF,Mucor,20,14.25,4.2595,13.0,1.0596,1.2128
White_20X_1.TIF,Mucor,20,29.25,6.1026,19.5,0.9666,1.1143
White_20X_1.TIF,Mucor,20,33.75,6.5553,23.5,0.768,1.0112
White_20X_1.TIF,Mucor,20,17.25,4.6865,15.5,0.9023,1.2661
White_20X_1.TIF,Mucor,20,28.75,6.0503,18.0,1.1151,1.0952
White_20X_1.TIF,Mucor,20,259.75,18.1858,102.5,0.3107,0.6009
White_20X_1.TIF,Mucor,20,33.75,6.5553,26.0,0.6274,0.931
White_20X_1.TIF,Mucor,20,27.25,5.8903,22.5,0.6764,0.9604
White_20X_1.TIF,Mucor,20,22.25,5.3226,20.5,0.6653,0.978
White_20X_1.TIF,Mucor,20,136.75,13.1953,56.0,0.548,0.7871
White_20X_1.TIF,Mucor,20,18.75,4.886,16.5,0.8655,1.2195
White_20X_1.TIF,Mucor,20,14.25,4.2595,12.5,1.1461,1.2391
White_20X_1.TIF,Mucor,20,14.25,4.2595,14.5,0.8517,1.2258
White_20X_1.TIF,Mucor,20,62.75,8.9384,36.0,0.6084,0.8176
White_20X_1.TIF,Mucor,20,37.25,6.8868,23.5,0.8476,0.9707
White_20X_1.TIF,Mucor,20,31.25,6.3078,20.5,0.9344,1.0246
White_20X_1.TIF,Mucor,20,323.75,20.303,127.0,0.2522,0.665
White_20X_1.TIF,Mucor,20,13.0,4.0684,14.5,0.777,1.0097
White_20X_1.TIF,Mucor,20,20.75,5.14,18.5,0.7619,1.0122
White_20X_1.TIF,Mucor,20,36.5,6.8171,23.5,0.8306,1.0355
White_20X_1.TIF,Mucor,20,30.75,6.2572,19.0,1.0704,1.1131
White_20X_1.TIF,Mucor,20,83.25,10.2955,36.0,0.8072,0.9123
White_20X_1.TIF,Mucor,20,49.0,7.8987,37.5,0.4379,0.7935
White_20X_1.TIF,Mucor,20,45.0,7.5694,31.5,0.5699,0.8491
White_20X_1.TIF,Mucor,20,27.75,5.9441,26.0,0.5159,0.9098
White_20X_1.TIF,Mucor,20,44.0,7.4848,32.0,0.54,0.8844
White_20X_1.TIF,Mucor,20,337.0,20.7143,136.5,0.2273,0.6425
White_20X_1.TIF,Mucor,20,58.75,8.6489,28.0,0.9417,1.0108
White_20X_1.TIF,Mucor,20,376.75,21.9019,97.0,0.5032,0.8314
White_20X_1.TIF,Mucor,20,14.25,4.2595,14.0,0.9136,1.2809
White_20X_1.TIF,Mucor,20,106.25,11.6311,53.0,0.4753,0.7137
White_20X_1.TIF,Mucor,20,18.0,4.7873,16.0,0.8836,1.0588
White_20X_1.TIF,Mucor,20,14.25,4.2595,12.5,1.1461,1.2391
White_20X_1.TIF,Mucor,20,121.5,12.4378,53.0,0.5435,0.7883
White_20X_1.TIF,Mucor,20,56.75,8.5004,27.0,0.9782,1.0583
White_20X_1.TIF,Mucor,20,17.75,4.7539,16.5,0.8193,1.1545
White_20X_1.TIF,Mucor,20,37.0,6.8637,22.5,0.9184,1.117
White_20X_1.TIF,Mucor,20,21.0,5.1709,15.5,1.0984,1.1586
White_20X_1.TIF,Mucor,20,39.25,7.0693,44.0,0.2548,0.9782
White_20X_1.TIF,Mucor,20,62.0,8.8849,30.0,0.8657,0.992
White_20X_1.TIF,Mucor,20,18.75,4.886,20.5,0.5607,0.8671
White_20X_1.TIF,Mucor,20,36.75,6.8404,26.5,0.6576,1.1053
White_20X_1.TIF,Mucor,20,27.0,5.8632,18.5,0.9914,1.1934
White_20X_1.TIF,Mucor,20,20.75,5.14,18.5,0.7619,1.1067
White_20X_1.TIF,Mucor,20,106.25,11.6311,43.5,0.7056,0.87
White_20X_1.TIF,Mucor,20,25.75,5.7259,18.5,0.9455,1.0049
White_20X_1.TIF,Mucor,20,34.0,6.5795,20.0,1.0681,1.0667
White_20X_1.TIF,Mucor,20,21.5,5.2321,20.0,0.6754,1.1544
White_20X_1.TIF,Mucor,20,890.25,33.6675,266.0,0.1581,0.5857
White_20X_1.TIF,Mucor,20,46.0,7.653,23.5,1.0467,1.0952
White_20X_1.TIF,Mucor,20,17.25,4.6865,13.0,1.2827,1.1695
White_20X_1.TIF,Mucor,20,15.5,4.4424,13.0,1.1525,1.2525
White_20X_1.TIF,Mucor,20,24.5,5.5852,19.0,0.8528,1.1395
White_20X_1.TIF,Mucor,20,17.75,4.7539,20.5,0.5308,1.0923
White_20X_1.TIF,Mucor,20,15.5,4.4424,13.5,1.0687,1.1923
White_20X_1.TIF,Mucor,20,15.5,4.4424,14.5,0.9264,1.2039
White_20X_1.TIF,Mucor,20,25.75,5.7259,22.0,0.6686,1.0352
White_20X_1.TIF,Mucor,20,18.25,4.8204,13.5,1.2584,1.187
White_20X_1.TIF,Mucor,20,105.0,11.5624,49.0,0.5495,0.8147
White_20X_1.TIF,Mucor,20,197.0,15.8376,53.5,0.8649,0.9722
White_20X_1.TIF,Mucor,20,144.5,13.564,80.0,0.2837,0.5372
White_20X_1.TIF,Mucor,20,24.5,5.5852,21.5,0.666,1.0481
White_20X_1.TIF,Mucor,20,91.75,10.8083,41.5,0.6695,1.0471
White_20X_1.TIF,Mucor,20,252.5,17.9302,112.0,0.253,0.5668
White_20X_1.TIF,Mucor,20,54.75,8.3492,30.0,0.7645,0.9799
White_20X_1.TIF,Mucor,20,20.5,5.109,18.0,0.7951,1.0
White_20X_1.TIF,Mucor,20,24.5,5.5852,20.5,0.7326,1.0316
White_20X_1.TIF,Mucor,20,15.5,4.4424,14.5,0.9264,1.2157
White_20X_1.TIF,Mucor,20,17.25,4.6865,17.0,0.7501,0.9857
White_20X_1.TIF,Mucor,20,17.5,4.7203,14.0,1.122,1.1667
White_20X_1.TIF,Mucor,20,18.25,4.8204,15.5,0.9546,1.1774
White_20X_1.TIF,Mucor,20,153.5,13.9801,76.0,0.334,0.649
White_20X_1.TIF,Mucor,20,41.5,7.2691,29.0,0.6201,0.8668
White_20X_1.TIF,Mucor,20,65.0,9.0973,36.5,0.6131,0.805
White_20X_1.TIF,Mucor,20,73.25,9.6574,52.5,0.334,0.6181
White_20X_1.TIF,Mucor,20,42.5,7.3561,27.5,0.7062,0.9827
White_20X_1.TIF,Mucor,20,59.5,8.7039,35.0,0.6104,0.8931
White_20X_1.TIF,Mucor,20,24.75,5.6136,19.0,0.8615,1.082
White_20X_1.TIF,Mucor,20,83.0,10.28,42.0,0.5913,0.8228
White_20X_1.TIF,Mucor,20,23.25,5.4408,16.5,1.0732,1.1698
White_20X_1.TIF,Mucor,20,54.5,8.3302,29.5,0.787,1.0023
White_20X_1.TIF,Mucor,20,45.25,7.5904,25.5,0.8745,1.0028
White_20X_1.TIF,Mucor,20,896.5,33.7855,238.0,0.1989,0.6101
White_20X_1.TIF,Mucor,20,601.0,27.6626,188.5,0.2126,0.55
White_20X_1.TIF,Mucor,20,2512.0,56.5542,405.0,0.1925,0.6647
White_20X_1.TIF,Mucor,20,26.5,5.8087,16.0,1.3008,1.1099
White_20X_1.TIF,Mucor,20,511.5,25.5198,131.5,0.3717,0.6226
White_20X_1.TIF,Mucor,20,32.25,6.408,26.0,0.5995,1.0361
White_20X_1.TIF,Mucor,20,32.5,6.4328,20.0,1.021,1.0788
White_20X_1.TIF,Mucor,20,56.25,8.4628,33.5,0.6299,0.8475
White_20X_1.TIF,Mucor,20,53.75,8.2726,29.0,0.8031,0.9773
White_20X_1.TIF,Mucor,20,39.75,7.1142,26.0,0.7389,1.0325
White_20X_1.TIF,Mucor,20,31.0,6.2825,19.5,1.0245,1.0973
White_20X_1.TIF,Mucor,20,23.25,5.4408,17.5,0.954,1.0751
White_20X_1.TIF,Mucor,20,151.25,13.8772,45.0,0.9386,0.9596
White_20X_1.TIF,Mucor,20,24.0,5.5279,18.0,0.9308,1.0787
White_20X_1.TIF,Mucor,20,15.75,4.4781,16.0,0.7731,1.008
White_20X_1.TIF,Mucor,20,71.0,9.5079,48.0,0.3872,0.596
White_20X_1.TIF,Mucor,20,139.75,13.3392,49.5,0.7167,1.009
White_20X_1.TIF,Mucor,20,179.75,15.1283,85.5,0.309,0.6713
White_20X_1.TIF,Mucor,20,101.0,11.3401,42.0,0.7195,0.9099
White_20X_1.TIF,Mucor,20,28.5,6.0239,20.0,0.8954,1.1014
White_20X_1.TIF,Mucor,20,13.25,4.1074,12.5,1.0656,1.3418
White_20X_1.TIF,Mucor,20,25.5,5.698,21.5,0.6932,1.0099
White_20X_1.TIF,Mucor,20,27.0,5.8632,28.0,0.4328,1.0693
White_40X_1.TIF,Mucor,40,40332.875,226.6129,8847.0,0.0065,0.3998
White_40X_1.TIF,Mucor,40,10.1875,3.6015,12.5,0.8193,1.0724
White_40X_1.TIF,Mucor,40,7.1875,3.0251,10.75,0.7816,1.0314
White_40X_1.TIF,Mucor,40,3.875,2.2212,8.0,0.7609,1.1171
White_40X_1.TIF,Mucor,40,448.875,23.9066,168.5,0.1987,0.6234
White_40X_1.TIF,Mucor,40,1129.8125,37.9279,443.25,0.0723,0.429
White_40X_1.TIF,Mucor,40,30.25,6.2061,31.75,0.3771,0.8521
White_40X_1.TIF,Mucor,40,242.5625,17.5738,155.25,0.1265,0.5331
White_40X_1.TIF,Mucor,40,9.6875,3.5121,14.0,0.6211,1.1698
White_40X_1.TIF,Mucor,40,76.1875,9.8491,73.0,0.1797,0.4119
White_40X_1.TIF,Mucor,40,32.3125,6.4142,22.5,0.8021,0.8983
White_40X_1.TIF,Mucor,40,3.8125,2.2032,8.75,0.6258,0.8592
White_40X_1.TIF,Mucor,40,31.875,6.3706,40.75,0.2412,0.5601
White_40X_1.TIF,Mucor,40,15.5,4.4424,21.5,0.4214,0.9557
White_40X_1.TIF,Mucor,40,8.6875,3.3258,11.0,0.9022,1.1347
White_40X_1.TIF,Mucor,40,5.6875,2.691,10.25,0.6803,1.0581
White_40X_1.TIF,Mucor,40,4.1875,2.309,10.0,0.5262,0.8993
White_40X_1.TIF,Mucor,40,233.625,17.247,132.75,0.1666,0.6044
White_40X_1.TIF,Mucor,40,4.25,2.3262,12.0,0.3709,1.0382
White_40X_1.TIF,Mucor,40,37.9375,6.9501,42.0,0.2703,0.6343
White_40X_1.TIF,Mucor,40,37.9375,6.9501,34.25,0.4064,0.6794
White_40X_1.TIF,Mucor,40,10.4375,3.6455,12.5,0.8394,1.0373
White_40X_1.TIF,Mucor,40,3.9375,2.2391,6.25,1.2667,1.2233
White_40X_1.TIF,Mucor,40,62.9375,8.9518,60.0,0.2197,0.4453
White_40X_1.TIF,Mucor,40,39.625,7.103,33.25,0.4504,0.9303
White_40X_1.TIF,Mucor,40,5.8125,2.7204,8.5,1.011,1.1205
White_40X_1.TIF,Mucor,40,12.5625,3.9994,12.25,1.052,1.0691
White_40X_1.TIF,Mucor,40,458.5625,24.1632,180.75,0.1764,0.5853
White_40X_1.TIF,Mucor,40,7.875,3.1665,10.5,0.8976,1.156
White_40X_1.TIF,Mucor,40,4.375,2.3602,9.75,0.5783,0.8974
White_40X_1.TIF,Mucor,40,12.9375,4.0586,15.0,0.7226,0.9
White_40X_1.TIF,Mucor,40,24.125,5.5423,19.5,0.7973,0.9735
White_40X_1.TIF,Mucor,40,43.875,7.4742,47.75,0.2418,0.5126
White_40X_1.TIF,Mucor,40,8.5,3.2898,9.5,1.1835,1.1333
White_40X_1.TIF,Mucor,40,93.6875,10.9218,66.5,0.2662,0.5553
White_40X_1.TIF,Mucor,40,3.75,2.1851,7.0,0.9617,1.1321
White_40X_1.TIF,Mucor,40,12.125,3.9291,14.5,0.7247,0.9604
White_40X_1.TIF,Mucor,40,53.625,8.263,47.75,0.2955,0.8011
White_40X_1.TIF,Mucor,40,36.5,6.8171,30.0,0.5096,0.8196
White_40X_1.TIF,Mucor,40,22.6875,5.3746,26.0,0.4217,0.903
White_40X_1.TIF,Mucor,40,8.8125,3.3497,12.75,0.6812,1.0144
White_40X_1.TIF,Mucor,40,15.6875,4.4692,17.75,0.6257,1.008
White_40X_1.TIF,Mucor,40,5.4375,2.6312,10.25,0.6504,1.0
White_40X_1.TIF,Mucor,40,13.25,4.1074,18.0,0.5139,1.0316
White_40X_1.TIF,Mucor,40,59.4375,8.6993,50.5,0.2929,0.6306
White_40X_1.TIF,Mucor,40,9.25,3.4318,11.0,0.9607,1.0803
White_40X_1.TIF,Mucor,40,4.875,2.4914,9.5,0.6788,1.0
White_40X_1.TIF,Mucor,40,7.125,3.0119,11.0,0.74,0.987
White_40X_1.TIF,Mucor,40,4.6875,2.443,7.5,1.0472,1.1628
White_40X_1.TIF,Mucor,40,3.6875,2.1668,9.0,0.5721,1.0085
White_40X_1.TIF,Mucor,40,31.6875,6.3518,37.0,0.2909,0.6463
White_40X_1.TIF,Mucor,40,5.875,2.735,11.0,0.6101,0.8393
White_40X_1.TIF,Mucor,40,10.625,3.6781,15.5,0.5557,0.8718
White_40X_1.TIF,Mucor,40,14.0,4.222,18.5,0.514,0.7606
White_40X_1.TIF,Mucor,40,14.8125,4.3428,14.5,0.8853,1.0418
White_40X_1.TIF,Mucor,40,18.0,4.7873,19.5,0.5949,0.8821
White_40X_1.TIF,Mucor,40,1017.9375,36.0011,454.0,0.0621,0.4634
White_40X_1.TIF,Mucor,40,25.75,5.7259,24.0,0.5618,0.8601
White_40X_1.TIF,Mucor,40,52.25,8.1564,34.75,0.5437,0.8492
White_40X_1.TIF,Mucor,40,48.625,7.8684,53.0,0.2175,0.4578
White_40X_1.TIF,Mucor,40,3.9375,2.2391,7.5,0.8796,1.0769
White_40X_1.TIF,Mucor,40,3.8125,2.2032,8.5,0.6631,0.9457
White_40X_1.TIF,Mucor,40,10.3125,3.6236,13.5,0.7111,0.9041
White_40X_1.TIF,Mucor,40,31.25,6.3078,31.75,0.3896,0.6042
White_40X_1.TIF,Mucor,40,7.6875,3.1286,10.75,0.8359,1.1131
White_40X_1.TIF,Mucor,40,3.6875,2.1668,6.75,1.017,1.3111
White_40X_1.TIF,Mucor,40,32.375,6.4204,34.25,0.3468,0.727
White_40X_1.TIF,Mucor,40,7.0,2.9854,10.5,0.7979,1.0045
White_40X_1.TIF,Mucor,40,8.1875,3.2287,11.75,0.7452,0.9776
White_40X_1.TIF,Mucor,40,16.8125,4.6267,23.5,0.3826,0.7631
White_40X_1.TIF,Mucor,40,45.0625,7.5747,37.5,0.4027,0.6713
White_40X_1.TIF,Mucor,40,62.0625,8.8893,39.75,0.4936,0.7737
White_40X_1.TIF,Mucor,40,3.5,2.111,6.75,0.9653,1.2174
White_40X_1.TIF,Mucor,40,22.8125,5.3894,24.75,0.468,0.7441
White_40X_1.TIF,Mucor,40,4.9375,2.5073,9.5,0.6875,1.0
White_40X_1.TIF,Mucor,40,9.0,3.3851,14.5,0.5379,1.0746
White_40X_1.TIF,Mucor,40,7.75,3.1413,9.25,1.1382,1.1222
White_40X_1.TIF,Mucor,40,4.3125,2.3433,8.25,0.7962,1.0615
White_40X_1.TIF,Mucor,40,3.4375,2.0921,6.0,1.1999,1.2791
White_40X_1.TIF,Mucor,40,85.375,10.4261,47.5,0.4755,0.7497
White_40X_1.TIF,Mucor,40,11.5,3.8265,15.5,0.6015,0.8479
White_40X_1.TIF,Mucor,40,8.1875,3.2287,10.25,0.9793,1.1245
White_40X_1.TIF,Mucor,40,4.5625,2.4102,7.75,0.9546,1.0896
White_40X_1.TIF,Mucor,40,3.75,2.1851,7.75,0.7846,1.1765
White_40X_1.TIF,Mucor,40,3.25,2.0342,7.5,0.7261,1.1685
White_40X_1.TIF,Mucor,40,76.625,9.8773,65.75,0.2227,0.6591
White_40X_1.TIF,Mucor,40,7.5,3.0902,9.75,0.9914,1.0959
White_40X_1.TIF,Mucor,40,5.875,2.735,11.25,0.5833,0.8868
White_40X_1.TIF,Mucor,40,3.3125,2.0537,6.5,0.9852,1.2045
White_40X_1.TIF,Mucor,40,43.875,7.4742,52.0,0.2039,0.5135
White_40X_1.TIF,Mucor,40,32.6875,6.4513,30.0,0.4564,0.9535
White_40X_1.TIF,Mucor,40,10.375,3.6345,15.25,0.5606,1.0
White_40X_1.TIF,Mucor,40,20.6875,5.1323,30.5,0.2795,0.5975
White_40X_1.TIF,Mucor,40,7.6875,3.1286,9.75,1.0162,1.1031
White_40X_1.TIF,Mucor,40,4.9375,2.5073,9.25,0.7252,1.026
White_40X_1.TIF,Mucor,40,4.875,2.4914,10.25,0.5831,1.2283
White_40X_1.TIF,Mucor,40,30.3125,6.2125,29.75,0.4304,0.7143
White_40X_1.TIF,Mucor,40,8.25,3.241,10.5,0.9403,1.1528
White_40X_1.TIF,Mucor,40,139.1875,13.3124,89.25,0.2196,0.5659
White_40X_1.TIF,Mucor,40,46.625,7.7049,43.25,0.3132,0.6524
White_40X_1.TIF,Mucor,40,3.9375,2.2391,8.5,0.6848,1.2857
White_40X_1.TIF,Mucor,40,15.5,4.4424,18.75,0.554,0.7811
White_40X_1.TIF,Mucor,40,15.625,4.4603,23.5,0.3555,0.7764
White_40X_1.TIF,Mucor,40,34.75,6.6517,25.5,0.6716,0.8587
White_40X_1.TIF,Mucor,40,25.875,5.7398,26.75,0.4544,0.752
White_40X_1.TIF,Mucor,40,6.3125,2.835,9.25,0.9271,1.1285
White_40X_1.TIF,Mucor,40,409.25,22.827,199.75,0.1289,0.5562
White_40X_1.TIF,Mucor,40,3.75,2.1851,6.0,1.309,1.2371
White_40X_1.TIF,Mucor,40,3.1875,2.0146,6.25,1.0254,1.2289
White_40X_1.TIF,Mucor,40,160.125,14.2786,91.0,0.243,0.6025
White_40X_1.TIF,Mucor,40,3.25,2.0342,7.0,0.8335,1.2683
White_40X_1.TIF,Mucor,40,5.6875,2.691,11.0,0.5907,0.8922
White_40X_1.TIF,Mucor,40,69.5,9.4069,48.5,0.3713,0.7153
White_40X_1.TIF,Mucor,40,5.875,2.735,9.5,0.818,1.0273
White_40X_1.TIF,Mucor,40,6.25,2.8209,9.0,0.9696,1.1429
White_40X_1.TIF,Mucor,40,18.9375,4.9104,22.75,0.4598,0.7047
White_40X_1.TIF,Mucor,40,9.875,3.5459,14.0,0.6331,0.9294
White_40X_1.TIF,Mucor,40,8.625,3.3139,14.25,0.5338,0.7439
White_40X_1.TIF,Mucor,40,28.5,6.0239,34.75,0.2966,0.7261
White_40X_1.TIF,Mucor,40,3.75,2.1851,6.25,1.2064,1.2
White_40X_1.TIF,Mucor,40,8.4375,3.2776,10.75,0.9175,1.0266
White_40X_1.TIF,Mucor,40,6.4375,2.8629,9.5,0.8964,1.1444
White_40X_1.TIF,Mucor,40,4.375,2.3602,9.0,0.6787,1.0294
White_40X_1.TIF,Mucor,40,20.9375,5.1632,18.75,0.7484,0.9463
White_40X_1.TIF,Mucor,40,16.25,4.5486,18.0,0.6303,0.8889
White_40X_1.TIF,Mucor,40,41.5625,7.2745,40.0,0.3264,0.6093
White_40X_1.TIF,Mucor,40,76.4375,9.8653,52.0,0.3552,0.6659
White_40X_1.TIF,Mucor,40,12.5,3.9894,20.75,0.3648,0.713
White_40X_1.TIF,Mucor,40,93.6875,10.9218,86.75,0.1564,0.4431
White_40X_1.TIF,Mucor,40,7.625,3.1158,13.25,0.5458,0.8356
White_40X_1.TIF,Mucor,40,13.75,4.1841,16.5,0.6347,0.8661
White_40X_1.TIF,Mucor,40,4.625,2.4267,7.5,1.0332,1.1562
White_40X_1.TIF,Mucor,40,6.25,2.8209,9.0,0.9696,1.1429
White_40X_1.TIF,Mucor,40,3.1875,2.0146,6.25,1.0254,1.3247
White_40X_1.TIF,Mucor,40,6.4375,2.8629,7.75,1.3469,1.1444
White_40X_1.TIF,Mucor,40,42.125,7.3236,33.0,0.4861,0.8205
White_40X_1.TIF,Mucor,40,64.8125,9.0842,71.75,0.1582,0.3918
White_40X_1.TIF,Mucor,40,19.8125,5.0226,18.25,0.7475,0.893
White_40X_1.TIF,Mucor,40,9.6875,3.5121,11.0,1.0061,1.0954
White_40X_1.TIF,Mucor,40,3.8125,2.2032,6.75,1.0515,1.2979
White_40X_1.TIF,Mucor,40,82.0625,10.2218,44.5,0.5208,0.8026
White_40X_1.TIF,Mucor,40,3.4375,2.0921,7.0,0.8816,1.2088
White_40X_1.TIF,Mucor,40,10.875,3.7211,15.25,0.5876,0.782
White_40X_1.TIF,Mucor,40,6.1875,2.8068,11.5,0.5879,0.9659
White_40X_1.TIF,Mucor,40,103.3125,11.4692,103.25,0.1218,0.3595
White_40X_1.TIF,Mucor,40,23.375,5.4555,19.25,0.7927,1.0219
White_40X_1.TIF,Mucor,40,48.4375,7.8532,52.0,0.2251,0.4643
White_40X_1.TIF,Mucor,40,81.25,10.1711,74.25,0.1852,0.5223
White_40X_1.TIF,Mucor,40,5.875,2.735,11.5,0.5582,1.0682
White_40X_1.TIF,Mucor,40,11.9375,3.8986,13.0,0.8876,1.0079
White_40X_1.TIF,Mucor,40,17.9375,4.779,15.75,0.9087,0.9829
White_40X_1.TIF,Mucor,40,5.8125,2.7204,13.5,0.4008,0.9738
White_40X_1.TIF,Mucor,40,9.3125,3.4434,12.5,0.749,1.0311
White_40X_1.TIF,Mucor,40,27.125,5.8768,34.5,0.2864,0.6512
White_40X_1.TIF,Mucor,40,202.6875,16.0645,115.25,0.1918,0.6139
White_40X_1.TIF,Mucor,40,8.9375,3.3734,13.5,0.6163,0.9108
White_40X_1.TIF,Mucor,40,3.125,1.9947,5.75,1.1877,1.2987
White_40X_1.TIF,Mucor,40,5.5625,2.6613,9.75,0.7353,1.1266
White_40X_1.TIF,Mucor,40,4.0625,2.2743,7.25,0.9712,1.1017
White_40X_1.TIF,Mucor,40,19.9375,5.0384,21.25,0.5548,0.9369
White_40X_1.TIF,Mucor,40,9.625,3.5007,18.75,0.344,0.6111
White_40X_1.TIF,Mucor,40,4.9375,2.5073,9.0,0.766,1.2248
White_40X_1.TIF,Mucor,40,23.25,5.4408,18.5,0.8537,0.9725
White_40X_1.TIF,Mucor,40,20.3125,5.0855,24.5,0.4252,0.6982
White_40X_1.TIF,Mucor,40,23.125,5.4262,18.75,0.8266,0.9893
White_40X_1.TIF,Mucor,40,141.0,13.3988,63.5,0.4394,0.8076
White_40X_1.TIF,Mucor,40,20.875,5.1555,19.25,0.7079,0.8907
White_40X_1.TIF,Mucor,40,47.6875,7.7922,47.75,0.2628,0.6092
White_40X_1.TIF,Mucor,40,5.0,2.5231,8.0,0.9817,1.1852
White_40X_1.TIF,Mucor,40,62.1875,8.8983,56.75,0.2427,0.5475
White_40X_1.TIF,Mucor,40,3.5,2.111,9.0,0.543,1.1667
White_40X_1.TIF,Mucor,40,21.6875,5.2548,21.25,0.6035,0.8557
White_40X_1.TIF,Mucor,40,12.625,4.0093,22.25,0.3205,0.6159
White_40X_1.TIF,Mucor,40,451.4375,23.9747,287.0,0.0689,0.4174
White_40X_1.TIF,Mucor,40,6.0625,2.7783,10.75,0.6592,0.9065
White_40X_1.TIF,Mucor,40,9.0625,3.3969,15.0,0.5061,0.8215
White_40X_1.TIF,Mucor,40,9.0625,3.3969,11.75,0.8249,0.9635
White_40X_1.TIF,Mucor,40,16.0,4.5135,22.75,0.3885,0.6947
White_40X_1.TIF,Mucor,40,3.375,2.073,6.25,1.0857,1.1368
White_40X_1.TIF,Mucor,40,6.75,2.9316,9.75,0.8923,1.08
White_40X_1.TIF,Mucor,40,27.1875,5.8836,27.25,0.4601,0.7686
White_40X_1.TIF,Mucor,40,21.1875,5.1939,18.5,0.7779,0.9483
White_40X_1.TIF,Mucor,40,78.625,10.0054,54.25,0.3357,0.5962
White_40X_1.TIF,Mucor,40,27.375,5.9038,29.75,0.3887,0.7216
White_40X_1.TIF,Mucor,40,3.5625,2.1298,8.75,0.5847,1.1068
White_40X_1.TIF,Mucor,40,20.625,5.1245,26.75,0.3622,0.7475
White_40X_1.TIF,Mucor,40,24.4375,5.5781,39.5,0.1968,0.4461
White_40X_1.TIF,Mucor,40,13.5,4.1459,22.0,0.3505,0.6477
White_40X_1.TIF,Mucor,40,6.0625,2.7783,8.25,1.1193,1.1345
White_40X_1.TIF,Mucor,40,12.0,3.9088,11.5,1.1402,1.0637
White_40X_1.TIF,Mucor,40,4.3125,2.3433,10.25,0.5158,1.0698
White_40X_1.TIF,Mucor,40,28.1875,5.9908,21.5,0.7663,0.9465
White_40X_1.TIF,Mucor,40,18.6875,4.8779,20.25,0.5727,0.8899
White_40X_1.TIF,Mucor,40,108.0625,11.7299,90.25,0.1667,0.5632
White_40X_1.TIF,Mucor,40,100.5625,11.3155,89.5,0.1578,0.5405
White_40X_1.TIF,Mucor,40,15.75,4.4781,21.25,0.4383,0.8208
White_40X_1.TIF,Mucor,40,10.8125,3.7104,14.25,0.6691,0.9802
White_40X_1.TIF,Mucor,40,75.5625,9.8086,56.75,0.2948,0.6203
White_40X_1.TIF,Mucor,40,8.75,3.3378,13.5,0.6033,1.0182
White_40X_1.TIF,Mucor,40,15.625,4.4603,17.25,0.6599,0.9074
White_40X_1.TIF,Mucor,40,22.3125,5.33,30.5,0.3014,0.6711
White_40X_1.TIF,Mucor,40,75.75,9.8208,53.25,0.3357,0.6322
White_40X_1.TIF,Mucor,40,33.8125,6.5614,31.5,0.4282,0.7674
White_40X_1.TIF,Mucor,40,7.6875,3.1286,11.5,0.7305,0.9647
White_40X_1.TIF,Mucor,40,22.4375,5.3449,34.5,0.2369,0.4029
White_40X_1.TIF,Mucor,40,7.25,3.0383,10.5,0.8264,1.0892
White_40X_1.TIF,Mucor,40,15.75,4.4781,16.0,0.7731,0.9674
White_40X_1.TIF,Mucor,40,3.125,1.9947,6.25,1.0053,1.1905
White_40X_1.TIF,Mucor,40,17.5,4.7203,22.0,0.4544,0.7966
White_40X_1.TIF,Mucor,40,13.8125,4.1936,24.25,0.2952,0.5345
White_40X_1.TIF,Mucor,40,24.5625,5.5923,23.25,0.571,0.8062
White_40X_1.TIF,Mucor,40,29.625,6.1416,32.25,0.3579,0.7366
White_40X_1.TIF,Mucor,40,14.0625,4.2314,19.0,0.4895,0.7538
White_40X_1.TIF,Mucor,40,7.125,3.0119,12.75,0.5508,0.912
White_40X_1.TIF,Mucor,40,6.4375,2.8629,10.75,0.7,0.9671
White_40X_1.TIF,Mucor,40,9.0625,3.3969,10.25,1.084,1.1111
White_40X_1.TIF,Mucor,40,3.5,2.111,8.75,0.5745,1.3659
White_40X_1.TIF,Mucor,40,4.5625,2.4102,7.75,0.9546,1.1774
White_40X_1.TIF,Mucor,40,10.6875,3.6889,12.75,0.8262,1.0118
White_40X_1.TIF,Mucor,40,9.625,3.5007,11.5,0.9146,1.0098
White_40X_1.TIF,Mucor,40,11.4375,3.8161,13.75,0.7602,1.031
White_40X_1.TIF,Mucor,40,4.5625,2.4102,7.25,1.0908,1.1496
White_40X_1.TIF,Mucor,40,73.3125,9.6615,51.75,0.344,0.6571
White_40X_1.TIF,Mucor,40,68.6875,9.3518,50.25,0.3418,0.6176
White_40X_1.TIF,Mucor,40,50.9375,8.0533,38.0,0.4433,0.7222
White_40X_1.TIF,Mucor,40,9.125,3.4086,11.75,0.8306,1.0696
White_40X_1.TIF,Mucor,40,7.0625,2.9987,12.25,0.5914,0.904
White_40X_1.TIF,Mucor,40,109.3125,11.7975,62.75,0.3489,0.6952
White_40X_1.TIF,Mucor,40,4.0,2.2568,8.0,0.7854,1.2673
White_40X_1.TIF,Mucor,40,14.375,4.2782,18.0,0.5575,0.844
White_40X_1.TIF,Mucor,40,4.6875,2.443,7.75,0.9807,1.1364
White_40X_1.TIF,Mucor,40,5.3125,2.6008,8.5,0.924,1.1565
White_40X_1.TIF,Mucor,40,118.0625,12.2606,95.5,0.1627,0.58
White_40X_1.TIF,Mucor,40,14.9375,4.3611,21.0,0.4256,0.7092
White_40X_1.TIF,Mucor,40,12.1875,3.9392,14.75,0.7039,0.9286
White_40X_1.TIF,Mucor,40,105.0,11.5624,72.0,0.2545,0.5555
White_40X_1.TIF,Mucor,40,4.375,2.3602,9.0,0.6787,1.0448
White_40X_1.TIF,Mucor,40,73.5625,9.6779,70.75,0.1847,0.485
White_40X_1.TIF,Mucor,40,26.8125,5.8428,32.0,0.329,0.6886
White_40X_1.TIF,Mucor,40,4.8125,2.4754,8.5,0.837,1.0548
White_40X_1.TIF,Mucor,40,41.4375,7.2636,39.0,0.3424,0.7768
White_40X_1.TIF,Mucor,40,21.125,5.1862,30.0,0.295,0.5518
White_40X_1.TIF,Mucor,40,7.1875,3.0251,10.75,0.7816,1.122
White_40X_1.TIF,Mucor,40,20.25,5.0777,24.25,0.4327,0.6701
White_40X_1.TIF,Mucor,40,11.9375,3.8986,14.75,0.6895,0.955
White_40X_1.TIF,Mucor,40,134.875,13.1045,69.25,0.3534,0.663
White_40X_1.TIF,Mucor,40,34.6875,6.6457,34.75,0.361,0.6383
White_40X_1.TIF,Mucor,40,6.4375,2.8629,12.0,0.5618,0.9279
White_40X_1.TIF,Mucor,40,3.25,2.0342,7.0,0.8335,1.1818
White_40X_1.TIF,Mucor,40,11.0625,3.753,16.75,0.4955,0.7832
White_40X_1.TIF,Mucor,40,7.3125,3.0513,9.75,0.9666,1.1143
White_40X_1.TIF,Mucor,40,4.25,2.3262,8.5,0.7392,1.124
White_40X_1.TIF,Mucor,40,17.8125,4.7623,17.5,0.7309,0.9019
White_40X_1.TIF,Mucor,40,5.1875,2.57,10.0,0.6519,0.9274
White_40X_1.TIF,Mucor,40,5.0625,2.5389,8.75,0.8309,1.0946
White_40X_1.TIF,Mucor,40,5.3125,2.6008,8.5,0.924,1.1039
White_40X_1.TIF,Mucor,40,8.75,3.3378,13.0,0.6506,0.8833
White_40X_1.TIF,Mucor,40,162.5,14.3841,90.0,0.2521,0.5293
White_40X_1.TIF,Mucor,40,25.6875,5.7189,19.75,0.8276,0.9236
White_40X_1.TIF,Mucor,40,6.3125,2.835,10.75,0.6864,1.1609
White_40X_1.TIF,Mucor,40,5.125,2.5545,9.25,0.7527,1.0513
White_40X_1.TIF,Mucor,40,5.3125,2.6008,8.75,0.872,1.1486
White_40X_1.TIF,Mucor,40,41.25,7.2471,51.75,0.1936,0.5656
White_40X_1.TIF,Mucor,40,8.0,3.1915,10.75,0.8699,1.0756
White_40X_1.TIF,Mucor,40,40.9375,7.2196,24.75,0.8398,0.9541
White_40X_1.TIF,Mucor,40,13.5,4.1459,15.75,0.6839,0.9371
White_40X_1.TIF,Mucor,40,45.125,7.5799,48.5,0.2411,0.5778
White_40X_1.TIF,Mucor,40,5.6875,2.691,8.5,0.9892,1.2297
White_40X_1.TIF,Mucor,40,21.1875,5.1939,23.5,0.4821,0.767
White_40X_1.TIF,Mucor,40,2703.375,58.6689,820.0,0.0505,0.4887
White_40X_1.TIF,Mucor,40,50.9375,8.0533,44.75,0.3196,0.5855
White_40X_1.TIF,Mucor,40,35.3125,6.7053,36.0,0.3424,0.6069
White_40X_1.TIF,Mucor,40,25.5625,5.705,21.25,0.7114,0.9359
White_40X_1.TIF,Mucor,40,18.875,4.9023,17.0,0.8207,1.0378
White_40X_1.TIF,Mucor,40,6.875,2.9586,10.75,0.7476,1.0092
White_40X_1.TIF,Mucor,40,159.9375,14.2702,73.75,0.3695,0.6976
White_40X_1.TIF,Mucor,40,27.625,5.9307,24.75,0.5667,0.8411
White_40X_1.TIF,Mucor,40,50.75,8.0385,45.75,0.3047,0.6071
White_40X_1.TIF,Mucor,40,36.875,6.8521,34.5,0.3893,0.6431
White_40X_1.TIF,Mucor,40,10.25,3.6126,12.25,0.8583,1.0155
White_40X_1.TIF,Mucor,40,6.3125,2.835,10.5,0.7195,0.9665
White_40X_1.TIF,Mucor,40,5.1875,2.57,9.0,0.8048,1.0375
White_40X_1.TIF,Mucor,40,4.0625,2.2743,7.75,0.85,1.0656
White_40X_1.TIF,Mucor,40,23.0625,5.4189,29.25,0.3387,0.6039
White_40X_1.TIF,Mucor,40,24.0625,5.5351,22.75,0.5842,0.9601
White_40X_1.TIF,Mucor,40,3.125,1.9947,6.0,1.0908,1.2821
White_40X_1.TIF,Mucor,40,169.375,14.6852,78.0,0.3498,0.7065
White_40X_1.TIF,Mucor,40,9.625,3.5007,12.75,0.744,0.9716
White_40X_1.TIF,Mucor,40,15.75,4.4781,18.0,0.6109,0.9421
White_40X_1.TIF,Mucor,40,9.5625,3.4893,13.25,0.6845,0.9474
White_40X_1.TIF,Mucor,40,4.0625,2.2743,7.5,0.9076,1.1504
White_40X_1.TIF,Mucor,40,134.75,13.0984,103.75,0.1573,0.3714
White_40X_1.TIF,Mucor,40,178.75,15.0861,125.0,0.1438,0.3956
White_40X_1.TIF,Mucor,40,6.375,2.849,10.75,0.6932,1.0049
White_40X_1.TIF,Mucor,40,5.5625,2.6613,11.75,0.5063,1.023
White_40X_1.TIF,Mucor,40,8.0,3.1915,10.5,0.9118,1.024
White_40X_1.TIF,Mucor,40,16.5625,4.5922,19.0,0.5765,0.8399
White_40X_1.TIF,Mucor,40,46.375,7.6842,41.25,0.3425,0.6782
White_40X_1.TIF,Mucor,40,54.0625,8.2967,41.0,0.4041,0.7263
White_40X_1.TIF,Mucor,40,19.3125,4.9588,22.5,0.4794,0.8284
White_40X_1.TIF,Mucor,40,73.625,9.6821,58.5,0.2703,0.5512
White_40X_1.TIF,Mucor,40,17.4375,4.7119,20.75,0.5089,0.8267
White_40X_1.TIF,Mucor,40,49.9375,7.9739,60.0,0.1743,0.4733
White_40X_1.TIF,Mucor,40,106.1875,11.6276,90.0,0.1647,0.5485
White_40X_1.TIF,Mucor,40,7.3125,3.0513,9.5,1.0182,1.0884
White_40X_1.TIF,Mucor,40,9.0625,3.3969,12.25,0.7589,1.1647
White_40X_1.TIF,Mucor,40,9.3125,3.4434,12.75,0.7199,1.0383
White_40X_1.TIF,Mucor,40,20.125,5.062,20.5,0.6018,0.9429
White_40X_1.TIF,Mucor,40,9.5,3.4779,11.75,0.8647,1.0519
White_40X_1.TIF,Mucor,40,13.0,4.0684,15.75,0.6586,0.9063
White_40X_1.TIF,Mucor,40,4.375,2.3602,7.5,0.9774,1.1475
White_40X_1.TIF,Mucor,40,7.1875,3.0251,12.75,0.5556,1.055
White_40X_1.TIF,Mucor,40,83.0625,10.2839,55.25,0.3419,0.7132
White_40X_1.TIF,Mucor,40,7.875,3.1665,10.75,0.8563,1.0909
White_40X_1.TIF,Mucor,40,84.9375,10.3993,78.5,0.1732,0.4002
White_40X_1.TIF,Mucor,40,17.375,4.7035,24.25,0.3713,0.7211
White_40X_1.TIF,Mucor,40,19.5625,4.9908,25.75,0.3707,0.6782
White_40X_1.TIF,Mucor,40,3.6875,2.1668,9.0,0.5721,1.0536
White_40X_1.TIF,Mucor,40,70.9375,9.5037,47.5,0.3951,0.7138
White_40X_1.TIF,Mucor,40,3054.1875,62.3595,700.75,0.0782,0.52
White_40X_1.TIF,Mucor,40,148.4375,13.7476,132.25,0.1067,0.4191
White_40X_1.TIF,Mucor,40,113.1875,12.0048,74.75,0.2546,0.5767
White_40X_1.TIF,Mucor,40,7.125,3.0119,12.5,0.573,0.8941
White_40X_1.TIF,Mucor,40,4.9375,2.5073,9.0,0.766,1.0676
White_40X_1.TIF,Mucor,40,45.0625,7.5747,39.5,0.3629,0.5969
White_40X_1.TIF,Mucor,40,12.8125,4.039,15.75,0.6491,0.9234
White_40X_1.TIF,Mucor,40,13.5625,4.1555,16.0,0.6657,0.9004
White_40X_1.TIF,Mucor,40,50.875,8.0484,37.75,0.4486,0.6934
White_40X_1.TIF,Mucor,40,4.5625,2.4102,7.25,1.0908,1.2066
White_40X_1.TIF,Mucor,40,15.4375,4.4335,19.0,0.5374,0.9098
White_40X_1.TIF,Mucor,40,67.5625,9.2749,54.5,0.2858,0.5332
White_40X_1.TIF,Mucor,40,10.8125,3.7104,13.25,0.7739,1.0087
White_40X_1.TIF,Mucor,40,4.625,2.4267,10.0,0.5812,0.9737
White_40X_1.TIF,Mucor,40,35.0625,6.6815,30.5,0.4736,0.744
White_40X_1.TIF,Mucor,40,9.25,3.4318,11.25,0.9184,1.0314
White_40X_1.TIF,Mucor,40,42.375,7.3453,34.25,0.4539,0.7314
White_40X_1.TIF,Mucor,40,25.75,5.7259,25.0,0.5177,0.9493
White_40X_1.TIF,Mucor,40,33.5,6.531,32.25,0.4048,0.7025
White_40X_1.TIF,Mucor,40,11.5,3.8265,17.75,0.4587,0.8326
White_40X_1.TIF,Mucor,40,17.0,4.6524,21.25,0.4731,0.8608
White_40X_1.TIF,Mucor,40,77.25,9.9175,54.25,0.3298,0.6583
White_40X_1.TIF,Mucor,40,172.0625,14.8012,102.25,0.2068,0.5523
White_40X_1.TIF,Mucor,40,42.25,7.3345,32.25,0.5105,0.7784
White_40X_1.TIF,Mucor,40,14.8125,4.3428,15.0,0.8273,0.9693
White_40X_1.TIF,Mucor,40,6.75,2.9316,10.0,0.8482,1.0964
White_40X_1.TIF,Mucor,40,14.75,4.3336,15.5,0.7715,0.9147
White_40X_1.TIF,Mucor,40,3.1875,2.0146,7.25,0.7621,1.4366
White_40X_1.TIF,Mucor,40,285.0,19.0492,123.75,0.2339,0.6173
White_40X_1.TIF,Mucor,40,101.4375,11.3646,96.0,0.1383,0.3275
White_40X_1.TIF,Mucor,40,13.875,4.2031,22.75,0.3369,0.6158
White_40X_1.TIF,Mucor,40,143.625,13.5229,76.0,0.3125,0.6525
White_40X_1.TIF,Mucor,40,7.1875,3.0251,10.0,0.9032,1.133
White_40X_1.TIF,Mucor,40,9.625,3.5007,17.25,0.4065,0.8725
White_40X_1.TIF,Mucor,40,16.6875,4.6095,17.0,0.7256,0.9639
White_40X_1.TIF,Mucor,40,4.875,2.4914,10.0,0.6126,1.0
White_40X_1.TIF,Mucor,40,3.8125,2.2032,7.25,0.9115,1.1091
White_40X_1.TIF,Mucor,40,14.375,4.2782,17.0,0.6251,0.92
White_40X_1.TIF,Mucor,40,19.9375,5.0384,16.25,0.9488,1.0257
White_40X_1.TIF,Mucor,40,5.0,2.5231,10.5,0.5699,1.0256
White_40X_1.TIF,Mucor,40,6.6875,2.918,10.0,0.8404,1.0974
White_40X_1.TIF,Mucor,40,24.1875,5.5495,19.75,0.7792,0.9736
White_40X_1.TIF,Mucor,40,4.5625,2.4102,8.75,0.7489,1.1406
White_40X_1.TIF,Mucor,40,6.9375,2.9721,11.75,0.6314,1.2265
White_40X_1.TIF,Mucor,40,5.8125,2.7204,9.5,0.8093,0.9738
White_40X_1.TIF,Mucor,40,26.8125,5.8428,22.75,0.651,0.9408
White_40X_1.TIF,Mucor,40,7.5,3.0902,13.5,0.5171,0.7571
White_40X_1.TIF,Mucor,40,115.3125,12.1169,61.5,0.3831,0.6798
White_40X_1.TIF,Mucor,40,4.0,2.2568,8.0,0.7854,1.1743
White_40X_1.TIF,Mucor,40,7.625,3.1158,10.0,0.9582,1.0942
White_40X_1.TIF,Mucor,40,103.125,11.4587,59.0,0.3723,0.7304
White_40X_1.TIF,Mucor,40,8.1875,3.2287,11.75,0.7452,1.0234
White_40X_1.TIF,Mucor,40,111.0,11.8882,67.0,0.3107,0.6034
White_40X_1.TIF,Mucor,40,26.1875,5.7743,28.75,0.3981,0.979
White_40X_1.TIF,Mucor,40,24.25,5.5566,27.75,0.3957,0.7165
White_40X_1.TIF,Mucor,40,3.25,2.0342,6.0,1.1345,1.1954
White_40X_1.TIF,Mucor,40,3.3125,2.0537,6.75,0.9136,1.2471
White_40X_1.TIF,Mucor,40,36.9375,6.8579,39.5,0.2975,0.6261
White_40X_1.TIF,Mucor,40,133.0625,13.0162,87.5,0.2184,0.5065
White_40X_1.TIF,Mucor,40,8.125,3.2164,10.75,0.8835,1.1064
White_40X_1.TIF,Mucor,40,6.125,2.7926,9.25,0.8996,1.1073
White_40X_1.TIF,Mucor,40,5.875,2.735,9.0,0.9114,1.0444
White_40X_1.TIF,Mucor,40,7.0,2.9854,12.0,0.6109,1.0045
White_40X_1.TIF,Mucor,40,10.25,3.6126,12.75,0.7923,1.1349
White_40X_1.TIF,Mucor,40,587.125,27.3414,343.25,0.0626,0.3726
White_40X_1.TIF,Mucor,40,52.875,8.205,41.0,0.3953,0.7062
White_40X_1.TIF,Mucor,40,4.25,2.3262,7.5,0.9495,1.2035
White_40X_1.TIF,Mucor,40,10.75,3.6996,13.75,0.7145,0.9529
White_40X_1.TIF,Mucor,40,39.0,7.0467,31.5,0.4939,0.7879
White_40X_1.TIF,Mucor,40,13.0,4.0684,15.25,0.7024,0.9674
White_40X_1.TIF,Mucor,40,336.1875,20.6893,146.75,0.1962,0.6821
White_40X_1.TIF,Mucor,40,17.75,4.7539,23.25,0.4126,0.6574
White_40X_1.TIF,Mucor,40,38.0625,6.9615,50.5,0.1876,0.4251
White_40X_1.TIF,Mucor,40,375.625,21.8692,173.25,0.1573,0.5876
White_40X_1.TIF,Mucor,40,15.9375,4.5047,19.5,0.5267,0.948
White_40X_1.TIF,Mucor,40,13.25,4.1074,14.5,0.7919,0.977
White_40X_1.TIF,Mucor,40,6.125,2.7926,10.5,0.6981,0.9899
White_40X_1.TIF,Mucor,40,16.3125,4.5574,21.5,0.4435,0.8339
White_40X_1.TIF,Mucor,40,166.5,14.56,125.25,0.1334,0.4685
White_40X_1.TIF,Mucor,40,5.125,2.5545,8.75,0.8412,1.0513
White_40X_1.TIF,Mucor,40,6.0,2.764,13.25,0.4295,1.0608
White_40X_1.TIF,Mucor,40,5.75,2.7058,7.75,1.203,1.1795
White_40X_1.TIF,Mucor,40,7.4375,3.0773,10.0,0.9346,1.0769
White_40X_1.TIF,Mucor,40,359.5625,21.3965,283.0,0.0564,0.3389
White_40X_1.TIF,Mucor,40,7.3125,3.0513,14.0,0.4688,0.8069
White_40X_1.TIF,Mucor,40,28.6875,6.0437,36.75,0.2669,0.5847
White_40X_1.TIF,Mucor,40,27.9375,5.9642,32.5,0.3324,0.7334
White_40X_1.TIF,Mucor,40,52.3125,8.1613,37.75,0.4613,0.746
White_40X_1.TIF,Mucor,40,109.375,11.8009,98.0,0.1431,0.456
White_40X_1.TIF,Mucor,40,7.1875,3.0251,11.5,0.683,0.9504
White_40X_1.TIF,Mucor,40,7.0,2.9854,9.25,1.0281,1.0927
White_40X_1.TIF,Mucor,40,3.8125,2.2032,6.5,1.1339,1.22
White_40X_1.TIF,Mucor,40,115.1875,12.1104,81.0,0.2206,0.5375
White_40X_1.TIF,Mucor,40,3.9375,2.2391,8.75,0.6463,1.4157
White_40X_1.TIF,Mucor,40,78.125,9.9736,56.5,0.3075,0.7334
White_40X_1.TIF,Mucor,40,7.4375,3.0773,10.5,0.8477,1.0128
White_40X_1.TIF,Mucor,40,5.625,2.6762,9.5,0.7832,1.0651
White_40X_1.TIF,Mucor,40,4.3125,2.3433,8.5,0.7501,0.9583
White_40X_1.TIF,Mucor,40,7.5,3.0902,10.75,0.8156,1.0959
White_40X_1.TIF,Mucor,40,104.0,11.5073,77.75,0.2162,0.5095
White_40X_1.TIF,Mucor,40,3.3125,2.0537,6.25,1.0656,1.2184
White_40X_1.TIF,Mucor,40,78.0625,9.9696,76.0,0.1698,0.4905
White_40X_1.TIF,Mucor,40,3.9375,2.2391,6.75,1.086,1.2475
White_40X_1.TIF,Mucor,40,14.6875,4.3244,27.0,0.2532,0.6447
White_40X_1.TIF,Mucor,40,9.5625,3.4893,12.75,0.7392,0.9714
White_40X_1.TIF,Mucor,40,29.1875,6.0961,22.75,0.7087,0.8998
White_40X_1.TIF,Mucor,40,11.25,3.7847,16.0,0.5522,0.8471
White_40X_1.TIF,Mucor,40,59.4375,8.6993,53.75,0.2585,0.6383
White_40X_1.TIF,Mucor,40,6.5625,2.8906,9.25,0.9638,1.0769
White_40X_1.TIF,Mucor,40,37.3125,6.8926,38.25,0.3205,0.5929
White_40X_1.TIF,Mucor,40,4.75,2.4592,7.75,0.9938,1.1875
White_40X_1.TIF,Mucor,40,13.8125,4.1936,20.5,0.413,0.8822
White_40X_1.TIF,Mucor,40,20.8125,5.1477,18.75,0.7439,0.9823
White_40X_1.TIF,Mucor,40,170.375,14.7285,132.25,0.1224,0.5113
White_40X_1.TIF,Mucor,40,269.5625,18.5261,188.5,0.0953,0.3939
White_40X_1.TIF,Mucor,40,12.5,3.9894,17.5,0.5129,0.8658
White_40X_1.TIF,Mucor,40,5.9375,2.7495,13.25,0.425,0.795
White_40X_1.TIF,Mucor,40,4.6875,2.443,10.0,0.589,0.8824
White_40X_1.TIF,Mucor,40,22.125,5.3076,24.5,0.4632,0.7928
White_40X_1.TIF,Mucor,40,7.25,3.0383,11.75,0.6599,1.045
White_40X_1.TIF,Mucor,40,23.0625,5.4189,20.0,0.7245,0.9111
White_40X_1.TIF,Mucor,40,10.625,3.6781,13.75,0.7062,0.9315
White_40X_1.TIF,Mucor,40,3.125,1.9947,6.0,1.0908,1.3158
White_40X_1.TIF,Mucor,40,145.5,13.6109,80.75,0.2804,0.6879
White_40X_1.TIF,Mucor,40,5.5,2.6463,9.5,0.7658,1.0667
White_40X_1.TIF,Mucor,40,39.5625,7.0974,27.5,0.6574,0.8683
White_40X_1.TIF,Mucor,40,4.625,2.4267,8.25,0.8539,1.0803
White_40X_1.TIF,Mucor,40,13.1875,4.0977,23.25,0.3066,0.5927
White_40X_1.TIF,Mucor,40,33.125,6.4943,31.25,0.4263,0.6596
White_40X_1.TIF,Mucor,40,3.3125,2.0537,6.25,1.0656,1.3418
White_40X_1.TIF,Mucor,40,3.875,2.2212,8.0,0.7609,1.181
White_40X_1.TIF,Mucor,40,317.375,20.1021,175.0,0.1302,0.5573
White_40X_1.TIF,Mucor,40,8.8125,3.3497,11.0,0.9152,1.0522
White_40X_1.TIF,Mucor,40,3.3125,2.0537,6.25,1.0656,1.2045
White_40X_1.TIF,Mucor,40,6.5625,2.8906,10.5,0.748,1.05
White_40X_1.TIF,Mucor,40,21.375,5.2168,27.75,0.3488,0.6987
White_40X_1.TIF,Mucor,40,3.875,2.2212,6.0,1.3526,1.2525
White_40X_1.TIF,Mucor,40,233.5,17.2424,83.75,0.4183,0.7218
White_40X_1.TIF,Mucor,40,10.5625,3.6672,16.0,0.5185,0.8204
White_40X_1.TIF,Mucor,40,22.25,5.3226,23.5,0.5063,0.7378
White_40X_1.TIF,Mucor,40,7.9375,3.179,11.5,0.7542,1.0948
White_40X_1.TIF,Mucor,40,3.125,1.9947,5.75,1.1877,1.2821
White_40X_1.TIF,Mucor,40,8.5625,3.3018,11.75,0.7794,1.0224
White_40X_1.TIF,Mucor,40,281.9375,18.9466,177.75,0.1121,0.5269
White_40X_1.TIF,Mucor,40,6555.8125,91.3626,1561.0,0.0338,0.5292
White_40X_1.TIF,Mucor,40,23.1875,5.4335,20.5,0.6934,0.9149
White_40X_1.TIF,Mucor,40,15.5,4.4424,17.0,0.674,0.8763
White_40X_1.TIF,Mucor,40,7.625,3.1158,11.0,0.7919,1.0749
White_40X_1.TIF,Mucor,40,6.6875,2.918,9.0,1.0375,1.1758
White_40X_1.TIF,Mucor,40,24.5,5.5852,28.25,0.3858,0.6348
White_40X_1.TIF,Mucor,40,15.0625,4.3793,25.0,0.3028,0.5878
White_40X_1.TIF,Mucor,40,316.0625,20.0605,168.75,0.1395,0.4979
White_40X_1.TIF,Mucor,40,6.5,2.8768,12.5,0.5228,0.9455
White_40X_1.TIF,Mucor,40,24.9375,5.6348,22.75,0.6055,0.8997
White_40X_1.TIF,Mucor,40,8.25,3.241,12.5,0.6635,1.0864
White_40X_1.TIF,Mucor,40,7.4375,3.0773,11.75,0.677,0.9154
White_40X_1.TIF,Mucor,40,3.5625,2.1298,6.25,1.1461,1.2258
White_40X_1.TIF,Mucor,40,10.375,3.6345,14.0,0.6652,0.8601
White_40X_1.TIF,Mucor,40,15.0,4.3702,23.0,0.3563,0.6115
White_40X_1.TIF,Mucor,40,25.3125,5.677,27.75,0.4131,0.75
White_40X_1.TIF,Mucor,40,29.5625,6.1352,36.25,0.2827,0.5555
White_40X_1.TIF,Mucor,40,31.4375,6.3267,30.0,0.439,0.7553
White_40X_1.TIF,Mucor,40,6.1875,2.8068,10.75,0.6728,0.9209
White_40X_1.TIF,Mucor,40,3.4375,2.0921,6.75,0.9481,1.3415
White_40X_1.TIF,Mucor,40,11.9375,3.8986,15.25,0.645,1.0466
White_40X_1.TIF,Mucor,40,4.875,2.4914,7.25,1.1655,1.1729
White_40X_1.TIF,Mucor,40,8.0,3.1915,12.75,0.6184,0.9884
White_40X_1.TIF,Mucor,40,29.25,6.1026,23.5,0.6656,0.8715
White_40X_1.TIF,Mucor,40,10.5625,3.6672,14.5,0.6313,0.916
White_40X_1.TIF,Mucor,40,6.25,2.8209,10.0,0.7854,1.0152
White_40X_1.TIF,Mucor,40,26.3125,5.7881,23.75,0.5862,0.8151
White_40X_1.TIF,Mucor,40,11.5,3.8265,16.0,0.5645,0.934
White_40X_1.TIF,Mucor,40,55.5,8.4062,35.5,0.5534,0.8268
White_40X_1.TIF,Mucor,40,4.375,2.3602,7.25,1.046,1.1475
White_40X_1.TIF,Mucor,40,97.6875,11.1526,78.5,0.1992,0.4739
White_40X_1.TIF,Mucor,40,7.625,3.1158,10.75,0.8291,1.0252
White_40X_1.TIF,Mucor,40,3.875,2.2212,7.0,0.9938,1.1923
White_40X_1.TIF,Mucor,40,7.4375,3.0773,9.75,0.9832,1.0917
White_40X_1.TIF,Mucor,40,4.6875,2.443,9.25,0.6884,0.974
White_40X_1.TIF,Mucor,40,11.1875,3.7742,18.75,0.3999,1.0407
White_40X_1.TIF,Mucor,40,5.3125,2.6008,8.75,0.872,1.1644
White_40X_1.TIF,Mucor,40,9.875,3.5459,15.0,0.5515,0.8041
White_40X_1.TIF,Mucor,40,6.25,2.8209,9.5,0.8702,1.0929
White_40X_1.TIF,Mucor,40,50.9375,8.0533,43.5,0.3383,0.6567
White_40X_1.TIF,Mucor,40,17.875,4.7707,21.5,0.4859,0.7868
White_40X_1.TIF,Mucor,40,4.125,2.2917,8.0,0.8099,1.1892
White_40X_1.TIF,Mucor,40,7.0,2.9854,9.5,0.9747,1.1371
White_40X_1.TIF,Mucor,40,5.9375,2.7495,11.0,0.6166,0.9645
White_40X_1.TIF,Mucor,40,68.75,9.356,79.75,0.1358,0.4122
White_40X_1.TIF,Mucor,40,6.25,2.8209,9.5,0.8702,1.0363
White_40X_1.TIF,Mucor,40,31.0,6.2825,27.25,0.5246,0.7596
White_40X_1.TIF,Mucor,40,5.6875,2.691,9.0,0.8824,1.0225
White_40X_1.TIF,Mucor,40,9.8125,3.5346,16.5,0.4529,0.8329
White_40X_1.TIF,Mucor,40,61.4375,8.8445,59.0,0.2218,0.5268
White_40X_1.TIF,Mucor,40,5.9375,2.7495,8.75,0.9745,1.1176
White_40X_1.TIF,Mucor,40,8.875,3.3615,12.25,0.7432,1.0143
White_40X_1.TIF,Mucor,40,5.3125,2.6008,11.25,0.5275,1.1111
White_40X_1.TIF,Mucor,40,3.875,2.2212,9.0,0.6012,1.0508
White_40X_1.TIF,Mucor,40,15.0,4.3702,17.0,0.6522,0.9178
White_40X_1.TIF,Mucor,40,14.375,4.2782,16.75,0.6439,0.9109
White_40X_1.TIF,Mucor,40,6.875,2.9586,13.0,0.5112,0.856
White_40X_1.TIF,Mucor,40,36.25,6.7937,35.5,0.3615,0.695
White_40X_1.TIF,Mucor,40,6.875,2.9586,11.75,0.6258,0.9955
White_40X_1.TIF,Mucor,40,30.375,6.2189,25.75,0.5757,0.8534
White_40X_1.TIF,Mucor,40,4.375,2.3602,7.0,1.122,1.25
White_40X_1.TIF,Mucor,40,36.9375,6.8579,28.0,0.5921,0.8283
White_40X_1.TIF,Mucor,40,25.4375,5.691,32.25,0.3073,0.5572
White_40X_1.TIF,Mucor,40,19.6875,5.0067,23.25,0.4577,0.8502
White_40X_1.TIF,Mucor,40,359.5625,21.3965,165.75,0.1645,0.5496
White_40X_1.TIF,Mucor,40,71.0625,9.5121,39.5,0.5723,0.8526
White_40X_1.TIF,Mucor,40,28.5625,6.0305,21.5,0.7765,0.9713
White_40X_1.TIF,Mucor,40,24.125,5.5423,26.0,0.4485,0.9392
White_40X_1.TIF,Mucor,40,7.5625,3.103,9.75,0.9997,1.0661
White_40X_1.TIF,Mucor,40,8.375,3.2655,12.5,0.6736,0.8401
White_40X_1.TIF,Mucor,40,11.25,3.7847,13.0,0.8365,0.9945
White_40X_1.TIF,Mucor,40,93.5,10.9109,61.0,0.3158,0.7631
White_40X_1.TIF,Mucor,40,9.75,3.5234,11.25,0.9681,1.0505
White_40X_1.TIF,Mucor,40,6.875,2.9586,10.0,0.8639,1.1579
White_40X_1.TIF,Mucor,40,3.6875,2.1668,6.25,1.1863,1.1456
White_40X_1.TIF,Mucor,40,553.125,26.5379,192.25,0.1881,0.5562
White_40X_1.TIF,Mucor,40,14.3125,4.2689,18.5,0.5255,1.0223
White_40X_1.TIF,Mucor,40,25.4375,5.691,23.75,0.5667,0.8479
White_40X_1.TIF,Mucor,40,3.8125,2.2032,7.0,0.9777,1.1193
White_40X_1.TIF,Mucor,40,195.375,15.7721,91.25,0.2949,0.7041
White_40X_1.TIF,Mucor,40,86.75,10.5097,55.75,0.3507,0.6426
White_40X_1.TIF,Mucor,40,175.875,14.9643,63.5,0.5481,0.8696
White_40X_1.TIF,Mucor,40,8.5625,3.3018,11.25,0.8502,0.9614
White_40X_1.TIF,Mucor,40,4.9375,2.5073,7.75,1.033,1.1791
White_40X_1.TIF,Mucor,40,19.5,4.9828,28.0,0.3126,0.5445
White_40X_1.TIF,Mucor,40,4.625,2.4267,7.25,1.1057,1.184
White_40X_1.TIF,Mucor,40,15.625,4.4603,15.25,0.8443,1.1086
White_40X_1.TIF,Mucor,40,5.375,2.616,9.25,0.7894,0.9829
White_40X_1.TIF,Mucor,40,3.3125,2.0537,6.5,0.9852,1.1778
