{"scale":{"points_px":[[709.5,1765.4999999999995],[3603.5,1779.4999999999995]],"distance_mm":3,"pixel_size_um":1.0366153756488212},"source_ellipse":{"center_px":[4461.3804878048777,1352.3902439024378],"width_px":2208.034072720317,"height_px":2540.4220563314,"angle_deg":0},"image":{"reference_file":"0m00s.jpg","width_px":3936,"height_px":2624},"metadata":{"created_by":"MATLAB calibration_tool.m","scale_image":"(DO NOT CELLPOSE).jpg"}}