{"scale":{"points_px":[[501.49999999999989,1471.4999999999995],[3429.5,1623.4999999999995]],"distance_mm":3,"pixel_size_um":1.0232123565431746},"source_ellipse":{"center_px":[4314.9658536585366,1443.2682926829275],"width_px":2507.8148382531213,"height_px":2428.7418557124356,"angle_deg":0},"image":{"reference_file":"00m00s.jpg","width_px":3936,"height_px":2624},"metadata":{"created_by":"MATLAB calibration_tool.m","scale_image":"(DO NOT CELLPOSE).jpg"}}