{"scale":{"points_px":[[523.5,1923.4999999999995],[3459.5,1939.4999999999995]],"distance_mm":3,"pixel_size_um":1.0217831927535788},"source_ellipse":{"center_px":[4279.6243902439019,1392.7804878048773],"width_px":2702.6124245945571,"height_px":2582.1637789775127,"angle_deg":0},"image":{"reference_file":"00m00s.jpg","width_px":3936,"height_px":2624},"metadata":{"created_by":"MATLAB calibration_tool.m","scale_image":"(DO NOT CELLPOSE).jpg"}}