{
  "scale": {
    "points_px": [
      [
        970,
        1699.7083282470703
      ],
      [
        3625,
        1697.2083282470703
      ]
    ],
    "distance_mm": 3,
    "pixel_size_um": 1.1299430018944325
  },
  "source_ellipse": {
    "center_px": [
      3932.5,
      1380.708351135254
    ],
    "width_px": 1765,
    "height_px": 2180,
    "angle_deg": 0
  },
  "image": {
    "reference_file": "15m00s.jpg",
    "width_px": 3936,
    "height_px": 2624
  },
  "metadata": {
    "created_by": "calibrate_hydrogel.html"
  }
}