{"scale":{"points_px":[[681.5,1831.4999999999995],[3621.5,1905.4999999999995]],"distance_mm":3,"pixel_size_um":1.0200850859893242},"source_ellipse":{"center_px":[4355.3560975609753,1372.585365853658],"width_px":2497.7172978232215,"height_px":2429.1315774341692,"angle_deg":0},"image":{"reference_file":"00m00s.jpg","width_px":3936,"height_px":2624},"metadata":{"created_by":"MATLAB calibration_tool.m","scale_image":"(DO NOT CELLPOSE).jpg"}}