{"scale":{"points_px":[[901.49999999999989,477.49999999999949],[3607.5,483.49999999999955]],"distance_mm":3,"pixel_size_um":1.1086447248455951},"source_boundary":{"polygon_x":[4024.0795176220713,4022.4277853015456,4017.7207880856176,4007.235100409142,3991.397532113569,3977.86156069889,3968.0657249300825,3958.6483744868033,3947.7448353809064,3936.4031351860303,3926.4600254250163,3917.7148485216644,3909.2700409578429,3900.8245588166292,3892.6793896753375,3885.5815323339366,3879.3580730321346,3872.2586441929561,3864.1103281159303,3855.8106241179594,3848.3350397859908,3842.4946304819382,3837.915836736136,3833.5729378483461,3828.9919888158338,3823.4482826816743,3817.4657923488571,3812.0561986783696,3806.3582247845316,3800.3718170450093,3795.2591620325561,3790.6049939573345,3785.4893470639995,3779.1959383667709,3772.4409403502796,3765.9937003665827,3760.0463685139202,3753.5955890960677,3746.5324975346912,3738.7289069938133,3730.3993451062593,3722.218296896538,3715.0832564553093,3708.9718101066233,3702.8081188592373,3697.2303653925269,3692.7625420890367,3689.2039877485277,3686.8193827575292,3684.8924822733488,3682.5033639351691,3678.9357940013942,3674.755491814728,3670.2078427040451,3665.0474812453272,3659.1602338558532,3654.3829013305553,3651.2256010137685,3647.2550828230997,3641.5097929922854,3635.8990639281478,3631.248006312609,3626.8320421701824,3622.4783802942266,3618.0589835398032,3613.7020970233557,3609.2797034601113,3604.619051301298,3598.9956219022283,3592.9335880045214,3587.4448416947776,3581.818836887373,3576.278759952264,3571.6775945880331,3567.486135166911,3564.083487397209,3560.2435605823543,3555.6795073348421,3551.7544390179391,3547.8527545819852,3543.7933955106769,3540.1955151985089,3537.4745910671068,3534.4686550685146,3531.1779858475638,3528.4640913633648,3525.3155273829711,3521.208562642315,3516.8681501594347,3512.4674680320859,3508.1349515585243,3503.5922560206773,3498.7448107949717,3493.9247338569708,3490.0491844637663,3486.2015950249788,3482.0504374963584,3477.6908689692,3473.4018154518508,3469.055416066491,3464.9305837379529,3461.4234661671685,3458.7990177547181,3455.8952399700456,3452.8628733039304,3451.0873863637967,3449.6938222524927,3447.1242496974692,3444.1258823718726,3442.5356628534964,3442.1531122602787,3441.9303245103442,3441.1928931483694,3439.7263511899741,3437.6589281392917,3435.0995132469548,3433.0514689150582,3431.6236506172445,3430.5823170731705,3428.8610022597677,3426.2984133878249,3424.120461850267,3422.2848139364905,3420.1717041376278,3417.5878315884993,3415.5351889971953,3413.8200634942655,3411.8218703380639,3409.3465504619048,3407.3954079748319,3406.0751353137643,3405.5116498610096,3405.4880813242853,3405.3275534706049,3404.1301573489332,3402.0664013387809,3400.884268188177,3400.7543348677541,3400.9273364974683,3401.1001117012597,3401.2706263978653,3401.4369758578828,3401.5974019144792,3401.7503084504215,3401.8942750655224,3402.0280688512048,3402.1506542193315,3402.2612007510138,3402.6601058046576,3404.0939948466735,3406.3897995118864,3407.7972162071082,3408.1436077084736,3408.1764579077089,3408.1974421739146,3408.207416177167,3408.357931610904,3409.0237233323537,3410.1197347555162,3410.7723329825612,3410.8967449855886,3410.8682700120871,3410.83929955376,3410.8117964198732,3410.7877830742727,3410.7693208957321,3410.7584889322229,3410.6068539772041,3409.9429507046066,3408.8552220948145,3408.2207689945676,3408.1278778451447,3407.9037550092371,3406.6524737624281,3404.5483827906837,3403.1926152467786,3402.3856731848437,3401.467919064055,3400.7132439066459,3399.4616152698873,3397.3622416964749,3395.42163594688,3394.0362338365057,3393.4077938416685,3393.3215544228251,3393.4037435789182,3393.50352604216,3393.6205076384726,3393.7542300274,3393.9041743026341,3394.0697650341745,3394.250374707206,3394.5958368875281,3395.4789495451159,3397.1135352379051,3399.9727059787542,3405.5914066302093,3413.5952911029663,3422.0826732147834,3430.1049042747,3435.76028638759,3438.6744497934537,3440.382303242221,3441.3569094803493,3442.2635528587466,3445.047022946811,3451.6213327447063,3462.09455433275,3475.833144206179,3490.7070709944865,3504.4467265833855,3514.9221577063081,3521.6504845966665,3525.4145420185296,3528.6387283011582,3531.9971533963526,3534.9292321135686,3539.1208946069896,3546.207987928869,3555.9896284161518,3567.9192119568083,3580.8288163143707,3592.5859017055864,3599.8903411482656,3603.0932141242,3605.2298161620474,3609.3996698076221,3619.5997320984293,3636.40419909304,3655.693580226296,3674.9148319079086,3691.7711994563288,3701.886969496466,3706.243201683405,3709.7067538573588,3717.4147058115336,3732.0429644953324,3752.8754579880797,3776.8823978472305,3799.3592102191469,3818.0007636059245,3831.4388250471061,3840.2392644457932,3845.2997660530564,3847.7604690317607,3851.1948004095761,3860.2882949903856,3877.739198918578,3902.8591494906527,3930.8039028598587,3956.4729342202963,3978.0795522625581,3993.1989696039986,4001.4076132473633,4006.0780712316,4008.8828470097556,4010.0505018546392,4010.3921686177059,4010.5824060919681],